Company,Date,Sentiment_Mean,Sentiment_Count,Sentiment_Positive,Sentiment_Neutral,Sentiment_Negative,Ticker
Adani Enterprises Ltd.,2014-06-17,-1.0,2,0,0,2,ADANIENT
Adani Enterprises Ltd.,2014-07-28,0.0,1,0,1,0,ADANIENT
Adani Enterprises Ltd.,2014-07-29,0.0,1,0,1,0,ADANIENT
Adani Enterprises Ltd.,2014-08-26,0.0,1,0,1,0,ADANIENT
Adani Enterprises Ltd.,2014-11-17,-1.0,1,0,0,1,ADANIENT
Adani Enterprises Ltd.,2015-01-11,0.0,4,0,4,0,ADANIENT
Adani Enterprises Ltd.,2015-01-15,1.0,1,1,0,0,ADANIENT
Adani Enterprises Ltd.,2015-03-14,0.0,1,0,1,0,ADANIENT
Adani Enterprises Ltd.,2015-06-16,0.0,1,0,1,0,ADANIENT
Adani Enterprises Ltd.,2015-06-23,-1.0,1,0,0,1,ADANIENT
Adani Enterprises Ltd.,2015-06-24,0.0,1,0,1,0,ADANIENT
Adani Enterprises Ltd.,2015-08-05,-1.0,1,0,0,1,ADANIENT
Adani Enterprises Ltd.,2015-08-07,1.0,1,1,0,0,ADANIENT
Adani Enterprises Ltd.,2015-08-18,-1.0,1,0,0,1,ADANIENT
Adani Enterprises Ltd.,2015-08-19,-1.0,1,0,0,1,ADANIENT
Adani Enterprises Ltd.,2015-10-15,-1.0,1,0,0,1,ADANIENT
Adani Enterprises Ltd.,2015-10-20,0.0,1,0,1,0,ADANIENT
Adani Enterprises Ltd.,2015-12-08,0.0,1,0,1,0,ADANIENT
Adani Enterprises Ltd.,2015-12-09,-1.0,1,0,0,1,ADANIENT
Adani Enterprises Ltd.,2016-02-26,1.0,1,1,0,0,ADANIENT
Adani Enterprises Ltd.,2016-04-04,1.0,1,1,0,0,ADANIENT
Adani Enterprises Ltd.,2016-05-06,-1.0,1,0,0,1,ADANIENT
Adani Enterprises Ltd.,2016-05-20,1.0,1,1,0,0,ADANIENT
Adani Enterprises Ltd.,2016-05-28,0.0,1,0,1,0,ADANIENT
Adani Enterprises Ltd.,2016-06-10,1.0,2,2,0,0,ADANIENT
Adani Enterprises Ltd.,2016-07-19,-1.0,1,0,0,1,ADANIENT
Adani Enterprises Ltd.,2016-08-29,0.0,1,0,1,0,ADANIENT
Adani Enterprises Ltd.,2016-09-01,1.0,1,1,0,0,ADANIENT
Adani Enterprises Ltd.,2016-09-04,0.0,1,0,1,0,ADANIENT
Adani Enterprises Ltd.,2016-09-23,0.0,1,0,1,0,ADANIENT
Adani Enterprises Ltd.,2016-11-17,-1.0,1,0,0,1,ADANIENT
Adani Enterprises Ltd.,2016-11-25,1.0,1,1,0,0,ADANIENT
Adani Enterprises Ltd.,2016-11-26,0.0,1,0,1,0,ADANIENT
Adani Enterprises Ltd.,2016-12-05,0.0,1,0,1,0,ADANIENT
Adani Enterprises Ltd.,2017-01-26,0.0,1,0,1,0,ADANIENT
Adani Enterprises Ltd.,2017-02-14,1.0,1,1,0,0,ADANIENT
Adani Enterprises Ltd.,2017-03-16,0.0,1,0,1,0,ADANIENT
Adani Enterprises Ltd.,2017-03-22,1.0,2,2,0,0,ADANIENT
Adani Enterprises Ltd.,2017-04-05,1.0,1,1,0,0,ADANIENT
Adani Enterprises Ltd.,2017-05-31,0.0,1,0,1,0,ADANIENT
Adani Enterprises Ltd.,2017-06-06,-1.0,1,0,0,1,ADANIENT
Adani Enterprises Ltd.,2017-06-23,1.0,1,1,0,0,ADANIENT
Adani Enterprises Ltd.,2017-06-27,0.0,1,0,1,0,ADANIENT
Adani Enterprises Ltd.,2017-07-01,0.0,1,0,1,0,ADANIENT
Adani Enterprises Ltd.,2017-07-07,-1.0,1,0,0,1,ADANIENT
Adani Enterprises Ltd.,2017-07-15,0.0,1,0,1,0,ADANIENT
Adani Enterprises Ltd.,2017-08-15,0.0,1,0,1,0,ADANIENT
Adani Enterprises Ltd.,2017-08-19,0.0,1,0,1,0,ADANIENT
Adani Enterprises Ltd.,2017-08-20,0.0,1,0,1,0,ADANIENT
Adani Enterprises Ltd.,2017-08-21,1.0,1,1,0,0,ADANIENT
Adani Enterprises Ltd.,2017-08-25,0.0,1,0,1,0,ADANIENT
Adani Enterprises Ltd.,2017-09-05,0.0,1,0,1,0,ADANIENT
Adani Enterprises Ltd.,2017-10-07,0.0,1,0,1,0,ADANIENT
Adani Enterprises Ltd.,2017-10-18,1.0,1,1,0,0,ADANIENT
Adani Enterprises Ltd.,2017-11-30,0.0,1,0,1,0,ADANIENT
Adani Enterprises Ltd.,2018-02-04,0.0,1,0,1,0,ADANIENT
Adani Enterprises Ltd.,2018-02-05,0.0,1,0,1,0,ADANIENT
Adani Enterprises Ltd.,2018-03-11,0.0,1,0,1,0,ADANIENT
Adani Enterprises Ltd.,2018-04-18,-1.0,2,0,0,2,ADANIENT
Adani Enterprises Ltd.,2018-04-26,-1.0,1,0,0,1,ADANIENT
Adani Enterprises Ltd.,2018-07-08,0.0,1,0,1,0,ADANIENT
Adani Enterprises Ltd.,2018-08-02,0.0,1,0,1,0,ADANIENT
Adani Enterprises Ltd.,2018-08-17,0.0,1,0,1,0,ADANIENT
Adani Enterprises Ltd.,2018-08-22,0.0,1,0,1,0,ADANIENT
Adani Enterprises Ltd.,2018-09-23,0.0,1,0,1,0,ADANIENT
Adani Enterprises Ltd.,2018-12-08,0.0,1,0,1,0,ADANIENT
Adani Enterprises Ltd.,2019-01-10,-1.0,1,0,0,1,ADANIENT
Adani Enterprises Ltd.,2019-01-20,0.0,2,0,2,0,ADANIENT
Adani Enterprises Ltd.,2019-02-08,-1.0,1,0,0,1,ADANIENT
Adani Enterprises Ltd.,2019-03-15,-1.0,1,0,0,1,ADANIENT
Adani Enterprises Ltd.,2019-05-01,0.0,1,0,1,0,ADANIENT
Adani Enterprises Ltd.,2019-05-23,0.0,1,0,1,0,ADANIENT
Adani Enterprises Ltd.,2019-05-30,1.0,1,1,0,0,ADANIENT
Adani Enterprises Ltd.,2019-06-09,0.0,1,0,1,0,ADANIENT
Adani Enterprises Ltd.,2019-06-13,-1.0,2,0,0,2,ADANIENT
Adani Enterprises Ltd.,2019-06-14,0.0,1,0,1,0,ADANIENT
Adani Enterprises Ltd.,2019-06-15,0.0,1,0,1,0,ADANIENT
Adani Enterprises Ltd.,2019-06-17,-1.0,1,0,0,1,ADANIENT
Adani Enterprises Ltd.,2019-06-22,0.0,1,0,1,0,ADANIENT
Adani Enterprises Ltd.,2019-07-09,1.0,1,1,0,0,ADANIENT
Adani Enterprises Ltd.,2019-07-10,0.0,1,0,1,0,ADANIENT
Adani Enterprises Ltd.,2019-07-12,1.0,1,1,0,0,ADANIENT
Adani Enterprises Ltd.,2019-07-22,-1.0,1,0,0,1,ADANIENT
Adani Enterprises Ltd.,2019-08-29,-1.0,2,0,0,2,ADANIENT
Adani Enterprises Ltd.,2019-08-31,0.0,1,0,1,0,ADANIENT
Adani Enterprises Ltd.,2019-09-09,0.0,1,0,1,0,ADANIENT
Adani Enterprises Ltd.,2019-09-15,0.0,1,0,1,0,ADANIENT
Adani Enterprises Ltd.,2019-10-11,1.0,1,1,0,0,ADANIENT
Adani Enterprises Ltd.,2019-10-22,1.0,1,1,0,0,ADANIENT
Adani Enterprises Ltd.,2019-11-28,-1.0,1,0,0,1,ADANIENT
Adani Enterprises Ltd.,2019-12-11,0.0,1,0,1,0,ADANIENT
Adani Enterprises Ltd.,2019-12-19,-1.0,1,0,0,1,ADANIENT
Adani Enterprises Ltd.,2020-01-11,0.0,2,0,2,0,ADANIENT
Adani Enterprises Ltd.,2020-01-13,1.0,3,3,0,0,ADANIENT
Adani Enterprises Ltd.,2020-01-21,1.0,1,1,0,0,ADANIENT
Adani Enterprises Ltd.,2020-01-28,0.0,1,0,1,0,ADANIENT
Adani Enterprises Ltd.,2020-05-22,1.0,1,1,0,0,ADANIENT
Adani Enterprises Ltd.,2020-06-09,0.0,2,0,2,0,ADANIENT
Adani Enterprises Ltd.,2020-06-13,0.0,1,0,1,0,ADANIENT
Adani Enterprises Ltd.,2020-06-30,0.0,1,0,1,0,ADANIENT
Adani Enterprises Ltd.,2020-08-24,-1.0,1,0,0,1,ADANIENT
Adani Enterprises Ltd.,2020-10-28,1.0,1,1,0,0,ADANIENT
Adani Enterprises Ltd.,2020-10-29,0.0,1,0,1,0,ADANIENT
Adani Enterprises Ltd.,2020-12-17,-1.0,1,0,0,1,ADANIENT
Adani Enterprises Ltd.,2020-12-30,1.0,1,1,0,0,ADANIENT
Adani Enterprises Ltd.,2021-03-30,1.0,3,3,0,0,ADANIENT
Adani Enterprises Ltd.,2021-04-07,1.0,1,1,0,0,ADANIENT
Adani Enterprises Ltd.,2021-04-13,1.0,2,2,0,0,ADANIENT
Adani Enterprises Ltd.,2021-04-14,0.0,1,0,1,0,ADANIENT
Adani Enterprises Ltd.,2021-06-14,-1.0,1,0,0,1,ADANIENT
Adani Enterprises Ltd.,2021-06-18,0.0,1,0,1,0,ADANIENT
Adani Enterprises Ltd.,2021-07-23,0.0,1,0,1,0,ADANIENT
Adani Enterprises Ltd.,2021-10-02,0.0,1,0,1,0,ADANIENT
Adani Enterprises Ltd.,2021-10-03,0.0,1,0,1,0,ADANIENT
Adani Enterprises Ltd.,2021-10-12,1.0,1,1,0,0,ADANIENT
Adani Enterprises Ltd.,2021-10-20,-1.0,1,0,0,1,ADANIENT
Adani Enterprises Ltd.,2022-03-01,0.0,1,0,1,0,ADANIENT
Adani Enterprises Ltd.,2022-04-25,-1.0,1,0,0,1,ADANIENT
Adani Enterprises Ltd.,2022-05-20,0.0,1,0,1,0,ADANIENT
Adani Enterprises Ltd.,2022-07-14,0.0,2,0,2,0,ADANIENT
Adani Enterprises Ltd.,2022-07-19,1.0,1,1,0,0,ADANIENT
Adani Enterprises Ltd.,2022-08-23,-1.0,1,0,0,1,ADANIENT
Adani Enterprises Ltd.,2022-08-24,1.0,2,2,0,0,ADANIENT
Adani Enterprises Ltd.,2022-08-27,0.0,1,0,1,0,ADANIENT
Adani Enterprises Ltd.,2022-08-30,1.0,2,2,0,0,ADANIENT
Adani Enterprises Ltd.,2022-08-31,0.0,1,0,1,0,ADANIENT
Adani Enterprises Ltd.,2022-09-03,0.0,1,0,1,0,ADANIENT
Adani Enterprises Ltd.,2022-09-16,1.0,5,5,0,0,ADANIENT
Adani Enterprises Ltd.,2022-09-21,-1.0,2,0,0,2,ADANIENT
Adani Enterprises Ltd.,2022-09-27,-1.0,1,0,0,1,ADANIENT
Adani Enterprises Ltd.,2022-11-23,0.0,1,0,1,0,ADANIENT
Adani Enterprises Ltd.,2022-11-28,1.0,1,1,0,0,ADANIENT
Adani Enterprises Ltd.,2022-11-30,0.0,1,0,1,0,ADANIENT
Adani Enterprises Ltd.,2022-12-02,1.0,1,1,0,0,ADANIENT
Adani Enterprises Ltd.,2023-01-08,0.0,1,0,1,0,ADANIENT
Adani Enterprises Ltd.,2023-01-24,-1.0,2,0,0,2,ADANIENT
Adani Enterprises Ltd.,2023-01-25,1.0,5,5,0,0,ADANIENT
Adani Enterprises Ltd.,2023-01-26,0.0,1,0,1,0,ADANIENT
Adani Enterprises Ltd.,2023-01-27,1.0,8,8,0,0,ADANIENT
Adani Enterprises Ltd.,2023-01-29,0.0,2,0,2,0,ADANIENT
Adani Enterprises Ltd.,2023-01-30,-1.0,8,0,0,8,ADANIENT
Adani Enterprises Ltd.,2023-01-31,-1.0,7,0,0,7,ADANIENT
Adani Enterprises Ltd.,2023-02-01,1.0,4,4,0,0,ADANIENT
Adani Enterprises Ltd.,2023-02-02,0.0,7,0,7,0,ADANIENT
Adani Enterprises Ltd.,2023-02-03,1.0,4,4,0,0,ADANIENT
Adani Enterprises Ltd.,2023-02-05,0.0,3,0,3,0,ADANIENT
Adani Enterprises Ltd.,2023-02-06,1.0,3,3,0,0,ADANIENT
Adani Enterprises Ltd.,2023-02-07,-1.0,2,0,0,2,ADANIENT
Adani Enterprises Ltd.,2023-02-08,-1.0,2,0,0,2,ADANIENT
Adani Enterprises Ltd.,2023-02-09,-1.0,2,0,0,2,ADANIENT
Adani Enterprises Ltd.,2023-02-14,0.0,1,0,1,0,ADANIENT
Adani Enterprises Ltd.,2023-02-15,-1.0,2,0,0,2,ADANIENT
Adani Enterprises Ltd.,2023-02-17,-1.0,2,0,0,2,ADANIENT
Adani Enterprises Ltd.,2023-02-21,-1.0,1,0,0,1,ADANIENT
Adani Enterprises Ltd.,2023-02-23,-1.0,1,0,0,1,ADANIENT
Adani Enterprises Ltd.,2023-02-27,1.0,4,4,0,0,ADANIENT
Adani Enterprises Ltd.,2023-02-28,1.0,4,4,0,0,ADANIENT
Adani Enterprises Ltd.,2023-03-03,1.0,2,2,0,0,ADANIENT
Adani Enterprises Ltd.,2023-03-05,0.0,2,0,2,0,ADANIENT
Adani Enterprises Ltd.,2023-03-06,-1.0,2,0,0,2,ADANIENT
Adani Enterprises Ltd.,2023-03-07,0.0,2,0,2,0,ADANIENT
Adani Enterprises Ltd.,2023-03-08,-1.0,2,0,0,2,ADANIENT
Adani Enterprises Ltd.,2023-03-09,-1.0,2,0,0,2,ADANIENT
Adani Enterprises Ltd.,2023-05-03,0.0,2,0,2,0,ADANIENT
Adani Enterprises Ltd.,2023-05-04,-1.0,1,0,0,1,ADANIENT
Adani Enterprises Ltd.,2023-05-16,0.0,1,0,1,0,ADANIENT
Adani Enterprises Ltd.,2023-05-21,0.0,1,0,1,0,ADANIENT
Adani Enterprises Ltd.,2023-05-23,1.0,2,2,0,0,ADANIENT
Adani Enterprises Ltd.,2023-06-15,-1.0,2,0,0,2,ADANIENT
Adani Enterprises Ltd.,2023-06-19,0.0,2,0,2,0,ADANIENT
Adani Enterprises Ltd.,2023-06-23,0.0,4,0,4,0,ADANIENT
Adani Enterprises Ltd.,2023-06-26,1.0,2,2,0,0,ADANIENT
Adani Enterprises Ltd.,2023-06-28,0.0,2,0,2,0,ADANIENT
Adani Enterprises Ltd.,2023-08-09,0.0,2,0,2,0,ADANIENT
Adani Enterprises Ltd.,2023-08-10,-1.0,2,0,0,2,ADANIENT
Adani Enterprises Ltd.,2023-08-17,1.0,2,2,0,0,ADANIENT
Adani Enterprises Ltd.,2023-08-31,0.0,4,0,4,0,ADANIENT
Adani Enterprises Ltd.,2023-09-11,0.0,2,0,2,0,ADANIENT
Adani Enterprises Ltd.,2023-10-03,0.0,2,0,2,0,ADANIENT
Adani Enterprises Ltd.,2023-10-06,1.0,2,2,0,0,ADANIENT
Adani Enterprises Ltd.,2023-10-11,-1.0,2,0,0,2,ADANIENT
Adani Enterprises Ltd.,2023-10-12,-1.0,1,0,0,1,ADANIENT
Adani Enterprises Ltd.,2023-10-29,0.0,2,0,2,0,ADANIENT
Adani Enterprises Ltd.,2023-11-01,0.0,2,0,2,0,ADANIENT
Adani Enterprises Ltd.,2023-11-02,0.0,8,0,8,0,ADANIENT
Adani Enterprises Ltd.,2023-11-03,0.0,2,0,2,0,ADANIENT
Adani Enterprises Ltd.,2023-11-08,0.0,1,0,1,0,ADANIENT
Adani Enterprises Ltd.,2023-11-16,-1.0,2,0,0,2,ADANIENT
Adani Enterprises Ltd.,2023-11-22,1.0,4,4,0,0,ADANIENT
Adani Enterprises Ltd.,2023-11-28,-1.0,6,0,0,6,ADANIENT
Adani Enterprises Ltd.,2023-11-29,0.0,1,0,1,0,ADANIENT
Adani Enterprises Ltd.,2024-01-06,0.0,1,0,1,0,ADANIENT
Adani Enterprises Ltd.,2024-01-10,0.0,1,0,1,0,ADANIENT
Adani Enterprises Ltd.,2024-01-24,1.0,2,2,0,0,ADANIENT
Adani Enterprises Ltd.,2024-02-04,0.0,1,0,1,0,ADANIENT
Adani Enterprises Ltd.,2024-02-29,0.0,1,0,1,0,ADANIENT
Adani Enterprises Ltd.,2024-03-03,0.0,2,0,2,0,ADANIENT
Adani Enterprises Ltd.,2024-03-18,0.0,2,0,2,0,ADANIENT
Adani Enterprises Ltd.,2024-04-01,-1.0,4,0,0,4,ADANIENT
Adani Enterprises Ltd.,2024-05-14,0.0,1,0,1,0,ADANIENT
Adani Enterprises Ltd.,2024-06-05,1.0,2,2,0,0,ADANIENT
Adani Enterprises Ltd.,2024-06-21,0.0,2,0,2,0,ADANIENT
Adani Enterprises Ltd.,2024-07-02,-1.0,4,0,0,4,ADANIENT
Adani Enterprises Ltd.,2024-07-04,-1.0,2,0,0,2,ADANIENT
Adani Enterprises Ltd.,2024-07-30,1.0,2,2,0,0,ADANIENT
Adani Enterprises Ltd.,2024-08-06,0.0,1,0,1,0,ADANIENT
Adani Enterprises Ltd.,2024-08-07,0.0,3,0,3,0,ADANIENT
Adani Enterprises Ltd.,2024-08-08,-1.0,1,0,0,1,ADANIENT
Adani Enterprises Ltd.,2024-08-09,-1.0,1,0,0,1,ADANIENT
Adani Enterprises Ltd.,2024-08-12,-1.0,4,0,0,4,ADANIENT
Adani Enterprises Ltd.,2024-08-17,0.0,1,0,1,0,ADANIENT
Adani Enterprises Ltd.,2024-08-24,0.0,1,0,1,0,ADANIENT
Adani Enterprises Ltd.,2024-08-25,0.0,2,0,2,0,ADANIENT
Adani Enterprises Ltd.,2024-08-28,0.0,2,0,2,0,ADANIENT
Adani Enterprises Ltd.,2024-09-12,0.0,2,0,2,0,ADANIENT
Adani Enterprises Ltd.,2024-09-17,0.0,1,0,1,0,ADANIENT
Adani Enterprises Ltd.,2024-10-28,1.0,3,3,0,0,ADANIENT
Adani Enterprises Ltd.,2024-10-29,0.0,2,0,2,0,ADANIENT
Adani Enterprises Ltd.,2024-10-30,0.0,3,0,3,0,ADANIENT
Adani Enterprises Ltd.,2024-11-04,1.0,2,2,0,0,ADANIENT
Adani Enterprises Ltd.,2024-11-05,-1.0,1,0,0,1,ADANIENT
Adani Enterprises Ltd.,2024-11-07,0.0,1,0,1,0,ADANIENT
Adani Enterprises Ltd.,2024-11-08,-1.0,4,0,0,4,ADANIENT
Adani Enterprises Ltd.,2024-11-13,0.0,3,0,3,0,ADANIENT
Adani Enterprises Ltd.,2024-11-14,0.0,2,0,2,0,ADANIENT
Adani Enterprises Ltd.,2024-11-15,0.0,1,0,1,0,ADANIENT
Adani Enterprises Ltd.,2024-11-20,0.5789473684210527,19,11,8,0,ADANIENT
Adani Enterprises Ltd.,2024-11-21,0.2647058823529412,68,18,50,0,ADANIENT
Adani Enterprises Ltd.,2024-11-22,-0.3548387096774194,31,0,20,11,ADANIENT
Adani Enterprises Ltd.,2024-11-23,0.0,8,0,8,0,ADANIENT
Adani Enterprises Ltd.,2024-11-24,0.0,4,0,4,0,ADANIENT
Adani Enterprises Ltd.,2024-11-25,1.0,2,2,0,0,ADANIENT
Adani Enterprises Ltd.,2024-11-26,1.0,2,2,0,0,ADANIENT
Adani Enterprises Ltd.,2024-11-27,1.0,2,2,0,0,ADANIENT
Adani Enterprises Ltd.,2024-11-28,0.0,6,0,6,0,ADANIENT
Adani Enterprises Ltd.,2024-11-29,1.0,2,2,0,0,ADANIENT
Adani Enterprises Ltd.,2024-12-02,0.0,2,0,2,0,ADANIENT
Adani Enterprises Ltd.,2024-12-03,1.0,2,2,0,0,ADANIENT
Adani Enterprises Ltd.,2024-12-30,1.0,2,2,0,0,ADANIENT
Adani Ports and Special Economic Zone Ltd.,2014-07-28,0.0,1,0,1,0,ADANIPORTS
Adani Ports and Special Economic Zone Ltd.,2014-07-29,0.0,1,0,1,0,ADANIPORTS
Adani Ports and Special Economic Zone Ltd.,2014-08-26,-1.0,1,0,0,1,ADANIPORTS
Adani Ports and Special Economic Zone Ltd.,2014-11-17,0.0,1,0,1,0,ADANIPORTS
Adani Ports and Special Economic Zone Ltd.,2015-01-15,0.0,1,0,1,0,ADANIPORTS
Adani Ports and Special Economic Zone Ltd.,2015-03-14,0.0,1,0,1,0,ADANIPORTS
Adani Ports and Special Economic Zone Ltd.,2015-06-16,0.0,1,0,1,0,ADANIPORTS
Adani Ports and Special Economic Zone Ltd.,2015-06-23,0.0,1,0,1,0,ADANIPORTS
Adani Ports and Special Economic Zone Ltd.,2015-06-24,0.0,1,0,1,0,ADANIPORTS
Adani Ports and Special Economic Zone Ltd.,2015-08-05,-1.0,1,0,0,1,ADANIPORTS
Adani Ports and Special Economic Zone Ltd.,2015-08-07,-1.0,1,0,0,1,ADANIPORTS
Adani Ports and Special Economic Zone Ltd.,2015-08-18,0.0,1,0,1,0,ADANIPORTS
Adani Ports and Special Economic Zone Ltd.,2015-08-19,0.0,1,0,1,0,ADANIPORTS
Adani Ports and Special Economic Zone Ltd.,2015-10-15,-1.0,1,0,0,1,ADANIPORTS
Adani Ports and Special Economic Zone Ltd.,2015-10-20,0.0,1,0,1,0,ADANIPORTS
Adani Ports and Special Economic Zone Ltd.,2015-12-08,1.0,1,1,0,0,ADANIPORTS
Adani Ports and Special Economic Zone Ltd.,2015-12-09,-1.0,1,0,0,1,ADANIPORTS
Adani Ports and Special Economic Zone Ltd.,2016-02-26,1.0,1,1,0,0,ADANIPORTS
Adani Ports and Special Economic Zone Ltd.,2016-03-11,-1.0,2,0,0,2,ADANIPORTS
Adani Ports and Special Economic Zone Ltd.,2016-03-22,-1.0,2,0,0,2,ADANIPORTS
Adani Ports and Special Economic Zone Ltd.,2016-04-04,0.0,1,0,1,0,ADANIPORTS
Adani Ports and Special Economic Zone Ltd.,2016-04-05,-1.0,2,0,0,2,ADANIPORTS
Adani Ports and Special Economic Zone Ltd.,2016-04-07,1.0,2,2,0,0,ADANIPORTS
Adani Ports and Special Economic Zone Ltd.,2016-04-26,-1.0,2,0,0,2,ADANIPORTS
Adani Ports and Special Economic Zone Ltd.,2016-04-27,1.0,2,2,0,0,ADANIPORTS
Adani Ports and Special Economic Zone Ltd.,2016-05-04,-1.0,2,0,0,2,ADANIPORTS
Adani Ports and Special Economic Zone Ltd.,2016-05-05,1.0,2,2,0,0,ADANIPORTS
Adani Ports and Special Economic Zone Ltd.,2016-05-06,-1.0,3,0,0,3,ADANIPORTS
Adani Ports and Special Economic Zone Ltd.,2016-05-19,1.0,2,2,0,0,ADANIPORTS
Adani Ports and Special Economic Zone Ltd.,2016-05-20,0.0,3,0,3,0,ADANIPORTS
Adani Ports and Special Economic Zone Ltd.,2016-05-28,0.0,1,0,1,0,ADANIPORTS
Adani Ports and Special Economic Zone Ltd.,2016-06-01,0.0,2,0,2,0,ADANIPORTS
Adani Ports and Special Economic Zone Ltd.,2016-06-14,0.0,2,0,2,0,ADANIPORTS
Adani Ports and Special Economic Zone Ltd.,2016-06-15,0.0,2,0,2,0,ADANIPORTS
Adani Ports and Special Economic Zone Ltd.,2016-06-21,0.0,2,0,2,0,ADANIPORTS
Adani Ports and Special Economic Zone Ltd.,2016-06-22,-1.0,2,0,0,2,ADANIPORTS
Adani Ports and Special Economic Zone Ltd.,2016-07-01,0.0,2,0,2,0,ADANIPORTS
Adani Ports and Special Economic Zone Ltd.,2016-07-04,-1.0,2,0,0,2,ADANIPORTS
Adani Ports and Special Economic Zone Ltd.,2016-07-11,0.0,2,0,2,0,ADANIPORTS
Adani Ports and Special Economic Zone Ltd.,2016-07-19,0.0,1,0,1,0,ADANIPORTS
Adani Ports and Special Economic Zone Ltd.,2016-07-29,-1.0,2,0,0,2,ADANIPORTS
Adani Ports and Special Economic Zone Ltd.,2016-08-08,1.0,2,2,0,0,ADANIPORTS
Adani Ports and Special Economic Zone Ltd.,2016-08-10,1.0,2,2,0,0,ADANIPORTS
Adani Ports and Special Economic Zone Ltd.,2016-08-16,1.0,2,2,0,0,ADANIPORTS
Adani Ports and Special Economic Zone Ltd.,2016-08-17,0.0,2,0,2,0,ADANIPORTS
Adani Ports and Special Economic Zone Ltd.,2016-08-25,1.0,2,2,0,0,ADANIPORTS
Adani Ports and Special Economic Zone Ltd.,2016-08-29,0.0,1,0,1,0,ADANIPORTS
Adani Ports and Special Economic Zone Ltd.,2016-09-01,0.0,1,0,1,0,ADANIPORTS
Adani Ports and Special Economic Zone Ltd.,2016-09-02,0.0,2,0,2,0,ADANIPORTS
Adani Ports and Special Economic Zone Ltd.,2016-09-04,0.0,1,0,1,0,ADANIPORTS
Adani Ports and Special Economic Zone Ltd.,2016-09-20,1.0,2,2,0,0,ADANIPORTS
Adani Ports and Special Economic Zone Ltd.,2016-09-23,-1.0,1,0,0,1,ADANIPORTS
Adani Ports and Special Economic Zone Ltd.,2016-09-27,-1.0,2,0,0,2,ADANIPORTS
Adani Ports and Special Economic Zone Ltd.,2016-10-10,1.0,2,2,0,0,ADANIPORTS
Adani Ports and Special Economic Zone Ltd.,2016-10-13,-1.0,2,0,0,2,ADANIPORTS
Adani Ports and Special Economic Zone Ltd.,2016-10-18,1.0,2,2,0,0,ADANIPORTS
Adani Ports and Special Economic Zone Ltd.,2016-10-19,0.0,2,0,2,0,ADANIPORTS
Adani Ports and Special Economic Zone Ltd.,2016-10-20,0.0,2,0,2,0,ADANIPORTS
Adani Ports and Special Economic Zone Ltd.,2016-10-25,0.0,2,0,2,0,ADANIPORTS
Adani Ports and Special Economic Zone Ltd.,2016-11-03,1.0,2,2,0,0,ADANIPORTS
Adani Ports and Special Economic Zone Ltd.,2016-11-11,0.0,2,0,2,0,ADANIPORTS
Adani Ports and Special Economic Zone Ltd.,2016-11-17,-1.0,1,0,0,1,ADANIPORTS
Adani Ports and Special Economic Zone Ltd.,2016-11-25,1.0,1,1,0,0,ADANIPORTS
Adani Ports and Special Economic Zone Ltd.,2016-11-26,0.0,1,0,1,0,ADANIPORTS
Adani Ports and Special Economic Zone Ltd.,2016-11-28,0.0,2,0,2,0,ADANIPORTS
Adani Ports and Special Economic Zone Ltd.,2016-12-05,1.0,1,1,0,0,ADANIPORTS
Adani Ports and Special Economic Zone Ltd.,2016-12-07,0.0,2,0,2,0,ADANIPORTS
Adani Ports and Special Economic Zone Ltd.,2016-12-08,-1.0,2,0,0,2,ADANIPORTS
Adani Ports and Special Economic Zone Ltd.,2016-12-13,0.0,2,0,2,0,ADANIPORTS
Adani Ports and Special Economic Zone Ltd.,2016-12-22,-1.0,2,0,0,2,ADANIPORTS
Adani Ports and Special Economic Zone Ltd.,2016-12-27,-1.0,2,0,0,2,ADANIPORTS
Adani Ports and Special Economic Zone Ltd.,2016-12-29,1.0,2,2,0,0,ADANIPORTS
Adani Ports and Special Economic Zone Ltd.,2017-01-05,0.0,2,0,2,0,ADANIPORTS
Adani Ports and Special Economic Zone Ltd.,2017-01-10,0.0,2,0,2,0,ADANIPORTS
Adani Ports and Special Economic Zone Ltd.,2017-01-16,-1.0,2,0,0,2,ADANIPORTS
Adani Ports and Special Economic Zone Ltd.,2017-01-17,1.0,2,2,0,0,ADANIPORTS
Adani Ports and Special Economic Zone Ltd.,2017-01-20,1.0,2,2,0,0,ADANIPORTS
Adani Ports and Special Economic Zone Ltd.,2017-01-24,0.0,2,0,2,0,ADANIPORTS
Adani Ports and Special Economic Zone Ltd.,2017-01-25,0.0,2,0,2,0,ADANIPORTS
Adani Ports and Special Economic Zone Ltd.,2017-01-26,0.0,1,0,1,0,ADANIPORTS
Adani Ports and Special Economic Zone Ltd.,2017-01-31,0.0,2,0,2,0,ADANIPORTS
Adani Ports and Special Economic Zone Ltd.,2017-02-06,0.0,2,0,2,0,ADANIPORTS
Adani Ports and Special Economic Zone Ltd.,2017-02-10,0.0,2,0,2,0,ADANIPORTS
Adani Ports and Special Economic Zone Ltd.,2017-02-14,0.0,1,0,1,0,ADANIPORTS
Adani Ports and Special Economic Zone Ltd.,2017-02-16,1.0,2,2,0,0,ADANIPORTS
Adani Ports and Special Economic Zone Ltd.,2017-03-02,1.0,2,2,0,0,ADANIPORTS
Adani Ports and Special Economic Zone Ltd.,2017-03-06,0.0,2,0,2,0,ADANIPORTS
Adani Ports and Special Economic Zone Ltd.,2017-03-07,-1.0,2,0,0,2,ADANIPORTS
Adani Ports and Special Economic Zone Ltd.,2017-03-09,1.0,2,2,0,0,ADANIPORTS
Adani Ports and Special Economic Zone Ltd.,2017-03-16,0.0,3,0,3,0,ADANIPORTS
Adani Ports and Special Economic Zone Ltd.,2017-03-22,0.0,2,0,2,0,ADANIPORTS
Adani Ports and Special Economic Zone Ltd.,2017-03-30,0.0,2,0,2,0,ADANIPORTS
Adani Ports and Special Economic Zone Ltd.,2017-04-05,-1.0,3,0,0,3,ADANIPORTS
Adani Ports and Special Economic Zone Ltd.,2017-04-07,-1.0,2,0,0,2,ADANIPORTS
Adani Ports and Special Economic Zone Ltd.,2017-04-11,-1.0,2,0,0,2,ADANIPORTS
Adani Ports and Special Economic Zone Ltd.,2017-04-12,0.0,2,0,2,0,ADANIPORTS
Adani Ports and Special Economic Zone Ltd.,2017-04-19,-1.0,2,0,0,2,ADANIPORTS
Adani Ports and Special Economic Zone Ltd.,2017-05-09,1.0,2,2,0,0,ADANIPORTS
Adani Ports and Special Economic Zone Ltd.,2017-05-11,0.0,2,0,2,0,ADANIPORTS
Adani Ports and Special Economic Zone Ltd.,2017-05-17,0.0,2,0,2,0,ADANIPORTS
Adani Ports and Special Economic Zone Ltd.,2017-05-22,1.0,2,2,0,0,ADANIPORTS
Adani Ports and Special Economic Zone Ltd.,2017-05-23,0.0,2,0,2,0,ADANIPORTS
Adani Ports and Special Economic Zone Ltd.,2017-05-24,1.0,4,4,0,0,ADANIPORTS
Adani Ports and Special Economic Zone Ltd.,2017-05-29,0.0,4,0,4,0,ADANIPORTS
Adani Ports and Special Economic Zone Ltd.,2017-05-30,1.0,4,4,0,0,ADANIPORTS
Adani Ports and Special Economic Zone Ltd.,2017-05-31,1.0,1,1,0,0,ADANIPORTS
Adani Ports and Special Economic Zone Ltd.,2017-06-01,0.0,4,0,4,0,ADANIPORTS
Adani Ports and Special Economic Zone Ltd.,2017-06-02,0.0,4,0,4,0,ADANIPORTS
Adani Ports and Special Economic Zone Ltd.,2017-06-06,0.0,1,0,1,0,ADANIPORTS
Adani Ports and Special Economic Zone Ltd.,2017-06-16,0.0,4,0,4,0,ADANIPORTS
Adani Ports and Special Economic Zone Ltd.,2017-06-19,-1.0,4,0,0,4,ADANIPORTS
Adani Ports and Special Economic Zone Ltd.,2017-06-23,0.0,1,0,1,0,ADANIPORTS
Adani Ports and Special Economic Zone Ltd.,2017-06-27,0.0,1,0,1,0,ADANIPORTS
Adani Ports and Special Economic Zone Ltd.,2017-07-01,0.0,1,0,1,0,ADANIPORTS
Adani Ports and Special Economic Zone Ltd.,2017-07-07,0.0,1,0,1,0,ADANIPORTS
Adani Ports and Special Economic Zone Ltd.,2017-07-17,0.0,4,0,4,0,ADANIPORTS
Adani Ports and Special Economic Zone Ltd.,2017-07-28,1.0,4,4,0,0,ADANIPORTS
Adani Ports and Special Economic Zone Ltd.,2017-08-09,0.0,4,0,4,0,ADANIPORTS
Adani Ports and Special Economic Zone Ltd.,2017-08-15,0.0,1,0,1,0,ADANIPORTS
Adani Ports and Special Economic Zone Ltd.,2017-08-17,-1.0,4,0,0,4,ADANIPORTS
Adani Ports and Special Economic Zone Ltd.,2017-08-19,0.0,1,0,1,0,ADANIPORTS
Adani Ports and Special Economic Zone Ltd.,2017-08-20,0.0,1,0,1,0,ADANIPORTS
Adani Ports and Special Economic Zone Ltd.,2017-08-21,1.0,5,5,0,0,ADANIPORTS
Adani Ports and Special Economic Zone Ltd.,2017-08-23,1.0,4,4,0,0,ADANIPORTS
Adani Ports and Special Economic Zone Ltd.,2017-08-24,-1.0,4,0,0,4,ADANIPORTS
Adani Ports and Special Economic Zone Ltd.,2017-08-25,0.0,1,0,1,0,ADANIPORTS
Adani Ports and Special Economic Zone Ltd.,2017-08-30,0.0,4,0,4,0,ADANIPORTS
Adani Ports and Special Economic Zone Ltd.,2017-09-04,-1.0,4,0,0,4,ADANIPORTS
Adani Ports and Special Economic Zone Ltd.,2017-09-05,0.0,4,0,4,0,ADANIPORTS
Adani Ports and Special Economic Zone Ltd.,2017-09-25,-1.0,4,0,0,4,ADANIPORTS
Adani Ports and Special Economic Zone Ltd.,2017-09-27,1.0,4,4,0,0,ADANIPORTS
Adani Ports and Special Economic Zone Ltd.,2017-10-07,0.0,1,0,1,0,ADANIPORTS
Adani Ports and Special Economic Zone Ltd.,2017-10-18,1.0,1,1,0,0,ADANIPORTS
Adani Ports and Special Economic Zone Ltd.,2017-10-27,0.0,4,0,4,0,ADANIPORTS
Adani Ports and Special Economic Zone Ltd.,2017-11-13,0.0,4,0,4,0,ADANIPORTS
Adani Ports and Special Economic Zone Ltd.,2017-11-16,0.0,4,0,4,0,ADANIPORTS
Adani Ports and Special Economic Zone Ltd.,2017-11-22,0.0,4,0,4,0,ADANIPORTS
Adani Ports and Special Economic Zone Ltd.,2017-11-23,-1.0,4,0,0,4,ADANIPORTS
Adani Ports and Special Economic Zone Ltd.,2017-11-24,0.0,4,0,4,0,ADANIPORTS
Adani Ports and Special Economic Zone Ltd.,2017-11-27,1.0,4,4,0,0,ADANIPORTS
Adani Ports and Special Economic Zone Ltd.,2017-11-29,-1.0,4,0,0,4,ADANIPORTS
Adani Ports and Special Economic Zone Ltd.,2017-11-30,0.0,1,0,1,0,ADANIPORTS
Adani Ports and Special Economic Zone Ltd.,2017-12-01,0.0,4,0,4,0,ADANIPORTS
Adani Ports and Special Economic Zone Ltd.,2017-12-12,0.0,4,0,4,0,ADANIPORTS
Adani Ports and Special Economic Zone Ltd.,2017-12-13,1.0,4,4,0,0,ADANIPORTS
Adani Ports and Special Economic Zone Ltd.,2018-01-03,1.0,4,4,0,0,ADANIPORTS
Adani Ports and Special Economic Zone Ltd.,2018-01-05,0.0,4,0,4,0,ADANIPORTS
Adani Ports and Special Economic Zone Ltd.,2018-01-09,0.0,4,0,4,0,ADANIPORTS
Adani Ports and Special Economic Zone Ltd.,2018-01-18,1.0,4,4,0,0,ADANIPORTS
Adani Ports and Special Economic Zone Ltd.,2018-01-19,0.0,4,0,4,0,ADANIPORTS
Adani Ports and Special Economic Zone Ltd.,2018-01-24,0.0,4,0,4,0,ADANIPORTS
Adani Ports and Special Economic Zone Ltd.,2018-01-25,-1.0,4,0,0,4,ADANIPORTS
Adani Ports and Special Economic Zone Ltd.,2018-02-04,0.0,1,0,1,0,ADANIPORTS
Adani Ports and Special Economic Zone Ltd.,2018-02-05,0.0,1,0,1,0,ADANIPORTS
Adani Ports and Special Economic Zone Ltd.,2018-02-19,0.0,4,0,4,0,ADANIPORTS
Adani Ports and Special Economic Zone Ltd.,2018-02-22,1.0,4,4,0,0,ADANIPORTS
Adani Ports and Special Economic Zone Ltd.,2018-03-07,-1.0,4,0,0,4,ADANIPORTS
Adani Ports and Special Economic Zone Ltd.,2018-03-08,1.0,4,4,0,0,ADANIPORTS
Adani Ports and Special Economic Zone Ltd.,2018-03-09,0.0,4,0,4,0,ADANIPORTS
Adani Ports and Special Economic Zone Ltd.,2018-03-11,0.0,1,0,1,0,ADANIPORTS
Adani Ports and Special Economic Zone Ltd.,2018-03-21,1.0,4,4,0,0,ADANIPORTS
Adani Ports and Special Economic Zone Ltd.,2018-03-23,0.0,4,0,4,0,ADANIPORTS
Adani Ports and Special Economic Zone Ltd.,2018-03-28,0.0,4,0,4,0,ADANIPORTS
Adani Ports and Special Economic Zone Ltd.,2018-04-02,0.0,4,0,4,0,ADANIPORTS
Adani Ports and Special Economic Zone Ltd.,2018-04-03,1.0,4,4,0,0,ADANIPORTS
Adani Ports and Special Economic Zone Ltd.,2018-04-10,-1.0,4,0,0,4,ADANIPORTS
Adani Ports and Special Economic Zone Ltd.,2018-04-11,1.0,4,4,0,0,ADANIPORTS
Adani Ports and Special Economic Zone Ltd.,2018-04-13,-1.0,4,0,0,4,ADANIPORTS
Adani Ports and Special Economic Zone Ltd.,2018-04-16,0.0,4,0,4,0,ADANIPORTS
Adani Ports and Special Economic Zone Ltd.,2018-04-17,0.0,4,0,4,0,ADANIPORTS
Adani Ports and Special Economic Zone Ltd.,2018-04-26,1.0,1,1,0,0,ADANIPORTS
Adani Ports and Special Economic Zone Ltd.,2018-05-04,0.0,4,0,4,0,ADANIPORTS
Adani Ports and Special Economic Zone Ltd.,2018-05-31,-1.0,4,0,0,4,ADANIPORTS
Adani Ports and Special Economic Zone Ltd.,2018-06-04,0.0,4,0,4,0,ADANIPORTS
Adani Ports and Special Economic Zone Ltd.,2018-06-13,0.0,4,0,4,0,ADANIPORTS
Adani Ports and Special Economic Zone Ltd.,2018-06-14,0.0,4,0,4,0,ADANIPORTS
Adani Ports and Special Economic Zone Ltd.,2018-06-19,0.0,4,0,4,0,ADANIPORTS
Adani Ports and Special Economic Zone Ltd.,2018-07-02,0.0,4,0,4,0,ADANIPORTS
Adani Ports and Special Economic Zone Ltd.,2018-07-08,0.0,1,0,1,0,ADANIPORTS
Adani Ports and Special Economic Zone Ltd.,2018-07-23,1.0,4,4,0,0,ADANIPORTS
Adani Ports and Special Economic Zone Ltd.,2018-07-25,-1.0,4,0,0,4,ADANIPORTS
Adani Ports and Special Economic Zone Ltd.,2018-07-27,1.0,4,4,0,0,ADANIPORTS
Adani Ports and Special Economic Zone Ltd.,2018-08-02,0.0,1,0,1,0,ADANIPORTS
Adani Ports and Special Economic Zone Ltd.,2018-08-14,1.0,4,4,0,0,ADANIPORTS
Adani Ports and Special Economic Zone Ltd.,2018-08-28,0.0,4,0,4,0,ADANIPORTS
Adani Ports and Special Economic Zone Ltd.,2018-09-04,1.0,4,4,0,0,ADANIPORTS
Adani Ports and Special Economic Zone Ltd.,2018-09-05,-1.0,4,0,0,4,ADANIPORTS
Adani Ports and Special Economic Zone Ltd.,2018-09-07,-1.0,4,0,0,4,ADANIPORTS
Adani Ports and Special Economic Zone Ltd.,2018-09-12,0.0,4,0,4,0,ADANIPORTS
Adani Ports and Special Economic Zone Ltd.,2018-09-17,-1.0,4,0,0,4,ADANIPORTS
Adani Ports and Special Economic Zone Ltd.,2018-09-23,0.0,1,0,1,0,ADANIPORTS
Adani Ports and Special Economic Zone Ltd.,2018-10-05,1.0,4,4,0,0,ADANIPORTS
Adani Ports and Special Economic Zone Ltd.,2018-10-09,-1.0,2,0,0,2,ADANIPORTS
Adani Ports and Special Economic Zone Ltd.,2018-10-16,0.0,2,0,2,0,ADANIPORTS
Adani Ports and Special Economic Zone Ltd.,2018-10-17,0.0,2,0,2,0,ADANIPORTS
Adani Ports and Special Economic Zone Ltd.,2018-10-24,0.0,2,0,2,0,ADANIPORTS
Adani Ports and Special Economic Zone Ltd.,2018-10-29,-1.0,2,0,0,2,ADANIPORTS
Adani Ports and Special Economic Zone Ltd.,2018-11-09,1.0,2,2,0,0,ADANIPORTS
Adani Ports and Special Economic Zone Ltd.,2018-11-15,0.0,2,0,2,0,ADANIPORTS
Adani Ports and Special Economic Zone Ltd.,2018-11-20,1.0,2,2,0,0,ADANIPORTS
Adani Ports and Special Economic Zone Ltd.,2018-11-21,0.0,2,0,2,0,ADANIPORTS
Adani Ports and Special Economic Zone Ltd.,2018-11-22,0.0,2,0,2,0,ADANIPORTS
Adani Ports and Special Economic Zone Ltd.,2018-12-07,0.0,2,0,2,0,ADANIPORTS
Adani Ports and Special Economic Zone Ltd.,2018-12-08,0.0,1,0,1,0,ADANIPORTS
Adani Ports and Special Economic Zone Ltd.,2018-12-21,1.0,2,2,0,0,ADANIPORTS
Adani Ports and Special Economic Zone Ltd.,2018-12-26,0.0,2,0,2,0,ADANIPORTS
Adani Ports and Special Economic Zone Ltd.,2019-01-28,-1.0,2,0,0,2,ADANIPORTS
Adani Ports and Special Economic Zone Ltd.,2019-01-29,0.0,2,0,2,0,ADANIPORTS
Adani Ports and Special Economic Zone Ltd.,2019-01-30,0.0,2,0,2,0,ADANIPORTS
Adani Ports and Special Economic Zone Ltd.,2019-02-06,0.0,2,0,2,0,ADANIPORTS
Adani Ports and Special Economic Zone Ltd.,2019-02-08,0.0,1,0,1,0,ADANIPORTS
Adani Ports and Special Economic Zone Ltd.,2019-02-13,0.0,2,0,2,0,ADANIPORTS
Adani Ports and Special Economic Zone Ltd.,2019-02-20,0.0,2,0,2,0,ADANIPORTS
Adani Ports and Special Economic Zone Ltd.,2019-02-25,0.0,2,0,2,0,ADANIPORTS
Adani Ports and Special Economic Zone Ltd.,2019-03-15,0.0,1,0,1,0,ADANIPORTS
Adani Ports and Special Economic Zone Ltd.,2019-03-28,0.0,2,0,2,0,ADANIPORTS
Adani Ports and Special Economic Zone Ltd.,2019-05-03,-1.0,2,0,0,2,ADANIPORTS
Adani Ports and Special Economic Zone Ltd.,2019-05-20,0.0,2,0,2,0,ADANIPORTS
Adani Ports and Special Economic Zone Ltd.,2019-05-23,0.0,3,0,3,0,ADANIPORTS
Adani Ports and Special Economic Zone Ltd.,2019-05-30,1.0,1,1,0,0,ADANIPORTS
Adani Ports and Special Economic Zone Ltd.,2019-06-09,0.0,1,0,1,0,ADANIPORTS
Adani Ports and Special Economic Zone Ltd.,2019-06-13,0.0,2,0,2,0,ADANIPORTS
Adani Ports and Special Economic Zone Ltd.,2019-06-14,0.0,1,0,1,0,ADANIPORTS
Adani Ports and Special Economic Zone Ltd.,2019-06-15,0.0,1,0,1,0,ADANIPORTS
Adani Ports and Special Economic Zone Ltd.,2019-06-17,-1.0,1,0,0,1,ADANIPORTS
Adani Ports and Special Economic Zone Ltd.,2019-06-20,0.0,2,0,2,0,ADANIPORTS
Adani Ports and Special Economic Zone Ltd.,2019-06-22,0.0,1,0,1,0,ADANIPORTS
Adani Ports and Special Economic Zone Ltd.,2019-06-27,0.0,2,0,2,0,ADANIPORTS
Adani Ports and Special Economic Zone Ltd.,2019-07-09,1.0,1,1,0,0,ADANIPORTS
Adani Ports and Special Economic Zone Ltd.,2019-07-10,0.0,1,0,1,0,ADANIPORTS
Adani Ports and Special Economic Zone Ltd.,2019-07-12,1.0,1,1,0,0,ADANIPORTS
Adani Ports and Special Economic Zone Ltd.,2019-07-22,-1.0,1,0,0,1,ADANIPORTS
Adani Ports and Special Economic Zone Ltd.,2019-07-24,0.0,2,0,2,0,ADANIPORTS
Adani Ports and Special Economic Zone Ltd.,2019-08-26,-1.0,2,0,0,2,ADANIPORTS
Adani Ports and Special Economic Zone Ltd.,2019-08-29,-1.0,1,0,0,1,ADANIPORTS
Adani Ports and Special Economic Zone Ltd.,2019-08-31,0.0,1,0,1,0,ADANIPORTS
Adani Ports and Special Economic Zone Ltd.,2019-09-15,0.0,1,0,1,0,ADANIPORTS
Adani Ports and Special Economic Zone Ltd.,2019-10-11,1.0,1,1,0,0,ADANIPORTS
Adani Ports and Special Economic Zone Ltd.,2019-10-18,-1.0,2,0,0,2,ADANIPORTS
Adani Ports and Special Economic Zone Ltd.,2019-10-21,0.0,2,0,2,0,ADANIPORTS
Adani Ports and Special Economic Zone Ltd.,2019-10-22,0.0,1,0,1,0,ADANIPORTS
Adani Ports and Special Economic Zone Ltd.,2019-10-23,0.0,2,0,2,0,ADANIPORTS
Adani Ports and Special Economic Zone Ltd.,2019-11-21,0.0,2,0,2,0,ADANIPORTS
Adani Ports and Special Economic Zone Ltd.,2019-11-28,-1.0,1,0,0,1,ADANIPORTS
Adani Ports and Special Economic Zone Ltd.,2019-11-29,-1.0,2,0,0,2,ADANIPORTS
Adani Ports and Special Economic Zone Ltd.,2019-12-09,0.0,2,0,2,0,ADANIPORTS
Adani Ports and Special Economic Zone Ltd.,2019-12-16,0.0,2,0,2,0,ADANIPORTS
Adani Ports and Special Economic Zone Ltd.,2020-01-01,0.0,2,0,2,0,ADANIPORTS
Adani Ports and Special Economic Zone Ltd.,2020-01-11,0.0,2,0,2,0,ADANIPORTS
Adani Ports and Special Economic Zone Ltd.,2020-01-13,0.0,3,0,3,0,ADANIPORTS
Adani Ports and Special Economic Zone Ltd.,2020-01-21,0.0,1,0,1,0,ADANIPORTS
Adani Ports and Special Economic Zone Ltd.,2020-01-28,-1.0,1,0,0,1,ADANIPORTS
Adani Ports and Special Economic Zone Ltd.,2020-03-20,1.0,2,2,0,0,ADANIPORTS
Adani Ports and Special Economic Zone Ltd.,2020-03-24,-1.0,2,0,0,2,ADANIPORTS
Adani Ports and Special Economic Zone Ltd.,2020-04-29,-1.0,2,0,0,2,ADANIPORTS
Adani Ports and Special Economic Zone Ltd.,2020-05-19,-1.0,2,0,0,2,ADANIPORTS
Adani Ports and Special Economic Zone Ltd.,2020-05-22,1.0,1,1,0,0,ADANIPORTS
Adani Ports and Special Economic Zone Ltd.,2020-06-09,-1.0,2,0,0,2,ADANIPORTS
Adani Ports and Special Economic Zone Ltd.,2020-06-13,0.0,1,0,1,0,ADANIPORTS
Adani Ports and Special Economic Zone Ltd.,2020-06-30,0.0,1,0,1,0,ADANIPORTS
Adani Ports and Special Economic Zone Ltd.,2020-08-24,1.0,1,1,0,0,ADANIPORTS
Adani Ports and Special Economic Zone Ltd.,2020-10-28,1.0,1,1,0,0,ADANIPORTS
Adani Ports and Special Economic Zone Ltd.,2020-10-29,0.0,1,0,1,0,ADANIPORTS
Adani Ports and Special Economic Zone Ltd.,2020-11-25,0.0,2,0,2,0,ADANIPORTS
Adani Ports and Special Economic Zone Ltd.,2020-12-04,-1.0,2,0,0,2,ADANIPORTS
Adani Ports and Special Economic Zone Ltd.,2020-12-07,0.0,2,0,2,0,ADANIPORTS
Adani Ports and Special Economic Zone Ltd.,2020-12-11,1.0,2,2,0,0,ADANIPORTS
Adani Ports and Special Economic Zone Ltd.,2020-12-17,-1.0,3,0,0,3,ADANIPORTS
Adani Ports and Special Economic Zone Ltd.,2020-12-22,1.0,2,2,0,0,ADANIPORTS
Adani Ports and Special Economic Zone Ltd.,2020-12-30,1.0,1,1,0,0,ADANIPORTS
Adani Ports and Special Economic Zone Ltd.,2021-01-01,0.0,2,0,2,0,ADANIPORTS
Adani Ports and Special Economic Zone Ltd.,2021-01-13,-1.0,2,0,0,2,ADANIPORTS
Adani Ports and Special Economic Zone Ltd.,2021-01-20,-1.0,2,0,0,2,ADANIPORTS
Adani Ports and Special Economic Zone Ltd.,2021-02-12,1.0,2,2,0,0,ADANIPORTS
Adani Ports and Special Economic Zone Ltd.,2021-02-17,-1.0,2,0,0,2,ADANIPORTS
Adani Ports and Special Economic Zone Ltd.,2021-02-22,0.0,2,0,2,0,ADANIPORTS
Adani Ports and Special Economic Zone Ltd.,2021-02-23,1.0,2,2,0,0,ADANIPORTS
Adani Ports and Special Economic Zone Ltd.,2021-02-25,1.0,2,2,0,0,ADANIPORTS
Adani Ports and Special Economic Zone Ltd.,2021-03-04,0.0,2,0,2,0,ADANIPORTS
Adani Ports and Special Economic Zone Ltd.,2021-03-12,0.0,2,0,2,0,ADANIPORTS
Adani Ports and Special Economic Zone Ltd.,2021-03-22,-1.0,2,0,0,2,ADANIPORTS
Adani Ports and Special Economic Zone Ltd.,2021-03-24,1.0,2,2,0,0,ADANIPORTS
Adani Ports and Special Economic Zone Ltd.,2021-03-30,1.0,3,3,0,0,ADANIPORTS
Adani Ports and Special Economic Zone Ltd.,2021-04-06,1.0,2,2,0,0,ADANIPORTS
Adani Ports and Special Economic Zone Ltd.,2021-04-07,0.0,3,0,3,0,ADANIPORTS
Adani Ports and Special Economic Zone Ltd.,2021-04-12,1.0,2,2,0,0,ADANIPORTS
Adani Ports and Special Economic Zone Ltd.,2021-04-13,0.0,2,0,2,0,ADANIPORTS
Adani Ports and Special Economic Zone Ltd.,2021-04-14,0.0,1,0,1,0,ADANIPORTS
Adani Ports and Special Economic Zone Ltd.,2021-04-19,1.0,2,2,0,0,ADANIPORTS
Adani Ports and Special Economic Zone Ltd.,2021-05-03,-1.0,2,0,0,2,ADANIPORTS
Adani Ports and Special Economic Zone Ltd.,2021-05-05,1.0,2,2,0,0,ADANIPORTS
Adani Ports and Special Economic Zone Ltd.,2021-05-31,1.0,2,2,0,0,ADANIPORTS
Adani Ports and Special Economic Zone Ltd.,2021-06-01,1.0,2,2,0,0,ADANIPORTS
Adani Ports and Special Economic Zone Ltd.,2021-06-07,-1.0,2,0,0,2,ADANIPORTS
Adani Ports and Special Economic Zone Ltd.,2021-06-09,0.0,2,0,2,0,ADANIPORTS
Adani Ports and Special Economic Zone Ltd.,2021-06-14,-1.0,3,0,0,3,ADANIPORTS
Adani Ports and Special Economic Zone Ltd.,2021-06-16,1.0,2,2,0,0,ADANIPORTS
Adani Ports and Special Economic Zone Ltd.,2021-06-17,1.0,2,2,0,0,ADANIPORTS
Adani Ports and Special Economic Zone Ltd.,2021-06-18,1.0,3,3,0,0,ADANIPORTS
Adani Ports and Special Economic Zone Ltd.,2021-06-21,-1.0,2,0,0,2,ADANIPORTS
Adani Ports and Special Economic Zone Ltd.,2021-06-23,0.0,2,0,2,0,ADANIPORTS
Adani Ports and Special Economic Zone Ltd.,2021-07-09,-1.0,2,0,0,2,ADANIPORTS
Adani Ports and Special Economic Zone Ltd.,2021-07-12,0.0,2,0,2,0,ADANIPORTS
Adani Ports and Special Economic Zone Ltd.,2021-07-13,0.0,2,0,2,0,ADANIPORTS
Adani Ports and Special Economic Zone Ltd.,2021-07-14,-1.0,2,0,0,2,ADANIPORTS
Adani Ports and Special Economic Zone Ltd.,2021-07-23,-1.0,1,0,0,1,ADANIPORTS
Adani Ports and Special Economic Zone Ltd.,2021-08-06,0.0,2,0,2,0,ADANIPORTS
Adani Ports and Special Economic Zone Ltd.,2021-08-17,-1.0,2,0,0,2,ADANIPORTS
Adani Ports and Special Economic Zone Ltd.,2021-08-23,1.0,2,2,0,0,ADANIPORTS
Adani Ports and Special Economic Zone Ltd.,2021-08-24,0.0,2,0,2,0,ADANIPORTS
Adani Ports and Special Economic Zone Ltd.,2021-08-25,0.0,2,0,2,0,ADANIPORTS
Adani Ports and Special Economic Zone Ltd.,2021-10-02,0.0,1,0,1,0,ADANIPORTS
Adani Ports and Special Economic Zone Ltd.,2021-10-03,0.0,1,0,1,0,ADANIPORTS
Adani Ports and Special Economic Zone Ltd.,2021-10-12,1.0,1,1,0,0,ADANIPORTS
Adani Ports and Special Economic Zone Ltd.,2021-10-14,-1.0,2,0,0,2,ADANIPORTS
Adani Ports and Special Economic Zone Ltd.,2021-10-20,-1.0,1,0,0,1,ADANIPORTS
Adani Ports and Special Economic Zone Ltd.,2021-10-28,1.0,2,2,0,0,ADANIPORTS
Adani Ports and Special Economic Zone Ltd.,2021-11-24,-1.0,2,0,0,2,ADANIPORTS
Adani Ports and Special Economic Zone Ltd.,2021-11-29,1.0,2,2,0,0,ADANIPORTS
Adani Ports and Special Economic Zone Ltd.,2021-12-02,-1.0,2,0,0,2,ADANIPORTS
Adani Ports and Special Economic Zone Ltd.,2021-12-15,-1.0,2,0,0,2,ADANIPORTS
Adani Ports and Special Economic Zone Ltd.,2022-01-11,1.0,2,2,0,0,ADANIPORTS
Adani Ports and Special Economic Zone Ltd.,2022-02-16,0.0,2,0,2,0,ADANIPORTS
Adani Ports and Special Economic Zone Ltd.,2022-03-01,0.0,1,0,1,0,ADANIPORTS
Adani Ports and Special Economic Zone Ltd.,2022-03-25,1.0,2,2,0,0,ADANIPORTS
Adani Ports and Special Economic Zone Ltd.,2022-03-29,0.0,2,0,2,0,ADANIPORTS
Adani Ports and Special Economic Zone Ltd.,2022-04-04,0.0,2,0,2,0,ADANIPORTS
Adani Ports and Special Economic Zone Ltd.,2022-04-05,-1.0,2,0,0,2,ADANIPORTS
Adani Ports and Special Economic Zone Ltd.,2022-04-07,1.0,2,2,0,0,ADANIPORTS
Adani Ports and Special Economic Zone Ltd.,2022-04-11,0.0,2,0,2,0,ADANIPORTS
Adani Ports and Special Economic Zone Ltd.,2022-04-22,1.0,2,2,0,0,ADANIPORTS
Adani Ports and Special Economic Zone Ltd.,2022-04-25,-1.0,1,0,0,1,ADANIPORTS
Adani Ports and Special Economic Zone Ltd.,2022-04-26,0.0,2,0,2,0,ADANIPORTS
Adani Ports and Special Economic Zone Ltd.,2022-04-29,-1.0,2,0,0,2,ADANIPORTS
Adani Ports and Special Economic Zone Ltd.,2022-05-04,0.0,2,0,2,0,ADANIPORTS
Adani Ports and Special Economic Zone Ltd.,2022-05-12,0.0,2,0,2,0,ADANIPORTS
Adani Ports and Special Economic Zone Ltd.,2022-05-25,0.0,2,0,2,0,ADANIPORTS
Adani Ports and Special Economic Zone Ltd.,2022-07-12,0.0,2,0,2,0,ADANIPORTS
Adani Ports and Special Economic Zone Ltd.,2022-07-14,1.0,2,2,0,0,ADANIPORTS
Adani Ports and Special Economic Zone Ltd.,2022-07-19,1.0,1,1,0,0,ADANIPORTS
Adani Ports and Special Economic Zone Ltd.,2022-08-23,-1.0,1,0,0,1,ADANIPORTS
Adani Ports and Special Economic Zone Ltd.,2022-08-24,1.0,2,2,0,0,ADANIPORTS
Adani Ports and Special Economic Zone Ltd.,2022-08-27,0.0,1,0,1,0,ADANIPORTS
Adani Ports and Special Economic Zone Ltd.,2022-08-30,1.0,2,2,0,0,ADANIPORTS
Adani Ports and Special Economic Zone Ltd.,2022-08-31,0.0,1,0,1,0,ADANIPORTS
Adani Ports and Special Economic Zone Ltd.,2022-09-03,0.0,1,0,1,0,ADANIPORTS
Adani Ports and Special Economic Zone Ltd.,2022-09-16,1.0,3,3,0,0,ADANIPORTS
Adani Ports and Special Economic Zone Ltd.,2022-09-21,-1.0,2,0,0,2,ADANIPORTS
Adani Ports and Special Economic Zone Ltd.,2022-09-27,-1.0,1,0,0,1,ADANIPORTS
Adani Ports and Special Economic Zone Ltd.,2022-11-23,0.0,1,0,1,0,ADANIPORTS
Adani Ports and Special Economic Zone Ltd.,2022-11-28,0.0,1,0,1,0,ADANIPORTS
Adani Ports and Special Economic Zone Ltd.,2022-11-30,0.0,1,0,1,0,ADANIPORTS
Adani Ports and Special Economic Zone Ltd.,2022-12-02,0.0,1,0,1,0,ADANIPORTS
Adani Ports and Special Economic Zone Ltd.,2023-01-08,0.0,1,0,1,0,ADANIPORTS
Adani Ports and Special Economic Zone Ltd.,2023-01-24,-1.0,2,0,0,2,ADANIPORTS
Adani Ports and Special Economic Zone Ltd.,2023-01-25,0.0,3,0,3,0,ADANIPORTS
Adani Ports and Special Economic Zone Ltd.,2023-01-26,0.0,1,0,1,0,ADANIPORTS
Adani Ports and Special Economic Zone Ltd.,2023-01-27,1.0,2,2,0,0,ADANIPORTS
Adani Ports and Special Economic Zone Ltd.,2023-01-29,0.0,2,0,2,0,ADANIPORTS
Adani Ports and Special Economic Zone Ltd.,2023-01-30,-1.0,4,0,0,4,ADANIPORTS
Adani Ports and Special Economic Zone Ltd.,2023-01-31,-1.0,3,0,0,3,ADANIPORTS
Adani Ports and Special Economic Zone Ltd.,2023-02-01,1.0,3,3,0,0,ADANIPORTS
Adani Ports and Special Economic Zone Ltd.,2023-02-02,1.0,3,3,0,0,ADANIPORTS
Adani Ports and Special Economic Zone Ltd.,2023-02-03,1.0,2,2,0,0,ADANIPORTS
Adani Ports and Special Economic Zone Ltd.,2023-02-05,0.0,1,0,1,0,ADANIPORTS
Adani Ports and Special Economic Zone Ltd.,2023-02-06,1.0,1,1,0,0,ADANIPORTS
Adani Ports and Special Economic Zone Ltd.,2023-02-08,0.0,2,0,2,0,ADANIPORTS
Adani Ports and Special Economic Zone Ltd.,2023-02-14,1.0,1,1,0,0,ADANIPORTS
Adani Ports and Special Economic Zone Ltd.,2023-02-15,0.0,2,0,2,0,ADANIPORTS
Adani Ports and Special Economic Zone Ltd.,2023-02-21,0.0,1,0,1,0,ADANIPORTS
Adani Ports and Special Economic Zone Ltd.,2023-02-23,0.0,1,0,1,0,ADANIPORTS
Adani Ports and Special Economic Zone Ltd.,2023-03-03,1.0,2,2,0,0,ADANIPORTS
Adani Ports and Special Economic Zone Ltd.,2023-03-06,-1.0,2,0,0,2,ADANIPORTS
Adani Ports and Special Economic Zone Ltd.,2023-03-07,0.0,1,0,1,0,ADANIPORTS
Adani Ports and Special Economic Zone Ltd.,2023-05-04,0.0,1,0,1,0,ADANIPORTS
Adani Ports and Special Economic Zone Ltd.,2023-05-16,-1.0,1,0,0,1,ADANIPORTS
Adani Ports and Special Economic Zone Ltd.,2023-05-21,0.0,1,0,1,0,ADANIPORTS
Adani Ports and Special Economic Zone Ltd.,2023-05-23,0.0,2,0,2,0,ADANIPORTS
Adani Ports and Special Economic Zone Ltd.,2023-06-19,1.0,2,2,0,0,ADANIPORTS
Adani Ports and Special Economic Zone Ltd.,2023-06-23,0.0,2,0,2,0,ADANIPORTS
Adani Ports and Special Economic Zone Ltd.,2023-06-28,0.0,2,0,2,0,ADANIPORTS
Adani Ports and Special Economic Zone Ltd.,2023-06-30,0.0,2,0,2,0,ADANIPORTS
Adani Ports and Special Economic Zone Ltd.,2023-07-26,1.0,2,2,0,0,ADANIPORTS
Adani Ports and Special Economic Zone Ltd.,2023-08-10,-1.0,2,0,0,2,ADANIPORTS
Adani Ports and Special Economic Zone Ltd.,2023-10-03,0.0,2,0,2,0,ADANIPORTS
Adani Ports and Special Economic Zone Ltd.,2023-10-12,0.0,1,0,1,0,ADANIPORTS
Adani Ports and Special Economic Zone Ltd.,2023-11-08,0.0,1,0,1,0,ADANIPORTS
Adani Ports and Special Economic Zone Ltd.,2023-11-23,1.0,2,2,0,0,ADANIPORTS
Adani Ports and Special Economic Zone Ltd.,2023-11-29,0.0,1,0,1,0,ADANIPORTS
Adani Ports and Special Economic Zone Ltd.,2024-01-06,0.0,1,0,1,0,ADANIPORTS
Adani Ports and Special Economic Zone Ltd.,2024-01-10,0.0,1,0,1,0,ADANIPORTS
Adani Ports and Special Economic Zone Ltd.,2024-02-04,0.0,1,0,1,0,ADANIPORTS
Adani Ports and Special Economic Zone Ltd.,2024-02-29,1.0,1,1,0,0,ADANIPORTS
Adani Ports and Special Economic Zone Ltd.,2024-03-03,0.0,2,0,2,0,ADANIPORTS
Adani Ports and Special Economic Zone Ltd.,2024-03-12,1.0,2,2,0,0,ADANIPORTS
Adani Ports and Special Economic Zone Ltd.,2024-03-18,0.0,2,0,2,0,ADANIPORTS
Adani Ports and Special Economic Zone Ltd.,2024-05-14,0.0,1,0,1,0,ADANIPORTS
Adani Ports and Special Economic Zone Ltd.,2024-06-05,1.0,2,2,0,0,ADANIPORTS
Adani Ports and Special Economic Zone Ltd.,2024-08-06,-1.0,1,0,0,1,ADANIPORTS
Adani Ports and Special Economic Zone Ltd.,2024-08-07,0.0,1,0,1,0,ADANIPORTS
Adani Ports and Special Economic Zone Ltd.,2024-08-08,-1.0,1,0,0,1,ADANIPORTS
Adani Ports and Special Economic Zone Ltd.,2024-08-09,-1.0,1,0,0,1,ADANIPORTS
Adani Ports and Special Economic Zone Ltd.,2024-08-12,-1.0,2,0,0,2,ADANIPORTS
Adani Ports and Special Economic Zone Ltd.,2024-08-17,0.0,1,0,1,0,ADANIPORTS
Adani Ports and Special Economic Zone Ltd.,2024-08-24,0.0,1,0,1,0,ADANIPORTS
Adani Ports and Special Economic Zone Ltd.,2024-09-17,-1.0,1,0,0,1,ADANIPORTS
Adani Ports and Special Economic Zone Ltd.,2024-10-28,1.0,3,3,0,0,ADANIPORTS
Adani Ports and Special Economic Zone Ltd.,2024-10-29,-1.0,2,0,0,2,ADANIPORTS
Adani Ports and Special Economic Zone Ltd.,2024-10-30,1.0,3,3,0,0,ADANIPORTS
Adani Ports and Special Economic Zone Ltd.,2024-11-04,1.0,2,2,0,0,ADANIPORTS
Adani Ports and Special Economic Zone Ltd.,2024-11-05,-1.0,1,0,0,1,ADANIPORTS
Adani Ports and Special Economic Zone Ltd.,2024-11-07,-1.0,1,0,0,1,ADANIPORTS
Adani Ports and Special Economic Zone Ltd.,2024-11-08,-1.0,4,0,0,4,ADANIPORTS
Adani Ports and Special Economic Zone Ltd.,2024-11-13,1.0,1,1,0,0,ADANIPORTS
Adani Ports and Special Economic Zone Ltd.,2024-11-14,0.0,2,0,2,0,ADANIPORTS
Adani Ports and Special Economic Zone Ltd.,2024-11-15,0.0,1,0,1,0,ADANIPORTS
Adani Ports and Special Economic Zone Ltd.,2024-11-20,0.6470588235294118,17,11,6,0,ADANIPORTS
Adani Ports and Special Economic Zone Ltd.,2024-11-21,0.10714285714285714,56,6,50,0,ADANIPORTS
Adani Ports and Special Economic Zone Ltd.,2024-11-22,-0.047619047619047616,21,0,20,1,ADANIPORTS
Adani Ports and Special Economic Zone Ltd.,2024-11-23,0.0,4,0,4,0,ADANIPORTS
Adani Ports and Special Economic Zone Ltd.,2024-11-24,0.0,4,0,4,0,ADANIPORTS
Adani Ports and Special Economic Zone Ltd.,2024-11-25,1.0,2,2,0,0,ADANIPORTS
Adani Ports and Special Economic Zone Ltd.,2024-11-27,1.0,2,2,0,0,ADANIPORTS
Adani Ports and Special Economic Zone Ltd.,2024-12-10,0.0,2,0,2,0,ADANIPORTS
Apollo Hospitals Enterprise Ltd.,2009-01-10,0.0,1,0,1,0,APOLLOHOSP
Apollo Hospitals Enterprise Ltd.,2016-01-05,-1.0,1,0,0,1,APOLLOHOSP
Apollo Hospitals Enterprise Ltd.,2016-12-06,0.0,1,0,1,0,APOLLOHOSP
Apollo Hospitals Enterprise Ltd.,2017-01-12,0.0,1,0,1,0,APOLLOHOSP
Apollo Hospitals Enterprise Ltd.,2017-08-14,-1.0,1,0,0,1,APOLLOHOSP
Apollo Hospitals Enterprise Ltd.,2019-05-19,0.0,1,0,1,0,APOLLOHOSP
Apollo Hospitals Enterprise Ltd.,2021-06-17,0.0,1,0,1,0,APOLLOHOSP
Apollo Hospitals Enterprise Ltd.,2022-04-13,1.0,2,2,0,0,APOLLOHOSP
Apollo Hospitals Enterprise Ltd.,2022-04-19,1.0,2,2,0,0,APOLLOHOSP
Apollo Hospitals Enterprise Ltd.,2022-04-26,0.0,2,0,2,0,APOLLOHOSP
Apollo Hospitals Enterprise Ltd.,2022-05-02,-1.0,2,0,0,2,APOLLOHOSP
Apollo Hospitals Enterprise Ltd.,2022-05-04,-1.0,2,0,0,2,APOLLOHOSP
Apollo Hospitals Enterprise Ltd.,2022-05-16,-1.0,2,0,0,2,APOLLOHOSP
Apollo Hospitals Enterprise Ltd.,2022-05-26,0.0,2,0,2,0,APOLLOHOSP
Apollo Hospitals Enterprise Ltd.,2022-05-27,1.0,2,2,0,0,APOLLOHOSP
Apollo Hospitals Enterprise Ltd.,2022-06-01,-1.0,2,0,0,2,APOLLOHOSP
Apollo Hospitals Enterprise Ltd.,2022-06-02,1.0,2,2,0,0,APOLLOHOSP
Apollo Hospitals Enterprise Ltd.,2022-06-10,1.0,2,2,0,0,APOLLOHOSP
Apollo Hospitals Enterprise Ltd.,2022-06-14,-1.0,2,0,0,2,APOLLOHOSP
Apollo Hospitals Enterprise Ltd.,2022-06-21,1.0,2,2,0,0,APOLLOHOSP
Apollo Hospitals Enterprise Ltd.,2022-06-27,-1.0,2,0,0,2,APOLLOHOSP
Apollo Hospitals Enterprise Ltd.,2022-06-29,1.0,2,2,0,0,APOLLOHOSP
Apollo Hospitals Enterprise Ltd.,2022-08-15,0.0,6,0,6,0,APOLLOHOSP
Apollo Hospitals Enterprise Ltd.,2022-10-14,1.0,2,2,0,0,APOLLOHOSP
Apollo Hospitals Enterprise Ltd.,2022-11-14,-1.0,2,0,0,2,APOLLOHOSP
Apollo Hospitals Enterprise Ltd.,2022-11-21,1.0,2,2,0,0,APOLLOHOSP
Apollo Hospitals Enterprise Ltd.,2022-11-24,-1.0,2,0,0,2,APOLLOHOSP
Apollo Hospitals Enterprise Ltd.,2022-12-16,0.0,2,0,2,0,APOLLOHOSP
Apollo Hospitals Enterprise Ltd.,2023-02-15,0.0,4,0,4,0,APOLLOHOSP
Apollo Hospitals Enterprise Ltd.,2023-02-16,0.0,2,0,2,0,APOLLOHOSP
Apollo Hospitals Enterprise Ltd.,2023-02-20,-1.0,2,0,0,2,APOLLOHOSP
Apollo Hospitals Enterprise Ltd.,2023-02-24,0.0,2,0,2,0,APOLLOHOSP
Apollo Hospitals Enterprise Ltd.,2023-02-27,0.0,2,0,2,0,APOLLOHOSP
Apollo Hospitals Enterprise Ltd.,2023-03-31,0.0,1,0,1,0,APOLLOHOSP
Apollo Hospitals Enterprise Ltd.,2023-04-12,0.0,2,0,2,0,APOLLOHOSP
Apollo Hospitals Enterprise Ltd.,2023-04-24,0.0,2,0,2,0,APOLLOHOSP
Apollo Hospitals Enterprise Ltd.,2023-05-30,1.0,4,4,0,0,APOLLOHOSP
Apollo Hospitals Enterprise Ltd.,2023-05-31,1.0,16,16,0,0,APOLLOHOSP
Apollo Hospitals Enterprise Ltd.,2023-06-01,0.0,2,0,2,0,APOLLOHOSP
Apollo Hospitals Enterprise Ltd.,2023-06-02,0.0,2,0,2,0,APOLLOHOSP
Apollo Hospitals Enterprise Ltd.,2023-06-07,0.0,4,0,4,0,APOLLOHOSP
Apollo Hospitals Enterprise Ltd.,2023-06-14,0.0,2,0,2,0,APOLLOHOSP
Apollo Hospitals Enterprise Ltd.,2023-06-15,-1.0,2,0,0,2,APOLLOHOSP
Apollo Hospitals Enterprise Ltd.,2023-06-30,0.0,2,0,2,0,APOLLOHOSP
Apollo Hospitals Enterprise Ltd.,2023-07-18,0.0,2,0,2,0,APOLLOHOSP
Apollo Hospitals Enterprise Ltd.,2023-07-29,0.0,2,0,2,0,APOLLOHOSP
Apollo Hospitals Enterprise Ltd.,2023-08-09,0.0,2,0,2,0,APOLLOHOSP
Apollo Hospitals Enterprise Ltd.,2023-08-13,0.0,2,0,2,0,APOLLOHOSP
Apollo Hospitals Enterprise Ltd.,2023-08-14,0.0,6,0,6,0,APOLLOHOSP
Apollo Hospitals Enterprise Ltd.,2023-08-17,1.0,2,2,0,0,APOLLOHOSP
Apollo Hospitals Enterprise Ltd.,2023-09-25,1.0,2,2,0,0,APOLLOHOSP
Apollo Hospitals Enterprise Ltd.,2023-09-29,-1.0,2,0,0,2,APOLLOHOSP
Apollo Hospitals Enterprise Ltd.,2023-11-02,0.0,2,0,2,0,APOLLOHOSP
Apollo Hospitals Enterprise Ltd.,2023-11-03,0.0,2,0,2,0,APOLLOHOSP
Apollo Hospitals Enterprise Ltd.,2023-11-12,0.0,2,0,2,0,APOLLOHOSP
Apollo Hospitals Enterprise Ltd.,2023-11-13,1.0,8,8,0,0,APOLLOHOSP
Apollo Hospitals Enterprise Ltd.,2023-11-15,1.0,2,2,0,0,APOLLOHOSP
Apollo Hospitals Enterprise Ltd.,2023-11-24,1.0,2,2,0,0,APOLLOHOSP
Apollo Hospitals Enterprise Ltd.,2023-12-03,0.0,1,0,1,0,APOLLOHOSP
Apollo Hospitals Enterprise Ltd.,2024-01-05,1.0,2,2,0,0,APOLLOHOSP
Apollo Hospitals Enterprise Ltd.,2024-01-13,0.0,4,0,4,0,APOLLOHOSP
Apollo Hospitals Enterprise Ltd.,2024-01-19,0.0,2,0,2,0,APOLLOHOSP
Apollo Hospitals Enterprise Ltd.,2024-01-24,1.0,2,2,0,0,APOLLOHOSP
Apollo Hospitals Enterprise Ltd.,2024-02-10,0.0,2,0,2,0,APOLLOHOSP
Apollo Hospitals Enterprise Ltd.,2024-02-11,0.0,4,0,4,0,APOLLOHOSP
Apollo Hospitals Enterprise Ltd.,2024-02-14,0.0,2,0,2,0,APOLLOHOSP
Apollo Hospitals Enterprise Ltd.,2024-02-29,0.0,4,0,4,0,APOLLOHOSP
Apollo Hospitals Enterprise Ltd.,2024-03-17,0.0,2,0,2,0,APOLLOHOSP
Apollo Hospitals Enterprise Ltd.,2024-04-28,0.0,6,0,6,0,APOLLOHOSP
Apollo Hospitals Enterprise Ltd.,2024-04-30,0.0,4,0,4,0,APOLLOHOSP
Apollo Hospitals Enterprise Ltd.,2024-05-31,0.0,8,0,8,0,APOLLOHOSP
Apollo Hospitals Enterprise Ltd.,2024-06-02,0.0,6,0,6,0,APOLLOHOSP
Apollo Hospitals Enterprise Ltd.,2024-06-03,1.0,8,8,0,0,APOLLOHOSP
Apollo Hospitals Enterprise Ltd.,2024-06-18,0.0,2,0,2,0,APOLLOHOSP
Apollo Hospitals Enterprise Ltd.,2024-06-23,0.0,1,0,1,0,APOLLOHOSP
Apollo Hospitals Enterprise Ltd.,2024-06-24,-1.0,4,0,0,4,APOLLOHOSP
Apollo Hospitals Enterprise Ltd.,2024-06-26,0.0,2,0,2,0,APOLLOHOSP
Apollo Hospitals Enterprise Ltd.,2024-08-14,0.0,2,0,2,0,APOLLOHOSP
Apollo Hospitals Enterprise Ltd.,2024-08-15,0.0,10,0,10,0,APOLLOHOSP
Apollo Hospitals Enterprise Ltd.,2024-08-16,0.0,2,0,2,0,APOLLOHOSP
Apollo Hospitals Enterprise Ltd.,2024-08-27,1.0,2,2,0,0,APOLLOHOSP
Apollo Hospitals Enterprise Ltd.,2024-09-25,0.0,4,0,4,0,APOLLOHOSP
Apollo Hospitals Enterprise Ltd.,2024-09-29,0.0,2,0,2,0,APOLLOHOSP
Apollo Hospitals Enterprise Ltd.,2024-09-30,-1.0,4,0,0,4,APOLLOHOSP
Apollo Hospitals Enterprise Ltd.,2024-10-03,0.0,2,0,2,0,APOLLOHOSP
Apollo Hospitals Enterprise Ltd.,2024-10-09,0.0,2,0,2,0,APOLLOHOSP
Apollo Hospitals Enterprise Ltd.,2024-10-25,0.0,5,0,5,0,APOLLOHOSP
Apollo Hospitals Enterprise Ltd.,2024-10-26,0.0,2,0,2,0,APOLLOHOSP
Apollo Hospitals Enterprise Ltd.,2024-10-27,0.0,3,0,3,0,APOLLOHOSP
Apollo Hospitals Enterprise Ltd.,2024-10-28,0.0,4,0,4,0,APOLLOHOSP
Apollo Hospitals Enterprise Ltd.,2024-10-29,0.0,8,0,8,0,APOLLOHOSP
Apollo Hospitals Enterprise Ltd.,2024-10-30,0.0,6,0,6,0,APOLLOHOSP
Apollo Hospitals Enterprise Ltd.,2024-11-02,0.0,2,0,2,0,APOLLOHOSP
Apollo Hospitals Enterprise Ltd.,2024-11-04,0.0,4,0,4,0,APOLLOHOSP
Apollo Hospitals Enterprise Ltd.,2024-11-05,1.0,4,4,0,0,APOLLOHOSP
Apollo Hospitals Enterprise Ltd.,2024-11-06,0.0,3,0,3,0,APOLLOHOSP
Apollo Hospitals Enterprise Ltd.,2024-11-07,-1.0,8,0,0,8,APOLLOHOSP
Apollo Hospitals Enterprise Ltd.,2024-11-08,-1.0,10,0,0,10,APOLLOHOSP
Apollo Hospitals Enterprise Ltd.,2024-11-09,-1.0,2,0,0,2,APOLLOHOSP
Apollo Hospitals Enterprise Ltd.,2024-11-10,-0.3333333333333333,3,0,2,1,APOLLOHOSP
Apollo Hospitals Enterprise Ltd.,2024-11-11,-1.0,6,0,0,6,APOLLOHOSP
Apollo Hospitals Enterprise Ltd.,2024-11-12,0.0,3,0,3,0,APOLLOHOSP
Apollo Hospitals Enterprise Ltd.,2024-11-13,-1.0,7,0,0,7,APOLLOHOSP
Apollo Hospitals Enterprise Ltd.,2024-11-14,0.0,10,0,10,0,APOLLOHOSP
Apollo Hospitals Enterprise Ltd.,2024-11-15,0.0,1,0,1,0,APOLLOHOSP
Apollo Hospitals Enterprise Ltd.,2024-11-16,0.0,2,0,2,0,APOLLOHOSP
Apollo Hospitals Enterprise Ltd.,2024-11-17,0.0,2,0,2,0,APOLLOHOSP
Apollo Hospitals Enterprise Ltd.,2024-11-18,0.0,4,0,4,0,APOLLOHOSP
Apollo Hospitals Enterprise Ltd.,2024-11-19,1.0,10,10,0,0,APOLLOHOSP
Apollo Hospitals Enterprise Ltd.,2024-11-20,1.0,2,2,0,0,APOLLOHOSP
Apollo Hospitals Enterprise Ltd.,2024-11-21,0.0,13,0,13,0,APOLLOHOSP
Apollo Hospitals Enterprise Ltd.,2024-11-22,0.0,3,0,3,0,APOLLOHOSP
Apollo Hospitals Enterprise Ltd.,2024-11-23,0.0,1,0,1,0,APOLLOHOSP
Apollo Hospitals Enterprise Ltd.,2024-11-24,0.0,2,0,2,0,APOLLOHOSP
Apollo Hospitals Enterprise Ltd.,2024-11-25,-1.0,2,0,0,2,APOLLOHOSP
Apollo Hospitals Enterprise Ltd.,2024-11-27,0.0,2,0,2,0,APOLLOHOSP
Apollo Hospitals Enterprise Ltd.,2024-11-29,0.0,4,0,4,0,APOLLOHOSP
Apollo Hospitals Enterprise Ltd.,2024-12-29,0.0,4,0,4,0,APOLLOHOSP
Apollo Hospitals Enterprise Ltd.,2025-01-09,0.0,2,0,2,0,APOLLOHOSP
Asian Paints Ltd.,2009-07-08,0.0,1,0,1,0,ASIANPAINT
Asian Paints Ltd.,2012-08-03,0.0,1,0,1,0,ASIANPAINT
Asian Paints Ltd.,2015-03-30,1.0,2,2,0,0,ASIANPAINT
Asian Paints Ltd.,2015-05-14,-1.0,2,0,0,2,ASIANPAINT
Asian Paints Ltd.,2015-05-18,0.0,2,0,2,0,ASIANPAINT
Asian Paints Ltd.,2015-06-11,-1.0,2,0,0,2,ASIANPAINT
Asian Paints Ltd.,2015-07-07,0.0,2,0,2,0,ASIANPAINT
Asian Paints Ltd.,2015-07-17,-1.0,2,0,0,2,ASIANPAINT
Asian Paints Ltd.,2015-07-20,1.0,2,2,0,0,ASIANPAINT
Asian Paints Ltd.,2015-07-27,1.0,2,2,0,0,ASIANPAINT
Asian Paints Ltd.,2015-09-16,-1.0,2,0,0,2,ASIANPAINT
Asian Paints Ltd.,2015-09-21,-1.0,2,0,0,2,ASIANPAINT
Asian Paints Ltd.,2015-10-09,0.0,2,0,2,0,ASIANPAINT
Asian Paints Ltd.,2015-10-26,0.0,2,0,2,0,ASIANPAINT
Asian Paints Ltd.,2015-11-03,0.0,2,0,2,0,ASIANPAINT
Asian Paints Ltd.,2015-11-18,0.0,2,0,2,0,ASIANPAINT
Asian Paints Ltd.,2016-03-16,0.0,2,0,2,0,ASIANPAINT
Asian Paints Ltd.,2016-03-21,0.0,2,0,2,0,ASIANPAINT
Asian Paints Ltd.,2016-04-22,1.0,2,2,0,0,ASIANPAINT
Asian Paints Ltd.,2016-05-13,1.0,2,2,0,0,ASIANPAINT
Asian Paints Ltd.,2016-06-01,0.0,2,0,2,0,ASIANPAINT
Asian Paints Ltd.,2016-06-20,0.0,2,0,2,0,ASIANPAINT
Asian Paints Ltd.,2016-07-08,0.0,2,0,2,0,ASIANPAINT
Asian Paints Ltd.,2016-07-28,0.0,2,0,2,0,ASIANPAINT
Asian Paints Ltd.,2016-08-04,0.0,2,0,2,0,ASIANPAINT
Asian Paints Ltd.,2016-09-07,0.0,2,0,2,0,ASIANPAINT
Asian Paints Ltd.,2016-10-07,0.0,2,0,2,0,ASIANPAINT
Asian Paints Ltd.,2016-10-10,0.0,2,0,2,0,ASIANPAINT
Asian Paints Ltd.,2016-10-17,0.0,2,0,2,0,ASIANPAINT
Asian Paints Ltd.,2016-10-18,0.0,2,0,2,0,ASIANPAINT
Asian Paints Ltd.,2016-10-24,-1.0,2,0,0,2,ASIANPAINT
Asian Paints Ltd.,2016-10-27,0.0,2,0,2,0,ASIANPAINT
Asian Paints Ltd.,2016-10-28,-1.0,2,0,0,2,ASIANPAINT
Asian Paints Ltd.,2016-11-08,-1.0,2,0,0,2,ASIANPAINT
Asian Paints Ltd.,2016-11-10,-1.0,2,0,0,2,ASIANPAINT
Asian Paints Ltd.,2016-11-15,-1.0,2,0,0,2,ASIANPAINT
Asian Paints Ltd.,2016-11-16,-1.0,2,0,0,2,ASIANPAINT
Asian Paints Ltd.,2016-11-18,0.0,2,0,2,0,ASIANPAINT
Asian Paints Ltd.,2016-11-23,0.0,2,0,2,0,ASIANPAINT
Asian Paints Ltd.,2016-11-29,-1.0,2,0,0,2,ASIANPAINT
Asian Paints Ltd.,2016-12-01,1.0,2,2,0,0,ASIANPAINT
Asian Paints Ltd.,2016-12-02,0.0,2,0,2,0,ASIANPAINT
Asian Paints Ltd.,2016-12-05,0.0,2,0,2,0,ASIANPAINT
Asian Paints Ltd.,2016-12-08,-1.0,2,0,0,2,ASIANPAINT
Asian Paints Ltd.,2016-12-12,0.0,2,0,2,0,ASIANPAINT
Asian Paints Ltd.,2016-12-19,0.0,2,0,2,0,ASIANPAINT
Asian Paints Ltd.,2016-12-22,0.0,2,0,2,0,ASIANPAINT
Asian Paints Ltd.,2017-01-06,1.0,2,2,0,0,ASIANPAINT
Asian Paints Ltd.,2017-01-09,1.0,2,2,0,0,ASIANPAINT
Asian Paints Ltd.,2017-01-17,0.0,2,0,2,0,ASIANPAINT
Asian Paints Ltd.,2017-01-20,0.0,2,0,2,0,ASIANPAINT
Asian Paints Ltd.,2017-02-16,1.0,2,2,0,0,ASIANPAINT
Asian Paints Ltd.,2017-02-21,-1.0,2,0,0,2,ASIANPAINT
Asian Paints Ltd.,2017-02-22,0.0,2,0,2,0,ASIANPAINT
Asian Paints Ltd.,2017-02-23,1.0,2,2,0,0,ASIANPAINT
Asian Paints Ltd.,2017-03-03,0.0,2,0,2,0,ASIANPAINT
Asian Paints Ltd.,2017-03-27,0.0,2,0,2,0,ASIANPAINT
Asian Paints Ltd.,2017-04-10,0.0,2,0,2,0,ASIANPAINT
Asian Paints Ltd.,2017-04-17,0.0,2,0,2,0,ASIANPAINT
Asian Paints Ltd.,2017-05-05,0.0,2,0,2,0,ASIANPAINT
Asian Paints Ltd.,2017-05-10,-1.0,2,0,0,2,ASIANPAINT
Asian Paints Ltd.,2017-05-12,0.0,2,0,2,0,ASIANPAINT
Asian Paints Ltd.,2017-05-19,-1.0,2,0,0,2,ASIANPAINT
Asian Paints Ltd.,2017-06-08,0.0,2,0,2,0,ASIANPAINT
Asian Paints Ltd.,2017-06-28,0.0,2,0,2,0,ASIANPAINT
Asian Paints Ltd.,2017-07-13,0.0,2,0,2,0,ASIANPAINT
Asian Paints Ltd.,2017-07-18,0.0,2,0,2,0,ASIANPAINT
Asian Paints Ltd.,2017-07-26,0.0,2,0,2,0,ASIANPAINT
Asian Paints Ltd.,2017-07-27,0.0,2,0,2,0,ASIANPAINT
Asian Paints Ltd.,2017-08-09,0.0,2,0,2,0,ASIANPAINT
Asian Paints Ltd.,2017-08-16,0.0,2,0,2,0,ASIANPAINT
Asian Paints Ltd.,2017-09-01,0.0,2,0,2,0,ASIANPAINT
Asian Paints Ltd.,2017-09-11,0.0,2,0,2,0,ASIANPAINT
Asian Paints Ltd.,2017-09-26,-1.0,2,0,0,2,ASIANPAINT
Asian Paints Ltd.,2017-09-28,1.0,2,2,0,0,ASIANPAINT
Asian Paints Ltd.,2017-10-03,0.0,2,0,2,0,ASIANPAINT
Asian Paints Ltd.,2017-10-17,0.0,2,0,2,0,ASIANPAINT
Asian Paints Ltd.,2017-10-24,0.0,2,0,2,0,ASIANPAINT
Asian Paints Ltd.,2017-11-08,-1.0,2,0,0,2,ASIANPAINT
Asian Paints Ltd.,2017-11-09,0.0,2,0,2,0,ASIANPAINT
Asian Paints Ltd.,2017-11-10,-1.0,2,0,0,2,ASIANPAINT
Asian Paints Ltd.,2017-11-14,0.0,2,0,2,0,ASIANPAINT
Asian Paints Ltd.,2017-11-15,0.0,2,0,2,0,ASIANPAINT
Asian Paints Ltd.,2017-11-29,-1.0,2,0,0,2,ASIANPAINT
Asian Paints Ltd.,2017-12-04,0.0,2,0,2,0,ASIANPAINT
Asian Paints Ltd.,2017-12-07,0.0,2,0,2,0,ASIANPAINT
Asian Paints Ltd.,2017-12-11,0.0,2,0,2,0,ASIANPAINT
Asian Paints Ltd.,2017-12-15,0.0,2,0,2,0,ASIANPAINT
Asian Paints Ltd.,2018-01-10,0.0,2,0,2,0,ASIANPAINT
Asian Paints Ltd.,2018-01-30,1.0,2,2,0,0,ASIANPAINT
Asian Paints Ltd.,2018-02-19,0.0,2,0,2,0,ASIANPAINT
Asian Paints Ltd.,2018-02-23,0.0,2,0,2,0,ASIANPAINT
Asian Paints Ltd.,2018-02-28,-1.0,2,0,0,2,ASIANPAINT
Asian Paints Ltd.,2018-03-15,-1.0,2,0,0,2,ASIANPAINT
Asian Paints Ltd.,2018-05-02,-1.0,2,0,0,2,ASIANPAINT
Asian Paints Ltd.,2018-05-03,1.0,2,2,0,0,ASIANPAINT
Asian Paints Ltd.,2018-05-09,1.0,2,2,0,0,ASIANPAINT
Asian Paints Ltd.,2018-05-11,1.0,2,2,0,0,ASIANPAINT
Asian Paints Ltd.,2018-05-22,1.0,2,2,0,0,ASIANPAINT
Asian Paints Ltd.,2018-06-06,0.0,2,0,2,0,ASIANPAINT
Asian Paints Ltd.,2018-07-02,0.0,2,0,2,0,ASIANPAINT
Asian Paints Ltd.,2018-07-05,1.0,2,2,0,0,ASIANPAINT
Asian Paints Ltd.,2018-07-09,0.0,2,0,2,0,ASIANPAINT
Asian Paints Ltd.,2018-07-18,0.0,2,0,2,0,ASIANPAINT
Asian Paints Ltd.,2018-07-24,-1.0,2,0,0,2,ASIANPAINT
Asian Paints Ltd.,2018-07-26,0.0,2,0,2,0,ASIANPAINT
Asian Paints Ltd.,2018-09-04,0.0,2,0,2,0,ASIANPAINT
Asian Paints Ltd.,2018-09-14,-1.0,2,0,0,2,ASIANPAINT
Asian Paints Ltd.,2018-09-27,-1.0,2,0,0,2,ASIANPAINT
Asian Paints Ltd.,2018-10-09,0.0,2,0,2,0,ASIANPAINT
Asian Paints Ltd.,2018-10-23,1.0,2,2,0,0,ASIANPAINT
Asian Paints Ltd.,2018-10-24,0.0,2,0,2,0,ASIANPAINT
Asian Paints Ltd.,2018-11-09,0.0,2,0,2,0,ASIANPAINT
Asian Paints Ltd.,2018-11-14,0.0,2,0,2,0,ASIANPAINT
Asian Paints Ltd.,2018-12-10,0.0,2,0,2,0,ASIANPAINT
Asian Paints Ltd.,2018-12-11,0.0,2,0,2,0,ASIANPAINT
Asian Paints Ltd.,2018-12-12,1.0,2,2,0,0,ASIANPAINT
Asian Paints Ltd.,2018-12-19,-1.0,2,0,0,2,ASIANPAINT
Asian Paints Ltd.,2019-01-02,0.0,2,0,2,0,ASIANPAINT
Asian Paints Ltd.,2019-01-03,0.0,2,0,2,0,ASIANPAINT
Asian Paints Ltd.,2019-01-16,0.0,2,0,2,0,ASIANPAINT
Asian Paints Ltd.,2019-02-14,0.0,2,0,2,0,ASIANPAINT
Asian Paints Ltd.,2019-02-25,0.0,2,0,2,0,ASIANPAINT
Asian Paints Ltd.,2019-03-01,0.0,2,0,2,0,ASIANPAINT
Asian Paints Ltd.,2019-03-22,1.0,2,2,0,0,ASIANPAINT
Asian Paints Ltd.,2019-04-09,0.0,2,0,2,0,ASIANPAINT
Asian Paints Ltd.,2019-04-10,1.0,2,2,0,0,ASIANPAINT
Asian Paints Ltd.,2019-05-08,0.0,2,0,2,0,ASIANPAINT
Asian Paints Ltd.,2019-05-27,0.0,2,0,2,0,ASIANPAINT
Asian Paints Ltd.,2019-05-31,-1.0,2,0,0,2,ASIANPAINT
Asian Paints Ltd.,2019-06-03,0.0,2,0,2,0,ASIANPAINT
Asian Paints Ltd.,2019-06-18,0.0,2,0,2,0,ASIANPAINT
Asian Paints Ltd.,2019-06-25,0.0,2,0,2,0,ASIANPAINT
Asian Paints Ltd.,2019-07-24,1.0,2,2,0,0,ASIANPAINT
Asian Paints Ltd.,2019-08-02,1.0,2,2,0,0,ASIANPAINT
Asian Paints Ltd.,2019-09-17,0.0,2,0,2,0,ASIANPAINT
Asian Paints Ltd.,2019-10-16,0.0,2,0,2,0,ASIANPAINT
Asian Paints Ltd.,2019-11-22,0.0,2,0,2,0,ASIANPAINT
Asian Paints Ltd.,2019-12-02,0.0,2,0,2,0,ASIANPAINT
Asian Paints Ltd.,2019-12-04,0.0,2,0,2,0,ASIANPAINT
Asian Paints Ltd.,2019-12-18,0.0,2,0,2,0,ASIANPAINT
Asian Paints Ltd.,2020-01-03,1.0,2,2,0,0,ASIANPAINT
Asian Paints Ltd.,2020-02-03,0.0,2,0,2,0,ASIANPAINT
Asian Paints Ltd.,2020-02-20,0.0,2,0,2,0,ASIANPAINT
Asian Paints Ltd.,2020-02-21,0.0,2,0,2,0,ASIANPAINT
Asian Paints Ltd.,2020-03-04,0.0,2,0,2,0,ASIANPAINT
Asian Paints Ltd.,2020-03-06,0.0,2,0,2,0,ASIANPAINT
Asian Paints Ltd.,2020-03-09,-1.0,2,0,0,2,ASIANPAINT
Asian Paints Ltd.,2020-03-12,-1.0,2,0,0,2,ASIANPAINT
Asian Paints Ltd.,2020-03-13,1.0,2,2,0,0,ASIANPAINT
Asian Paints Ltd.,2020-04-22,0.0,2,0,2,0,ASIANPAINT
Asian Paints Ltd.,2020-04-29,-1.0,2,0,0,2,ASIANPAINT
Asian Paints Ltd.,2020-05-05,-1.0,2,0,0,2,ASIANPAINT
Asian Paints Ltd.,2020-05-12,-1.0,2,0,0,2,ASIANPAINT
Asian Paints Ltd.,2020-05-15,0.0,4,0,4,0,ASIANPAINT
Asian Paints Ltd.,2020-05-21,0.0,2,0,2,0,ASIANPAINT
Asian Paints Ltd.,2020-05-22,0.0,56,0,56,0,ASIANPAINT
Asian Paints Ltd.,2020-06-24,0.0,2,0,2,0,ASIANPAINT
Asian Paints Ltd.,2020-06-25,0.0,2,0,2,0,ASIANPAINT
Asian Paints Ltd.,2020-07-08,0.0,2,0,2,0,ASIANPAINT
Asian Paints Ltd.,2020-07-21,1.0,2,2,0,0,ASIANPAINT
Asian Paints Ltd.,2020-07-27,-1.0,2,0,0,2,ASIANPAINT
Asian Paints Ltd.,2020-07-28,0.0,2,0,2,0,ASIANPAINT
Asian Paints Ltd.,2020-07-31,0.0,2,0,2,0,ASIANPAINT
Asian Paints Ltd.,2020-08-07,0.0,2,0,2,0,ASIANPAINT
Asian Paints Ltd.,2020-08-10,0.0,2,0,2,0,ASIANPAINT
Asian Paints Ltd.,2020-08-21,1.0,2,2,0,0,ASIANPAINT
Asian Paints Ltd.,2020-08-26,-1.0,2,0,0,2,ASIANPAINT
Asian Paints Ltd.,2020-09-02,-1.0,2,0,0,2,ASIANPAINT
Asian Paints Ltd.,2020-09-25,0.0,16,0,16,0,ASIANPAINT
Asian Paints Ltd.,2020-10-09,0.0,2,0,2,0,ASIANPAINT
Asian Paints Ltd.,2020-10-12,0.0,2,0,2,0,ASIANPAINT
Asian Paints Ltd.,2020-10-15,0.0,2,0,2,0,ASIANPAINT
Asian Paints Ltd.,2020-10-20,0.0,2,0,2,0,ASIANPAINT
Asian Paints Ltd.,2020-10-27,1.0,2,2,0,0,ASIANPAINT
Asian Paints Ltd.,2020-10-29,-1.0,2,0,0,2,ASIANPAINT
Asian Paints Ltd.,2020-11-06,-1.0,2,0,0,2,ASIANPAINT
Asian Paints Ltd.,2020-11-27,1.0,2,2,0,0,ASIANPAINT
Asian Paints Ltd.,2020-12-02,1.0,2,2,0,0,ASIANPAINT
Asian Paints Ltd.,2020-12-03,1.0,2,2,0,0,ASIANPAINT
Asian Paints Ltd.,2020-12-09,0.0,2,0,2,0,ASIANPAINT
Asian Paints Ltd.,2021-01-04,0.0,2,0,2,0,ASIANPAINT
Asian Paints Ltd.,2021-01-12,-1.0,2,0,0,2,ASIANPAINT
Asian Paints Ltd.,2021-01-14,0.0,2,0,2,0,ASIANPAINT
Asian Paints Ltd.,2021-01-22,-1.0,2,0,0,2,ASIANPAINT
Asian Paints Ltd.,2021-02-04,1.0,2,2,0,0,ASIANPAINT
Asian Paints Ltd.,2021-02-09,0.0,2,0,2,0,ASIANPAINT
Asian Paints Ltd.,2021-02-17,-1.0,2,0,0,2,ASIANPAINT
Asian Paints Ltd.,2021-02-18,-1.0,2,0,0,2,ASIANPAINT
Asian Paints Ltd.,2021-03-04,0.0,2,0,2,0,ASIANPAINT
Asian Paints Ltd.,2021-03-16,0.0,2,0,2,0,ASIANPAINT
Asian Paints Ltd.,2021-03-24,1.0,2,2,0,0,ASIANPAINT
Asian Paints Ltd.,2021-03-26,-1.0,2,0,0,2,ASIANPAINT
Asian Paints Ltd.,2021-04-06,0.0,2,0,2,0,ASIANPAINT
Asian Paints Ltd.,2021-04-16,0.0,2,0,2,0,ASIANPAINT
Asian Paints Ltd.,2021-04-22,1.0,2,2,0,0,ASIANPAINT
Asian Paints Ltd.,2021-05-05,0.0,2,0,2,0,ASIANPAINT
Asian Paints Ltd.,2021-05-06,0.0,2,0,2,0,ASIANPAINT
Asian Paints Ltd.,2021-05-14,1.0,2,2,0,0,ASIANPAINT
Asian Paints Ltd.,2021-06-01,1.0,2,2,0,0,ASIANPAINT
Asian Paints Ltd.,2021-06-15,1.0,2,2,0,0,ASIANPAINT
Asian Paints Ltd.,2021-06-17,0.0,2,0,2,0,ASIANPAINT
Asian Paints Ltd.,2021-06-22,1.0,2,2,0,0,ASIANPAINT
Asian Paints Ltd.,2021-07-15,0.0,2,0,2,0,ASIANPAINT
Asian Paints Ltd.,2021-07-20,0.0,2,0,2,0,ASIANPAINT
Asian Paints Ltd.,2021-07-22,0.0,2,0,2,0,ASIANPAINT
Asian Paints Ltd.,2021-08-20,-1.0,2,0,0,2,ASIANPAINT
Asian Paints Ltd.,2021-09-01,1.0,2,2,0,0,ASIANPAINT
Asian Paints Ltd.,2021-09-15,-1.0,2,0,0,2,ASIANPAINT
Asian Paints Ltd.,2021-09-24,-1.0,2,0,0,2,ASIANPAINT
Asian Paints Ltd.,2021-09-29,-1.0,2,0,0,2,ASIANPAINT
Asian Paints Ltd.,2021-09-30,0.0,2,0,2,0,ASIANPAINT
Asian Paints Ltd.,2021-10-01,1.0,2,2,0,0,ASIANPAINT
Asian Paints Ltd.,2021-10-18,0.0,2,0,2,0,ASIANPAINT
Asian Paints Ltd.,2021-10-21,-1.0,2,0,0,2,ASIANPAINT
Asian Paints Ltd.,2021-10-27,0.0,2,0,2,0,ASIANPAINT
Asian Paints Ltd.,2021-11-03,0.0,2,0,2,0,ASIANPAINT
Asian Paints Ltd.,2021-11-15,1.0,2,2,0,0,ASIANPAINT
Asian Paints Ltd.,2021-11-17,1.0,2,2,0,0,ASIANPAINT
Asian Paints Ltd.,2021-11-22,0.0,2,0,2,0,ASIANPAINT
Asian Paints Ltd.,2021-11-23,0.0,2,0,2,0,ASIANPAINT
Asian Paints Ltd.,2021-11-26,0.0,2,0,2,0,ASIANPAINT
Asian Paints Ltd.,2021-12-07,1.0,2,2,0,0,ASIANPAINT
Asian Paints Ltd.,2021-12-09,0.0,2,0,2,0,ASIANPAINT
Asian Paints Ltd.,2021-12-10,0.0,2,0,2,0,ASIANPAINT
Asian Paints Ltd.,2021-12-20,0.0,2,0,2,0,ASIANPAINT
Asian Paints Ltd.,2021-12-24,1.0,2,2,0,0,ASIANPAINT
Asian Paints Ltd.,2021-12-28,0.0,2,0,2,0,ASIANPAINT
Asian Paints Ltd.,2022-01-07,0.0,2,0,2,0,ASIANPAINT
Asian Paints Ltd.,2022-01-10,0.0,2,0,2,0,ASIANPAINT
Asian Paints Ltd.,2022-01-13,0.0,2,0,2,0,ASIANPAINT
Asian Paints Ltd.,2022-01-14,0.0,2,0,2,0,ASIANPAINT
Asian Paints Ltd.,2022-01-19,0.0,2,0,2,0,ASIANPAINT
Asian Paints Ltd.,2022-01-20,-1.0,2,0,0,2,ASIANPAINT
Asian Paints Ltd.,2022-02-04,1.0,2,2,0,0,ASIANPAINT
Asian Paints Ltd.,2022-03-02,-1.0,2,0,0,2,ASIANPAINT
Asian Paints Ltd.,2022-03-03,-1.0,2,0,0,2,ASIANPAINT
Asian Paints Ltd.,2022-03-04,0.0,2,0,2,0,ASIANPAINT
Asian Paints Ltd.,2022-03-09,0.0,2,0,2,0,ASIANPAINT
Asian Paints Ltd.,2022-03-21,-1.0,2,0,0,2,ASIANPAINT
Asian Paints Ltd.,2022-03-25,0.0,2,0,2,0,ASIANPAINT
Asian Paints Ltd.,2022-04-04,0.0,2,0,2,0,ASIANPAINT
Asian Paints Ltd.,2022-04-20,0.0,2,0,2,0,ASIANPAINT
Asian Paints Ltd.,2022-04-26,1.0,2,2,0,0,ASIANPAINT
Asian Paints Ltd.,2022-04-27,0.0,2,0,2,0,ASIANPAINT
Asian Paints Ltd.,2022-04-28,-1.0,2,0,0,2,ASIANPAINT
Asian Paints Ltd.,2022-05-10,0.0,2,0,2,0,ASIANPAINT
Asian Paints Ltd.,2022-05-16,1.0,2,2,0,0,ASIANPAINT
Asian Paints Ltd.,2022-05-18,1.0,2,2,0,0,ASIANPAINT
Asian Paints Ltd.,2022-05-25,0.0,2,0,2,0,ASIANPAINT
Asian Paints Ltd.,2022-06-10,0.0,2,0,2,0,ASIANPAINT
Asian Paints Ltd.,2022-06-16,1.0,2,2,0,0,ASIANPAINT
Asian Paints Ltd.,2022-06-20,0.0,2,0,2,0,ASIANPAINT
Asian Paints Ltd.,2022-06-23,1.0,2,2,0,0,ASIANPAINT
Asian Paints Ltd.,2022-06-28,0.0,2,0,2,0,ASIANPAINT
Asian Paints Ltd.,2022-07-13,1.0,2,2,0,0,ASIANPAINT
Asian Paints Ltd.,2022-07-27,1.0,2,2,0,0,ASIANPAINT
Asian Paints Ltd.,2022-09-16,1.0,2,2,0,0,ASIANPAINT
Asian Paints Ltd.,2022-10-12,0.0,2,0,2,0,ASIANPAINT
Asian Paints Ltd.,2022-10-20,0.0,2,0,2,0,ASIANPAINT
Asian Paints Ltd.,2022-10-21,-1.0,4,0,0,4,ASIANPAINT
Asian Paints Ltd.,2022-10-25,0.0,2,0,2,0,ASIANPAINT
Asian Paints Ltd.,2022-10-27,1.0,2,2,0,0,ASIANPAINT
Asian Paints Ltd.,2022-11-23,0.0,2,0,2,0,ASIANPAINT
Asian Paints Ltd.,2023-01-06,0.0,2,0,2,0,ASIANPAINT
Asian Paints Ltd.,2023-01-19,0.0,2,0,2,0,ASIANPAINT
Asian Paints Ltd.,2023-01-20,0.0,4,0,4,0,ASIANPAINT
Asian Paints Ltd.,2023-01-21,0.0,2,0,2,0,ASIANPAINT
Asian Paints Ltd.,2023-01-23,-1.0,2,0,0,2,ASIANPAINT
Asian Paints Ltd.,2023-01-26,0.0,2,0,2,0,ASIANPAINT
Asian Paints Ltd.,2023-04-20,0.0,2,0,2,0,ASIANPAINT
Asian Paints Ltd.,2023-04-24,0.0,2,0,2,0,ASIANPAINT
Asian Paints Ltd.,2023-04-27,0.0,2,0,2,0,ASIANPAINT
Asian Paints Ltd.,2023-05-10,0.0,4,0,4,0,ASIANPAINT
Asian Paints Ltd.,2023-05-12,0.0,2,0,2,0,ASIANPAINT
Asian Paints Ltd.,2023-05-15,-1.0,4,0,0,4,ASIANPAINT
Asian Paints Ltd.,2023-05-29,1.0,4,4,0,0,ASIANPAINT
Asian Paints Ltd.,2023-05-31,0.0,2,0,2,0,ASIANPAINT
Asian Paints Ltd.,2023-06-23,0.0,2,0,2,0,ASIANPAINT
Asian Paints Ltd.,2023-06-26,0.0,2,0,2,0,ASIANPAINT
Asian Paints Ltd.,2023-07-12,0.0,4,0,4,0,ASIANPAINT
Asian Paints Ltd.,2023-07-20,0.0,2,0,2,0,ASIANPAINT
Asian Paints Ltd.,2023-07-26,0.0,8,0,8,0,ASIANPAINT
Asian Paints Ltd.,2023-07-27,0.0,2,0,2,0,ASIANPAINT
Asian Paints Ltd.,2023-09-20,0.0,2,0,2,0,ASIANPAINT
Asian Paints Ltd.,2023-09-21,1.0,2,2,0,0,ASIANPAINT
Asian Paints Ltd.,2023-09-29,0.0,2,0,2,0,ASIANPAINT
Asian Paints Ltd.,2023-10-02,0.0,2,0,2,0,ASIANPAINT
Asian Paints Ltd.,2023-10-06,0.0,2,0,2,0,ASIANPAINT
Asian Paints Ltd.,2023-10-22,0.0,2,0,2,0,ASIANPAINT
Asian Paints Ltd.,2023-10-25,0.0,2,0,2,0,ASIANPAINT
Asian Paints Ltd.,2023-10-26,0.0,6,0,6,0,ASIANPAINT
Asian Paints Ltd.,2023-10-27,0.0,18,0,18,0,ASIANPAINT
Asian Paints Ltd.,2023-10-28,0.0,2,0,2,0,ASIANPAINT
Asian Paints Ltd.,2023-10-30,-1.0,2,0,0,2,ASIANPAINT
Asian Paints Ltd.,2023-10-31,0.0,2,0,2,0,ASIANPAINT
Asian Paints Ltd.,2023-11-01,0.0,2,0,2,0,ASIANPAINT
Asian Paints Ltd.,2023-11-02,1.0,2,2,0,0,ASIANPAINT
Asian Paints Ltd.,2023-11-22,0.0,4,0,4,0,ASIANPAINT
Asian Paints Ltd.,2023-12-06,0.0,4,0,4,0,ASIANPAINT
Asian Paints Ltd.,2023-12-15,0.0,4,0,4,0,ASIANPAINT
Asian Paints Ltd.,2024-01-09,0.0,4,0,4,0,ASIANPAINT
Asian Paints Ltd.,2024-01-12,0.0,8,0,8,0,ASIANPAINT
Asian Paints Ltd.,2024-01-17,0.0,16,0,16,0,ASIANPAINT
Asian Paints Ltd.,2024-01-19,-1.0,4,0,0,4,ASIANPAINT
Asian Paints Ltd.,2024-02-14,0.0,2,0,2,0,ASIANPAINT
Asian Paints Ltd.,2024-02-25,0.0,6,0,6,0,ASIANPAINT
Asian Paints Ltd.,2024-02-26,-1.0,2,0,0,2,ASIANPAINT
Asian Paints Ltd.,2024-03-12,1.0,4,4,0,0,ASIANPAINT
Asian Paints Ltd.,2024-04-03,-1.0,2,0,0,2,ASIANPAINT
Asian Paints Ltd.,2024-06-18,0.0,2,0,2,0,ASIANPAINT
Asian Paints Ltd.,2024-06-20,0.0,2,0,2,0,ASIANPAINT
Asian Paints Ltd.,2024-06-27,0.0,2,0,2,0,ASIANPAINT
Asian Paints Ltd.,2024-06-28,0.0,2,0,2,0,ASIANPAINT
Asian Paints Ltd.,2024-07-12,0.0,2,0,2,0,ASIANPAINT
Asian Paints Ltd.,2024-07-17,0.0,2,0,2,0,ASIANPAINT
Asian Paints Ltd.,2024-07-18,0.0,20,0,20,0,ASIANPAINT
Asian Paints Ltd.,2024-08-08,0.0,2,0,2,0,ASIANPAINT
Asian Paints Ltd.,2024-08-28,0.0,2,0,2,0,ASIANPAINT
Asian Paints Ltd.,2024-09-28,0.0,2,0,2,0,ASIANPAINT
Asian Paints Ltd.,2024-10-01,-1.0,2,0,0,2,ASIANPAINT
Asian Paints Ltd.,2024-11-10,0.0,6,0,6,0,ASIANPAINT
Asian Paints Ltd.,2024-11-11,0.0,5,0,5,0,ASIANPAINT
Asian Paints Ltd.,2024-11-12,0.0,2,0,2,0,ASIANPAINT
Asian Paints Ltd.,2024-12-31,1.0,4,4,0,0,ASIANPAINT
Axis Bank Ltd.,2013-05-07,-1.0,1,0,0,1,AXISBANK
Axis Bank Ltd.,2013-06-14,-1.0,1,0,0,1,AXISBANK
Axis Bank Ltd.,2013-06-23,0.0,1,0,1,0,AXISBANK
Axis Bank Ltd.,2015-08-31,-1.0,1,0,0,1,AXISBANK
Axis Bank Ltd.,2016-10-20,0.0,1,0,1,0,AXISBANK
Bajaj Finance Ltd.,2011-01-24,-1.0,1,0,0,1,BAJFINANCE
Bajaj Finance Ltd.,2011-04-08,0.0,1,0,1,0,BAJFINANCE
Bajaj Finance Ltd.,2013-11-06,0.0,1,0,1,0,BAJFINANCE
Bajaj Finance Ltd.,2018-12-19,0.0,2,0,2,0,BAJFINANCE
Bajaj Finance Ltd.,2019-01-21,0.0,2,0,2,0,BAJFINANCE
Bajaj Finance Ltd.,2019-01-29,0.0,2,0,2,0,BAJFINANCE
Bajaj Finance Ltd.,2019-01-31,-1.0,2,0,0,2,BAJFINANCE
Bajaj Finance Ltd.,2019-02-21,0.0,2,0,2,0,BAJFINANCE
Bajaj Finance Ltd.,2019-07-22,-1.0,2,0,0,2,BAJFINANCE
Bajaj Finance Ltd.,2019-07-25,0.0,2,0,2,0,BAJFINANCE
Bajaj Finance Ltd.,2019-07-26,0.0,2,0,2,0,BAJFINANCE
Bajaj Finance Ltd.,2019-08-14,0.0,2,0,2,0,BAJFINANCE
Bajaj Finance Ltd.,2019-08-23,1.0,1,1,0,0,BAJFINANCE
Bajaj Finance Ltd.,2019-10-22,0.0,2,0,2,0,BAJFINANCE
Bajaj Finance Ltd.,2019-11-04,0.0,2,0,2,0,BAJFINANCE
Bajaj Finance Ltd.,2020-04-13,1.0,2,2,0,0,BAJFINANCE
Bajaj Finance Ltd.,2020-04-27,1.0,2,2,0,0,BAJFINANCE
Bajaj Finance Ltd.,2020-05-21,-1.0,2,0,0,2,BAJFINANCE
Bajaj Finance Ltd.,2020-05-22,1.0,40,40,0,0,BAJFINANCE
Bajaj Finance Ltd.,2020-05-26,0.0,2,0,2,0,BAJFINANCE
Bajaj Finance Ltd.,2020-06-22,-1.0,2,0,0,2,BAJFINANCE
Bajaj Finance Ltd.,2020-07-01,-1.0,2,0,0,2,BAJFINANCE
Bajaj Finance Ltd.,2020-07-07,1.0,2,2,0,0,BAJFINANCE
Bajaj Finance Ltd.,2020-07-08,0.0,2,0,2,0,BAJFINANCE
Bajaj Finance Ltd.,2020-07-20,-1.0,2,0,0,2,BAJFINANCE
Bajaj Finance Ltd.,2020-07-21,1.0,2,2,0,0,BAJFINANCE
Bajaj Finance Ltd.,2020-08-12,-1.0,2,0,0,2,BAJFINANCE
Bajaj Finance Ltd.,2020-09-25,-1.0,24,0,0,24,BAJFINANCE
Bajaj Finance Ltd.,2020-10-05,-1.0,2,0,0,2,BAJFINANCE
Bajaj Finance Ltd.,2020-11-06,1.0,2,2,0,0,BAJFINANCE
Bajaj Finance Ltd.,2020-11-09,1.0,2,2,0,0,BAJFINANCE
Bajaj Finance Ltd.,2020-11-11,1.0,2,2,0,0,BAJFINANCE
Bajaj Finance Ltd.,2020-11-13,1.0,2,2,0,0,BAJFINANCE
Bajaj Finance Ltd.,2020-11-18,1.0,2,2,0,0,BAJFINANCE
Bajaj Finance Ltd.,2020-11-20,0.0,2,0,2,0,BAJFINANCE
Bajaj Finance Ltd.,2020-12-04,0.0,2,0,2,0,BAJFINANCE
Bajaj Finance Ltd.,2020-12-15,1.0,2,2,0,0,BAJFINANCE
Bajaj Finance Ltd.,2021-01-11,-1.0,2,0,0,2,BAJFINANCE
Bajaj Finance Ltd.,2021-01-13,0.0,2,0,2,0,BAJFINANCE
Bajaj Finance Ltd.,2021-01-19,1.0,2,2,0,0,BAJFINANCE
Bajaj Finance Ltd.,2021-02-01,1.0,2,2,0,0,BAJFINANCE
Bajaj Finance Ltd.,2021-02-02,1.0,2,2,0,0,BAJFINANCE
Bajaj Finance Ltd.,2021-02-08,1.0,2,2,0,0,BAJFINANCE
Bajaj Finance Ltd.,2021-02-10,0.0,2,0,2,0,BAJFINANCE
Bajaj Finance Ltd.,2021-02-17,-1.0,2,0,0,2,BAJFINANCE
Bajaj Finance Ltd.,2021-03-03,0.0,2,0,2,0,BAJFINANCE
Bajaj Finance Ltd.,2021-03-04,-1.0,2,0,0,2,BAJFINANCE
Bajaj Finance Ltd.,2021-03-15,-1.0,2,0,0,2,BAJFINANCE
Bajaj Finance Ltd.,2021-03-26,0.0,2,0,2,0,BAJFINANCE
Bajaj Finance Ltd.,2021-03-31,-1.0,2,0,0,2,BAJFINANCE
Bajaj Finance Ltd.,2021-04-13,0.0,2,0,2,0,BAJFINANCE
Bajaj Finance Ltd.,2021-04-20,0.0,2,0,2,0,BAJFINANCE
Bajaj Finance Ltd.,2021-04-28,0.0,2,0,2,0,BAJFINANCE
Bajaj Finance Ltd.,2021-04-29,1.0,2,2,0,0,BAJFINANCE
Bajaj Finance Ltd.,2021-05-07,-1.0,2,0,0,2,BAJFINANCE
Bajaj Finance Ltd.,2021-06-04,0.0,2,0,2,0,BAJFINANCE
Bajaj Finance Ltd.,2021-06-07,-1.0,2,0,0,2,BAJFINANCE
Bajaj Finance Ltd.,2021-06-09,0.0,2,0,2,0,BAJFINANCE
Bajaj Finance Ltd.,2021-06-10,1.0,2,2,0,0,BAJFINANCE
Bajaj Finance Ltd.,2021-06-11,0.0,2,0,2,0,BAJFINANCE
Bajaj Finance Ltd.,2021-06-15,0.0,2,0,2,0,BAJFINANCE
Bajaj Finance Ltd.,2021-06-23,0.0,2,0,2,0,BAJFINANCE
Bajaj Finance Ltd.,2021-06-30,0.0,2,0,2,0,BAJFINANCE
Bajaj Finance Ltd.,2021-07-01,1.0,2,2,0,0,BAJFINANCE
Bajaj Finance Ltd.,2021-07-07,0.0,2,0,2,0,BAJFINANCE
Bajaj Finance Ltd.,2021-07-09,0.0,4,0,4,0,BAJFINANCE
Bajaj Finance Ltd.,2021-07-16,-1.0,2,0,0,2,BAJFINANCE
Bajaj Finance Ltd.,2021-07-29,0.0,2,0,2,0,BAJFINANCE
Bajaj Finance Ltd.,2021-07-30,1.0,2,2,0,0,BAJFINANCE
Bajaj Finance Ltd.,2021-08-02,0.0,2,0,2,0,BAJFINANCE
Bajaj Finance Ltd.,2021-08-18,1.0,2,2,0,0,BAJFINANCE
Bajaj Finance Ltd.,2021-08-23,0.0,2,0,2,0,BAJFINANCE
Bajaj Finance Ltd.,2021-08-24,0.0,2,0,2,0,BAJFINANCE
Bajaj Finance Ltd.,2021-08-25,0.0,2,0,2,0,BAJFINANCE
Bajaj Finance Ltd.,2021-08-31,0.0,2,0,2,0,BAJFINANCE
Bajaj Finance Ltd.,2021-09-01,0.0,2,0,2,0,BAJFINANCE
Bajaj Finance Ltd.,2021-09-02,0.0,2,0,2,0,BAJFINANCE
Bajaj Finance Ltd.,2021-09-13,0.0,2,0,2,0,BAJFINANCE
Bajaj Finance Ltd.,2021-09-20,0.0,2,0,2,0,BAJFINANCE
Bajaj Finance Ltd.,2021-09-23,0.0,2,0,2,0,BAJFINANCE
Bajaj Finance Ltd.,2021-09-30,1.0,2,2,0,0,BAJFINANCE
Bajaj Finance Ltd.,2021-10-01,0.0,2,0,2,0,BAJFINANCE
Bajaj Finance Ltd.,2021-10-04,0.0,2,0,2,0,BAJFINANCE
Bajaj Finance Ltd.,2021-10-19,0.0,2,0,2,0,BAJFINANCE
Bajaj Finance Ltd.,2021-10-25,-1.0,2,0,0,2,BAJFINANCE
Bajaj Finance Ltd.,2021-10-27,-1.0,2,0,0,2,BAJFINANCE
Bajaj Finance Ltd.,2021-11-01,0.0,2,0,2,0,BAJFINANCE
Bajaj Finance Ltd.,2021-11-08,0.0,2,0,2,0,BAJFINANCE
Bajaj Finance Ltd.,2021-11-11,0.0,2,0,2,0,BAJFINANCE
Bajaj Finance Ltd.,2021-11-22,0.0,2,0,2,0,BAJFINANCE
Bajaj Finance Ltd.,2021-11-30,1.0,2,2,0,0,BAJFINANCE
Bajaj Finance Ltd.,2021-12-06,1.0,2,2,0,0,BAJFINANCE
Bajaj Finance Ltd.,2021-12-13,-1.0,2,0,0,2,BAJFINANCE
Bajaj Finance Ltd.,2021-12-15,-1.0,2,0,0,2,BAJFINANCE
Bajaj Finance Ltd.,2022-01-03,1.0,2,2,0,0,BAJFINANCE
Bajaj Finance Ltd.,2022-01-05,-1.0,2,0,0,2,BAJFINANCE
Bajaj Finance Ltd.,2022-01-07,0.0,2,0,2,0,BAJFINANCE
Bajaj Finance Ltd.,2022-01-20,-1.0,2,0,0,2,BAJFINANCE
Bajaj Finance Ltd.,2022-01-21,0.0,2,0,2,0,BAJFINANCE
Bajaj Finance Ltd.,2022-01-25,0.0,2,0,2,0,BAJFINANCE
Bajaj Finance Ltd.,2022-01-31,1.0,2,2,0,0,BAJFINANCE
Bajaj Finance Ltd.,2022-02-02,0.0,2,0,2,0,BAJFINANCE
Bajaj Finance Ltd.,2022-02-08,0.0,2,0,2,0,BAJFINANCE
Bajaj Finance Ltd.,2022-02-15,0.0,2,0,2,0,BAJFINANCE
Bajaj Finance Ltd.,2022-02-22,-1.0,2,0,0,2,BAJFINANCE
Bajaj Finance Ltd.,2022-03-22,0.0,2,0,2,0,BAJFINANCE
Bajaj Finance Ltd.,2022-03-30,1.0,2,2,0,0,BAJFINANCE
Bajaj Finance Ltd.,2022-04-05,0.0,2,0,2,0,BAJFINANCE
Bajaj Finance Ltd.,2022-04-20,0.0,2,0,2,0,BAJFINANCE
Bajaj Finance Ltd.,2022-04-21,-1.0,2,0,0,2,BAJFINANCE
Bajaj Finance Ltd.,2022-04-27,0.0,2,0,2,0,BAJFINANCE
Bajaj Finance Ltd.,2022-05-04,-1.0,2,0,0,2,BAJFINANCE
Bajaj Finance Ltd.,2022-05-06,-1.0,2,0,0,2,BAJFINANCE
Bajaj Finance Ltd.,2022-05-11,-1.0,2,0,0,2,BAJFINANCE
Bajaj Finance Ltd.,2022-06-01,0.0,2,0,2,0,BAJFINANCE
Bajaj Finance Ltd.,2022-06-02,0.0,2,0,2,0,BAJFINANCE
Bajaj Finance Ltd.,2022-06-13,1.0,2,2,0,0,BAJFINANCE
Bajaj Finance Ltd.,2022-06-15,1.0,2,2,0,0,BAJFINANCE
Bajaj Finance Ltd.,2022-06-17,1.0,2,2,0,0,BAJFINANCE
Bajaj Finance Ltd.,2022-06-21,0.0,2,0,2,0,BAJFINANCE
Bajaj Finance Ltd.,2022-06-28,-1.0,2,0,0,2,BAJFINANCE
Bajaj Finance Ltd.,2022-06-29,1.0,2,2,0,0,BAJFINANCE
Bajaj Finance Ltd.,2022-06-30,0.0,2,0,2,0,BAJFINANCE
Bajaj Finance Ltd.,2022-07-01,0.0,2,0,2,0,BAJFINANCE
Bajaj Finance Ltd.,2022-07-05,0.0,2,0,2,0,BAJFINANCE
Bajaj Finance Ltd.,2022-07-06,0.0,2,0,2,0,BAJFINANCE
Bajaj Finance Ltd.,2023-06-14,1.0,2,2,0,0,BAJFINANCE
Bajaj Finance Ltd.,2023-06-20,-1.0,2,0,0,2,BAJFINANCE
Bajaj Finance Ltd.,2023-08-05,0.0,2,0,2,0,BAJFINANCE
Bajaj Finance Ltd.,2023-08-24,0.0,2,0,2,0,BAJFINANCE
Bajaj Finance Ltd.,2023-09-08,0.0,2,0,2,0,BAJFINANCE
Bajaj Finance Ltd.,2023-09-21,1.0,4,4,0,0,BAJFINANCE
Bajaj Finance Ltd.,2023-09-25,0.0,2,0,2,0,BAJFINANCE
Bajaj Finance Ltd.,2023-09-29,-1.0,2,0,0,2,BAJFINANCE
Bajaj Finance Ltd.,2023-10-04,1.0,4,4,0,0,BAJFINANCE
Bajaj Finance Ltd.,2023-10-09,0.0,2,0,2,0,BAJFINANCE
Bajaj Finance Ltd.,2023-10-18,0.0,2,0,2,0,BAJFINANCE
Bajaj Finance Ltd.,2023-10-22,0.0,2,0,2,0,BAJFINANCE
Bajaj Finance Ltd.,2023-10-23,-1.0,2,0,0,2,BAJFINANCE
Bajaj Finance Ltd.,2023-11-02,1.0,2,2,0,0,BAJFINANCE
Bajaj Finance Ltd.,2023-11-10,-1.0,2,0,0,2,BAJFINANCE
Bajaj Finance Ltd.,2024-01-31,1.0,2,2,0,0,BAJFINANCE
Bajaj Finance Ltd.,2024-03-13,1.0,2,2,0,0,BAJFINANCE
Bajaj Finance Ltd.,2024-04-08,0.0,2,0,2,0,BAJFINANCE
Bajaj Finance Ltd.,2024-04-19,0.0,1,0,1,0,BAJFINANCE
Bajaj Finance Ltd.,2024-04-27,0.0,2,0,2,0,BAJFINANCE
Bajaj Finance Ltd.,2024-04-29,0.0,2,0,2,0,BAJFINANCE
Bajaj Finance Ltd.,2024-07-08,0.0,2,0,2,0,BAJFINANCE
Bajaj Finance Ltd.,2024-07-18,0.0,2,0,2,0,BAJFINANCE
Bajaj Finance Ltd.,2024-07-24,1.0,2,2,0,0,BAJFINANCE
Bajaj Finance Ltd.,2024-07-29,0.0,2,0,2,0,BAJFINANCE
Bajaj Finance Ltd.,2024-09-03,0.0,2,0,2,0,BAJFINANCE
Bajaj Finance Ltd.,2024-09-10,1.0,2,2,0,0,BAJFINANCE
Bajaj Finance Ltd.,2024-09-12,-1.0,2,0,0,2,BAJFINANCE
Bajaj Finance Ltd.,2024-09-26,0.0,2,0,2,0,BAJFINANCE
Bajaj Finance Ltd.,2024-10-29,0.0,2,0,2,0,BAJFINANCE
Bajaj Finance Ltd.,2024-12-10,0.0,2,0,2,0,BAJFINANCE
Bajaj Finance Ltd.,2025-01-02,0.0,4,0,4,0,BAJFINANCE
Bajaj Finance Ltd.,2025-01-07,-1.0,2,0,0,2,BAJFINANCE
Bajaj Finserv Ltd.,2011-01-24,-1.0,1,0,0,1,BAJAJFINSV
Bajaj Finserv Ltd.,2011-04-08,0.0,1,0,1,0,BAJAJFINSV
Bajaj Finserv Ltd.,2013-11-06,0.0,1,0,1,0,BAJAJFINSV
Bajaj Finserv Ltd.,2017-10-25,1.0,2,2,0,0,BAJAJFINSV
Bajaj Finserv Ltd.,2017-10-27,0.0,2,0,2,0,BAJAJFINSV
Bajaj Finserv Ltd.,2017-11-14,1.0,2,2,0,0,BAJAJFINSV
Bajaj Finserv Ltd.,2017-11-16,0.0,2,0,2,0,BAJAJFINSV
Bajaj Finserv Ltd.,2017-11-21,0.0,2,0,2,0,BAJAJFINSV
Bajaj Finserv Ltd.,2017-11-22,0.0,2,0,2,0,BAJAJFINSV
Bajaj Finserv Ltd.,2017-12-21,0.0,2,0,2,0,BAJAJFINSV
Bajaj Finserv Ltd.,2017-12-22,-1.0,2,0,0,2,BAJAJFINSV
Bajaj Finserv Ltd.,2018-01-05,-1.0,2,0,0,2,BAJAJFINSV
Bajaj Finserv Ltd.,2018-01-16,0.0,2,0,2,0,BAJAJFINSV
Bajaj Finserv Ltd.,2018-01-19,0.0,2,0,2,0,BAJAJFINSV
Bajaj Finserv Ltd.,2018-02-01,0.0,2,0,2,0,BAJAJFINSV
Bajaj Finserv Ltd.,2018-02-02,0.0,2,0,2,0,BAJAJFINSV
Bajaj Finserv Ltd.,2018-02-06,0.0,2,0,2,0,BAJAJFINSV
Bajaj Finserv Ltd.,2018-02-21,1.0,2,2,0,0,BAJAJFINSV
Bajaj Finserv Ltd.,2018-03-09,1.0,2,2,0,0,BAJAJFINSV
Bajaj Finserv Ltd.,2018-03-15,0.0,2,0,2,0,BAJAJFINSV
Bajaj Finserv Ltd.,2018-03-21,0.0,2,0,2,0,BAJAJFINSV
Bajaj Finserv Ltd.,2018-03-26,-1.0,2,0,0,2,BAJAJFINSV
Bajaj Finserv Ltd.,2018-05-15,1.0,2,2,0,0,BAJAJFINSV
Bajaj Finserv Ltd.,2018-05-17,0.0,2,0,2,0,BAJAJFINSV
Bajaj Finserv Ltd.,2018-05-18,1.0,2,2,0,0,BAJAJFINSV
Bajaj Finserv Ltd.,2018-05-30,-1.0,2,0,0,2,BAJAJFINSV
Bajaj Finserv Ltd.,2018-06-05,1.0,2,2,0,0,BAJAJFINSV
Bajaj Finserv Ltd.,2018-06-11,0.0,2,0,2,0,BAJAJFINSV
Bajaj Finserv Ltd.,2018-06-19,0.0,2,0,2,0,BAJAJFINSV
Bajaj Finserv Ltd.,2018-06-22,-1.0,2,0,0,2,BAJAJFINSV
Bajaj Finserv Ltd.,2018-06-25,-1.0,2,0,0,2,BAJAJFINSV
Bajaj Finserv Ltd.,2018-07-13,1.0,2,2,0,0,BAJAJFINSV
Bajaj Finserv Ltd.,2018-07-20,-1.0,2,0,0,2,BAJAJFINSV
Bajaj Finserv Ltd.,2018-07-24,1.0,2,2,0,0,BAJAJFINSV
Bajaj Finserv Ltd.,2018-08-08,0.0,2,0,2,0,BAJAJFINSV
Bajaj Finserv Ltd.,2018-08-29,-1.0,2,0,0,2,BAJAJFINSV
Bajaj Finserv Ltd.,2018-08-30,-1.0,2,0,0,2,BAJAJFINSV
Bajaj Finserv Ltd.,2018-09-03,0.0,2,0,2,0,BAJAJFINSV
Bajaj Finserv Ltd.,2018-09-10,0.0,2,0,2,0,BAJAJFINSV
Bajaj Finserv Ltd.,2018-09-17,-1.0,2,0,0,2,BAJAJFINSV
Bajaj Finserv Ltd.,2018-09-21,1.0,2,2,0,0,BAJAJFINSV
Bajaj Finserv Ltd.,2018-09-27,-1.0,2,0,0,2,BAJAJFINSV
Bajaj Finserv Ltd.,2018-09-28,-1.0,2,0,0,2,BAJAJFINSV
Bajaj Finserv Ltd.,2018-10-10,1.0,2,2,0,0,BAJAJFINSV
Bajaj Finserv Ltd.,2018-10-12,0.0,2,0,2,0,BAJAJFINSV
Bajaj Finserv Ltd.,2018-10-17,-1.0,2,0,0,2,BAJAJFINSV
Bajaj Finserv Ltd.,2018-10-24,0.0,2,0,2,0,BAJAJFINSV
Bajaj Finserv Ltd.,2018-11-19,1.0,2,2,0,0,BAJAJFINSV
Bajaj Finserv Ltd.,2018-12-18,0.0,2,0,2,0,BAJAJFINSV
Bajaj Finserv Ltd.,2018-12-28,0.0,2,0,2,0,BAJAJFINSV
Bajaj Finserv Ltd.,2019-01-16,-1.0,2,0,0,2,BAJAJFINSV
Bajaj Finserv Ltd.,2019-01-22,-1.0,2,0,0,2,BAJAJFINSV
Bajaj Finserv Ltd.,2019-01-28,0.0,2,0,2,0,BAJAJFINSV
Bajaj Finserv Ltd.,2019-01-29,-1.0,2,0,0,2,BAJAJFINSV
Bajaj Finserv Ltd.,2019-01-31,-1.0,2,0,0,2,BAJAJFINSV
Bajaj Finserv Ltd.,2019-02-06,-1.0,2,0,0,2,BAJAJFINSV
Bajaj Finserv Ltd.,2019-02-11,0.0,2,0,2,0,BAJAJFINSV
Bajaj Finserv Ltd.,2019-03-06,0.0,2,0,2,0,BAJAJFINSV
Bajaj Finserv Ltd.,2019-03-08,1.0,2,2,0,0,BAJAJFINSV
Bajaj Finserv Ltd.,2019-03-12,0.0,2,0,2,0,BAJAJFINSV
Bajaj Finserv Ltd.,2019-03-13,0.0,2,0,2,0,BAJAJFINSV
Bajaj Finserv Ltd.,2019-03-18,0.0,2,0,2,0,BAJAJFINSV
Bajaj Finserv Ltd.,2019-04-05,0.0,2,0,2,0,BAJAJFINSV
Bajaj Finserv Ltd.,2019-04-08,0.0,2,0,2,0,BAJAJFINSV
Bajaj Finserv Ltd.,2019-04-11,0.0,2,0,2,0,BAJAJFINSV
Bajaj Finserv Ltd.,2019-04-12,0.0,2,0,2,0,BAJAJFINSV
Bajaj Finserv Ltd.,2019-04-23,0.0,2,0,2,0,BAJAJFINSV
Bajaj Finserv Ltd.,2019-05-08,-1.0,2,0,0,2,BAJAJFINSV
Bajaj Finserv Ltd.,2019-05-09,0.0,2,0,2,0,BAJAJFINSV
Bajaj Finserv Ltd.,2019-05-14,1.0,2,2,0,0,BAJAJFINSV
Bajaj Finserv Ltd.,2019-05-15,1.0,2,2,0,0,BAJAJFINSV
Bajaj Finserv Ltd.,2019-05-16,1.0,2,2,0,0,BAJAJFINSV
Bajaj Finserv Ltd.,2019-05-17,0.0,2,0,2,0,BAJAJFINSV
Bajaj Finserv Ltd.,2019-05-21,-1.0,2,0,0,2,BAJAJFINSV
Bajaj Finserv Ltd.,2019-05-30,1.0,2,2,0,0,BAJAJFINSV
Bajaj Finserv Ltd.,2019-06-07,0.0,2,0,2,0,BAJAJFINSV
Bajaj Finserv Ltd.,2019-06-28,0.0,2,0,2,0,BAJAJFINSV
Bajaj Finserv Ltd.,2019-07-08,-1.0,2,0,0,2,BAJAJFINSV
Bajaj Finserv Ltd.,2019-07-09,0.0,2,0,2,0,BAJAJFINSV
Bajaj Finserv Ltd.,2019-07-10,1.0,2,2,0,0,BAJAJFINSV
Bajaj Finserv Ltd.,2019-07-12,1.0,2,2,0,0,BAJAJFINSV
Bajaj Finserv Ltd.,2019-07-19,0.0,2,0,2,0,BAJAJFINSV
Bajaj Finserv Ltd.,2019-07-25,-1.0,2,0,0,2,BAJAJFINSV
Bajaj Finserv Ltd.,2019-07-26,0.0,2,0,2,0,BAJAJFINSV
Bajaj Finserv Ltd.,2019-08-06,1.0,2,2,0,0,BAJAJFINSV
Bajaj Finserv Ltd.,2019-08-09,1.0,2,2,0,0,BAJAJFINSV
Bajaj Finserv Ltd.,2019-08-13,0.0,2,0,2,0,BAJAJFINSV
Bajaj Finserv Ltd.,2019-08-22,1.0,2,2,0,0,BAJAJFINSV
Bajaj Finserv Ltd.,2019-08-23,0.0,1,0,1,0,BAJAJFINSV
Bajaj Finserv Ltd.,2019-08-26,-1.0,2,0,0,2,BAJAJFINSV
Bajaj Finserv Ltd.,2019-09-23,0.0,2,0,2,0,BAJAJFINSV
Bajaj Finserv Ltd.,2019-09-27,0.0,2,0,2,0,BAJAJFINSV
Bajaj Finserv Ltd.,2019-10-14,1.0,2,2,0,0,BAJAJFINSV
Bajaj Finserv Ltd.,2019-10-16,0.0,2,0,2,0,BAJAJFINSV
Bajaj Finserv Ltd.,2019-11-05,0.0,2,0,2,0,BAJAJFINSV
Bajaj Finserv Ltd.,2019-11-06,0.0,2,0,2,0,BAJAJFINSV
Bajaj Finserv Ltd.,2019-11-14,0.0,4,0,4,0,BAJAJFINSV
Bajaj Finserv Ltd.,2019-12-02,0.0,4,0,4,0,BAJAJFINSV
Bajaj Finserv Ltd.,2019-12-10,0.0,4,0,4,0,BAJAJFINSV
Bajaj Finserv Ltd.,2019-12-26,0.0,4,0,4,0,BAJAJFINSV
Bajaj Finserv Ltd.,2020-01-06,0.0,4,0,4,0,BAJAJFINSV
Bajaj Finserv Ltd.,2020-01-28,-1.0,2,0,0,2,BAJAJFINSV
Bajaj Finserv Ltd.,2020-01-29,-1.0,2,0,0,2,BAJAJFINSV
Bajaj Finserv Ltd.,2020-02-06,0.0,2,0,2,0,BAJAJFINSV
Bajaj Finserv Ltd.,2020-02-10,0.0,2,0,2,0,BAJAJFINSV
Bajaj Finserv Ltd.,2020-02-19,-1.0,2,0,0,2,BAJAJFINSV
Bajaj Finserv Ltd.,2020-03-04,-1.0,2,0,0,2,BAJAJFINSV
Bajaj Finserv Ltd.,2020-03-17,-1.0,2,0,0,2,BAJAJFINSV
Bajaj Finserv Ltd.,2020-03-19,-1.0,2,0,0,2,BAJAJFINSV
Bajaj Finserv Ltd.,2020-03-23,1.0,2,2,0,0,BAJAJFINSV
Bajaj Finserv Ltd.,2020-03-24,1.0,2,2,0,0,BAJAJFINSV
Bajaj Finserv Ltd.,2020-03-26,-1.0,2,0,0,2,BAJAJFINSV
Bajaj Finserv Ltd.,2020-03-27,-1.0,2,0,0,2,BAJAJFINSV
Bajaj Finserv Ltd.,2020-03-30,-1.0,2,0,0,2,BAJAJFINSV
Bajaj Finserv Ltd.,2020-03-31,0.0,2,0,2,0,BAJAJFINSV
Bajaj Finserv Ltd.,2020-04-01,1.0,2,2,0,0,BAJAJFINSV
Bajaj Finserv Ltd.,2020-04-13,1.0,2,2,0,0,BAJAJFINSV
Bajaj Finserv Ltd.,2020-04-15,1.0,2,2,0,0,BAJAJFINSV
Bajaj Finserv Ltd.,2020-04-21,0.0,2,0,2,0,BAJAJFINSV
Bajaj Finserv Ltd.,2020-04-24,1.0,2,2,0,0,BAJAJFINSV
Bajaj Finserv Ltd.,2020-04-28,1.0,2,2,0,0,BAJAJFINSV
Bajaj Finserv Ltd.,2020-05-04,1.0,2,2,0,0,BAJAJFINSV
Bajaj Finserv Ltd.,2020-05-05,0.0,2,0,2,0,BAJAJFINSV
Bajaj Finserv Ltd.,2020-05-06,-1.0,2,0,0,2,BAJAJFINSV
Bajaj Finserv Ltd.,2020-05-21,-1.0,2,0,0,2,BAJAJFINSV
Bajaj Finserv Ltd.,2020-05-22,1.0,56,56,0,0,BAJAJFINSV
Bajaj Finserv Ltd.,2020-05-26,0.0,2,0,2,0,BAJAJFINSV
Bajaj Finserv Ltd.,2020-06-01,1.0,2,2,0,0,BAJAJFINSV
Bajaj Finserv Ltd.,2020-06-08,-1.0,2,0,0,2,BAJAJFINSV
Bajaj Finserv Ltd.,2020-06-12,0.0,2,0,2,0,BAJAJFINSV
Bajaj Finserv Ltd.,2020-06-18,1.0,2,2,0,0,BAJAJFINSV
Bajaj Finserv Ltd.,2020-06-19,1.0,2,2,0,0,BAJAJFINSV
Bajaj Finserv Ltd.,2020-06-22,-1.0,2,0,0,2,BAJAJFINSV
Bajaj Finserv Ltd.,2020-06-23,0.0,2,0,2,0,BAJAJFINSV
Bajaj Finserv Ltd.,2020-06-25,0.0,2,0,2,0,BAJAJFINSV
Bajaj Finserv Ltd.,2020-06-26,0.0,2,0,2,0,BAJAJFINSV
Bajaj Finserv Ltd.,2020-07-06,-1.0,2,0,0,2,BAJAJFINSV
Bajaj Finserv Ltd.,2020-07-07,1.0,2,2,0,0,BAJAJFINSV
Bajaj Finserv Ltd.,2020-07-08,-1.0,2,0,0,2,BAJAJFINSV
Bajaj Finserv Ltd.,2020-07-09,0.0,2,0,2,0,BAJAJFINSV
Bajaj Finserv Ltd.,2020-07-13,-1.0,2,0,0,2,BAJAJFINSV
Bajaj Finserv Ltd.,2020-07-20,0.0,2,0,2,0,BAJAJFINSV
Bajaj Finserv Ltd.,2020-07-21,0.0,2,0,2,0,BAJAJFINSV
Bajaj Finserv Ltd.,2020-08-06,0.0,2,0,2,0,BAJAJFINSV
Bajaj Finserv Ltd.,2020-08-07,0.0,2,0,2,0,BAJAJFINSV
Bajaj Finserv Ltd.,2020-08-14,1.0,2,2,0,0,BAJAJFINSV
Bajaj Finserv Ltd.,2020-08-24,0.0,2,0,2,0,BAJAJFINSV
Bajaj Finserv Ltd.,2020-08-25,0.0,2,0,2,0,BAJAJFINSV
Bajaj Finserv Ltd.,2020-09-01,0.0,2,0,2,0,BAJAJFINSV
Bajaj Finserv Ltd.,2020-09-04,0.0,2,0,2,0,BAJAJFINSV
Bajaj Finserv Ltd.,2020-09-14,0.0,2,0,2,0,BAJAJFINSV
Bajaj Finserv Ltd.,2020-09-24,1.0,2,2,0,0,BAJAJFINSV
Bajaj Finserv Ltd.,2020-10-01,1.0,2,2,0,0,BAJAJFINSV
Bajaj Finserv Ltd.,2020-10-05,-1.0,2,0,0,2,BAJAJFINSV
Bajaj Finserv Ltd.,2020-10-07,0.0,2,0,2,0,BAJAJFINSV
Bajaj Finserv Ltd.,2020-10-15,0.0,2,0,2,0,BAJAJFINSV
Bajaj Finserv Ltd.,2020-10-22,-1.0,2,0,0,2,BAJAJFINSV
Bajaj Finserv Ltd.,2020-10-30,0.0,2,0,2,0,BAJAJFINSV
Bajaj Finserv Ltd.,2020-11-10,1.0,2,2,0,0,BAJAJFINSV
Bajaj Finserv Ltd.,2020-11-20,0.0,2,0,2,0,BAJAJFINSV
Bajaj Finserv Ltd.,2020-11-26,0.0,2,0,2,0,BAJAJFINSV
Bajaj Finserv Ltd.,2020-11-27,0.0,2,0,2,0,BAJAJFINSV
Bajaj Finserv Ltd.,2020-12-15,0.0,2,0,2,0,BAJAJFINSV
Bajaj Finserv Ltd.,2020-12-17,-1.0,2,0,0,2,BAJAJFINSV
Bajaj Finserv Ltd.,2020-12-22,0.0,2,0,2,0,BAJAJFINSV
Bajaj Finserv Ltd.,2020-12-30,0.0,2,0,2,0,BAJAJFINSV
Bajaj Finserv Ltd.,2021-01-04,0.0,2,0,2,0,BAJAJFINSV
Bajaj Finserv Ltd.,2021-01-05,1.0,2,2,0,0,BAJAJFINSV
Bajaj Finserv Ltd.,2021-01-06,1.0,2,2,0,0,BAJAJFINSV
Bajaj Finserv Ltd.,2021-01-11,-1.0,2,0,0,2,BAJAJFINSV
Bajaj Finserv Ltd.,2021-01-13,-1.0,2,0,0,2,BAJAJFINSV
Bajaj Finserv Ltd.,2021-01-19,1.0,2,2,0,0,BAJAJFINSV
Bajaj Finserv Ltd.,2021-01-21,1.0,2,2,0,0,BAJAJFINSV
Bajaj Finserv Ltd.,2021-02-04,1.0,2,2,0,0,BAJAJFINSV
Bajaj Finserv Ltd.,2021-02-08,1.0,2,2,0,0,BAJAJFINSV
Bajaj Finserv Ltd.,2021-02-10,0.0,2,0,2,0,BAJAJFINSV
Bajaj Finserv Ltd.,2021-02-18,-1.0,2,0,0,2,BAJAJFINSV
Bajaj Finserv Ltd.,2021-03-01,1.0,2,2,0,0,BAJAJFINSV
Bajaj Finserv Ltd.,2021-03-03,-1.0,2,0,0,2,BAJAJFINSV
Bajaj Finserv Ltd.,2021-03-08,0.0,2,0,2,0,BAJAJFINSV
Bajaj Finserv Ltd.,2021-03-10,-1.0,2,0,0,2,BAJAJFINSV
Bajaj Finserv Ltd.,2021-03-15,0.0,2,0,2,0,BAJAJFINSV
Bajaj Finserv Ltd.,2021-04-05,0.0,2,0,2,0,BAJAJFINSV
Bajaj Finserv Ltd.,2021-04-09,1.0,2,2,0,0,BAJAJFINSV
Bajaj Finserv Ltd.,2021-04-12,0.0,2,0,2,0,BAJAJFINSV
Bajaj Finserv Ltd.,2021-04-13,0.0,2,0,2,0,BAJAJFINSV
Bajaj Finserv Ltd.,2021-04-16,1.0,2,2,0,0,BAJAJFINSV
Bajaj Finserv Ltd.,2021-04-20,0.0,2,0,2,0,BAJAJFINSV
Bajaj Finserv Ltd.,2021-04-27,1.0,2,2,0,0,BAJAJFINSV
Bajaj Finserv Ltd.,2021-04-28,-1.0,2,0,0,2,BAJAJFINSV
Bajaj Finserv Ltd.,2021-04-29,0.0,2,0,2,0,BAJAJFINSV
Bajaj Finserv Ltd.,2021-05-04,0.0,2,0,2,0,BAJAJFINSV
Bajaj Finserv Ltd.,2021-05-05,1.0,2,2,0,0,BAJAJFINSV
Bajaj Finserv Ltd.,2021-05-07,-1.0,2,0,0,2,BAJAJFINSV
Bajaj Finserv Ltd.,2021-06-01,0.0,2,0,2,0,BAJAJFINSV
Bajaj Finserv Ltd.,2021-06-07,-1.0,2,0,0,2,BAJAJFINSV
Bajaj Finserv Ltd.,2021-06-10,0.0,2,0,2,0,BAJAJFINSV
Bajaj Finserv Ltd.,2021-06-14,0.0,2,0,2,0,BAJAJFINSV
Bajaj Finserv Ltd.,2021-06-22,0.0,2,0,2,0,BAJAJFINSV
Bajaj Finserv Ltd.,2021-07-06,0.0,2,0,2,0,BAJAJFINSV
Bajaj Finserv Ltd.,2021-07-22,1.0,2,2,0,0,BAJAJFINSV
Bajaj Finserv Ltd.,2021-07-30,1.0,2,2,0,0,BAJAJFINSV
Bajaj Finserv Ltd.,2021-08-02,0.0,2,0,2,0,BAJAJFINSV
Bajaj Finserv Ltd.,2021-08-05,1.0,2,2,0,0,BAJAJFINSV
Bajaj Finserv Ltd.,2021-08-16,1.0,2,2,0,0,BAJAJFINSV
Bajaj Finserv Ltd.,2021-08-18,1.0,2,2,0,0,BAJAJFINSV
Bajaj Finserv Ltd.,2021-08-31,0.0,2,0,2,0,BAJAJFINSV
Bajaj Finserv Ltd.,2021-09-21,1.0,2,2,0,0,BAJAJFINSV
Bajaj Finserv Ltd.,2021-09-30,1.0,2,2,0,0,BAJAJFINSV
Bajaj Finserv Ltd.,2021-10-06,0.0,2,0,2,0,BAJAJFINSV
Bajaj Finserv Ltd.,2021-10-14,1.0,2,2,0,0,BAJAJFINSV
Bajaj Finserv Ltd.,2021-10-27,0.0,2,0,2,0,BAJAJFINSV
Bajaj Finserv Ltd.,2021-11-22,0.0,2,0,2,0,BAJAJFINSV
Bajaj Finserv Ltd.,2021-12-08,0.0,2,0,2,0,BAJAJFINSV
Bajaj Finserv Ltd.,2021-12-13,-1.0,2,0,0,2,BAJAJFINSV
Bajaj Finserv Ltd.,2021-12-14,0.0,2,0,2,0,BAJAJFINSV
Bajaj Finserv Ltd.,2021-12-15,-1.0,2,0,0,2,BAJAJFINSV
Bajaj Finserv Ltd.,2021-12-16,-1.0,2,0,0,2,BAJAJFINSV
Bajaj Finserv Ltd.,2021-12-21,1.0,2,2,0,0,BAJAJFINSV
Bajaj Finserv Ltd.,2021-12-22,-1.0,2,0,0,2,BAJAJFINSV
Bajaj Finserv Ltd.,2021-12-23,0.0,2,0,2,0,BAJAJFINSV
Bajaj Finserv Ltd.,2022-01-03,1.0,2,2,0,0,BAJAJFINSV
Bajaj Finserv Ltd.,2022-01-05,-1.0,2,0,0,2,BAJAJFINSV
Bajaj Finserv Ltd.,2022-01-07,0.0,2,0,2,0,BAJAJFINSV
Bajaj Finserv Ltd.,2022-01-11,1.0,2,2,0,0,BAJAJFINSV
Bajaj Finserv Ltd.,2022-01-24,-1.0,2,0,0,2,BAJAJFINSV
Bajaj Finserv Ltd.,2022-02-07,1.0,2,2,0,0,BAJAJFINSV
Bajaj Finserv Ltd.,2022-02-08,0.0,2,0,2,0,BAJAJFINSV
Bajaj Finserv Ltd.,2022-02-15,0.0,2,0,2,0,BAJAJFINSV
Bajaj Finserv Ltd.,2022-02-24,1.0,2,2,0,0,BAJAJFINSV
Bajaj Finserv Ltd.,2022-02-25,0.0,2,0,2,0,BAJAJFINSV
Bajaj Finserv Ltd.,2022-03-09,0.0,2,0,2,0,BAJAJFINSV
Bajaj Finserv Ltd.,2022-03-30,0.0,2,0,2,0,BAJAJFINSV
Bajaj Finserv Ltd.,2022-04-20,-1.0,2,0,0,2,BAJAJFINSV
Bajaj Finserv Ltd.,2022-04-27,0.0,2,0,2,0,BAJAJFINSV
Bajaj Finserv Ltd.,2022-05-04,-1.0,2,0,0,2,BAJAJFINSV
Bajaj Finserv Ltd.,2022-05-06,-1.0,2,0,0,2,BAJAJFINSV
Bajaj Finserv Ltd.,2022-05-11,-1.0,2,0,0,2,BAJAJFINSV
Bajaj Finserv Ltd.,2022-05-12,0.0,2,0,2,0,BAJAJFINSV
Bajaj Finserv Ltd.,2022-05-16,-1.0,2,0,0,2,BAJAJFINSV
Bajaj Finserv Ltd.,2022-06-10,0.0,2,0,2,0,BAJAJFINSV
Bajaj Finserv Ltd.,2022-06-13,1.0,2,2,0,0,BAJAJFINSV
Bajaj Finserv Ltd.,2022-06-15,1.0,2,2,0,0,BAJAJFINSV
Bajaj Finserv Ltd.,2022-06-17,0.0,2,0,2,0,BAJAJFINSV
Bajaj Finserv Ltd.,2022-06-24,-1.0,2,0,0,2,BAJAJFINSV
Bajaj Finserv Ltd.,2022-06-30,0.0,2,0,2,0,BAJAJFINSV
Bajaj Finserv Ltd.,2022-07-01,1.0,2,2,0,0,BAJAJFINSV
Bajaj Finserv Ltd.,2022-07-06,0.0,4,0,4,0,BAJAJFINSV
Bajaj Finserv Ltd.,2022-07-12,0.0,2,0,2,0,BAJAJFINSV
Bajaj Finserv Ltd.,2023-04-06,1.0,2,2,0,0,BAJAJFINSV
Bajaj Finserv Ltd.,2023-04-08,0.0,2,0,2,0,BAJAJFINSV
Bajaj Finserv Ltd.,2023-04-11,1.0,2,2,0,0,BAJAJFINSV
Bajaj Finserv Ltd.,2023-04-27,0.0,2,0,2,0,BAJAJFINSV
Bajaj Finserv Ltd.,2023-04-28,0.0,2,0,2,0,BAJAJFINSV
Bajaj Finserv Ltd.,2023-06-13,0.0,2,0,2,0,BAJAJFINSV
Bajaj Finserv Ltd.,2023-06-19,0.0,2,0,2,0,BAJAJFINSV
Bajaj Finserv Ltd.,2023-06-20,0.0,2,0,2,0,BAJAJFINSV
Bajaj Finserv Ltd.,2023-06-30,1.0,2,2,0,0,BAJAJFINSV
Bajaj Finserv Ltd.,2023-07-05,0.0,2,0,2,0,BAJAJFINSV
Bajaj Finserv Ltd.,2023-07-14,0.0,2,0,2,0,BAJAJFINSV
Bajaj Finserv Ltd.,2023-07-17,1.0,2,2,0,0,BAJAJFINSV
Bajaj Finserv Ltd.,2023-07-27,0.0,10,0,10,0,BAJAJFINSV
Bajaj Finserv Ltd.,2023-07-28,-1.0,2,0,0,2,BAJAJFINSV
Bajaj Finserv Ltd.,2023-07-31,-1.0,2,0,0,2,BAJAJFINSV
Bajaj Finserv Ltd.,2023-08-24,0.0,2,0,2,0,BAJAJFINSV
Bajaj Finserv Ltd.,2023-09-13,0.0,2,0,2,0,BAJAJFINSV
Bajaj Finserv Ltd.,2023-09-14,1.0,2,2,0,0,BAJAJFINSV
Bajaj Finserv Ltd.,2023-09-18,-1.0,2,0,0,2,BAJAJFINSV
Bajaj Finserv Ltd.,2023-09-21,1.0,2,2,0,0,BAJAJFINSV
Bajaj Finserv Ltd.,2023-09-25,0.0,12,0,12,0,BAJAJFINSV
Bajaj Finserv Ltd.,2023-09-26,-1.0,6,0,0,6,BAJAJFINSV
Bajaj Finserv Ltd.,2023-09-29,-1.0,2,0,0,2,BAJAJFINSV
Bajaj Finserv Ltd.,2023-09-30,0.0,2,0,2,0,BAJAJFINSV
Bajaj Finserv Ltd.,2023-10-03,0.0,2,0,2,0,BAJAJFINSV
Bajaj Finserv Ltd.,2023-10-05,0.0,2,0,2,0,BAJAJFINSV
Bajaj Finserv Ltd.,2023-10-06,0.0,2,0,2,0,BAJAJFINSV
Bajaj Finserv Ltd.,2023-10-09,0.0,4,0,4,0,BAJAJFINSV
Bajaj Finserv Ltd.,2023-10-10,0.0,2,0,2,0,BAJAJFINSV
Bajaj Finserv Ltd.,2023-10-11,0.0,4,0,4,0,BAJAJFINSV
Bajaj Finserv Ltd.,2023-10-18,0.0,4,0,4,0,BAJAJFINSV
Bajaj Finserv Ltd.,2023-10-20,0.0,2,0,2,0,BAJAJFINSV
Bajaj Finserv Ltd.,2023-10-24,0.0,2,0,2,0,BAJAJFINSV
Bajaj Finserv Ltd.,2023-10-26,0.0,2,0,2,0,BAJAJFINSV
Bajaj Finserv Ltd.,2023-11-02,1.0,2,2,0,0,BAJAJFINSV
Bajaj Finserv Ltd.,2023-11-06,0.0,2,0,2,0,BAJAJFINSV
Bajaj Finserv Ltd.,2023-11-07,0.0,2,0,2,0,BAJAJFINSV
Bajaj Finserv Ltd.,2023-11-10,0.0,2,0,2,0,BAJAJFINSV
Bajaj Finserv Ltd.,2023-11-12,0.0,2,0,2,0,BAJAJFINSV
Bajaj Finserv Ltd.,2023-11-15,0.0,2,0,2,0,BAJAJFINSV
Bajaj Finserv Ltd.,2023-11-16,-1.0,2,0,0,2,BAJAJFINSV
Bajaj Finserv Ltd.,2023-11-17,1.0,2,2,0,0,BAJAJFINSV
Bajaj Finserv Ltd.,2023-11-24,0.0,2,0,2,0,BAJAJFINSV
Bajaj Finserv Ltd.,2023-11-29,0.0,4,0,4,0,BAJAJFINSV
Bajaj Finserv Ltd.,2023-12-21,-1.0,4,0,0,4,BAJAJFINSV
Bajaj Finserv Ltd.,2023-12-23,0.0,8,0,8,0,BAJAJFINSV
Bajaj Finserv Ltd.,2023-12-26,0.0,8,0,8,0,BAJAJFINSV
Bajaj Finserv Ltd.,2023-12-29,0.0,2,0,2,0,BAJAJFINSV
Bajaj Finserv Ltd.,2024-01-10,-1.0,2,0,0,2,BAJAJFINSV
Bajaj Finserv Ltd.,2024-01-11,-1.0,2,0,0,2,BAJAJFINSV
Bajaj Finserv Ltd.,2024-01-17,1.0,2,2,0,0,BAJAJFINSV
Bajaj Finserv Ltd.,2024-01-29,1.0,6,6,0,0,BAJAJFINSV
Bajaj Finserv Ltd.,2024-01-30,0.0,8,0,8,0,BAJAJFINSV
Bajaj Finserv Ltd.,2024-01-31,1.0,2,2,0,0,BAJAJFINSV
Bajaj Finserv Ltd.,2024-02-23,0.0,2,0,2,0,BAJAJFINSV
Bajaj Finserv Ltd.,2024-03-13,0.0,2,0,2,0,BAJAJFINSV
Bajaj Finserv Ltd.,2024-03-18,0.0,2,0,2,0,BAJAJFINSV
Bajaj Finserv Ltd.,2024-03-19,1.0,2,2,0,0,BAJAJFINSV
Bajaj Finserv Ltd.,2024-03-21,0.0,8,0,8,0,BAJAJFINSV
Bajaj Finserv Ltd.,2024-04-03,1.0,2,2,0,0,BAJAJFINSV
Bajaj Finserv Ltd.,2024-04-05,1.0,8,8,0,0,BAJAJFINSV
Bajaj Finserv Ltd.,2024-04-08,0.0,2,0,2,0,BAJAJFINSV
Bajaj Finserv Ltd.,2024-04-09,0.0,2,0,2,0,BAJAJFINSV
Bajaj Finserv Ltd.,2024-04-10,-1.0,2,0,0,2,BAJAJFINSV
Bajaj Finserv Ltd.,2024-04-19,0.0,1,0,1,0,BAJAJFINSV
Bajaj Finserv Ltd.,2024-04-23,1.0,4,4,0,0,BAJAJFINSV
Bajaj Finserv Ltd.,2024-04-26,1.0,8,8,0,0,BAJAJFINSV
Bajaj Finserv Ltd.,2024-04-27,0.0,4,0,4,0,BAJAJFINSV
Bajaj Finserv Ltd.,2024-04-28,0.0,2,0,2,0,BAJAJFINSV
Bajaj Finserv Ltd.,2024-04-29,0.0,2,0,2,0,BAJAJFINSV
Bajaj Finserv Ltd.,2024-05-03,0.0,4,0,4,0,BAJAJFINSV
Bajaj Finserv Ltd.,2024-06-10,0.0,2,0,2,0,BAJAJFINSV
Bajaj Finserv Ltd.,2024-06-18,0.0,2,0,2,0,BAJAJFINSV
Bajaj Finserv Ltd.,2024-06-19,0.0,2,0,2,0,BAJAJFINSV
Bajaj Finserv Ltd.,2024-06-30,0.0,2,0,2,0,BAJAJFINSV
Bajaj Finserv Ltd.,2024-07-04,0.0,2,0,2,0,BAJAJFINSV
Bajaj Finserv Ltd.,2024-07-05,0.0,2,0,2,0,BAJAJFINSV
Bajaj Finserv Ltd.,2024-07-08,0.0,2,0,2,0,BAJAJFINSV
Bajaj Finserv Ltd.,2024-07-23,0.0,2,0,2,0,BAJAJFINSV
Bajaj Finserv Ltd.,2024-07-24,0.0,16,0,16,0,BAJAJFINSV
Bajaj Finserv Ltd.,2024-07-25,1.0,2,2,0,0,BAJAJFINSV
Bajaj Finserv Ltd.,2024-08-28,1.0,6,6,0,0,BAJAJFINSV
Bajaj Finserv Ltd.,2024-08-31,0.0,4,0,4,0,BAJAJFINSV
Bajaj Finserv Ltd.,2024-09-03,0.0,2,0,2,0,BAJAJFINSV
Bajaj Finserv Ltd.,2024-09-04,0.0,4,0,4,0,BAJAJFINSV
Bajaj Finserv Ltd.,2024-09-12,-1.0,2,0,0,2,BAJAJFINSV
Bajaj Finserv Ltd.,2024-09-30,-1.0,4,0,0,4,BAJAJFINSV
Bajaj Finserv Ltd.,2024-10-04,-1.0,2,0,0,2,BAJAJFINSV
Bajaj Finserv Ltd.,2024-10-22,0.0,4,0,4,0,BAJAJFINSV
Bajaj Finserv Ltd.,2024-10-23,-1.0,8,0,0,8,BAJAJFINSV
Bajaj Finserv Ltd.,2024-10-24,1.0,2,2,0,0,BAJAJFINSV
Bajaj Finserv Ltd.,2024-11-27,0.0,2,0,2,0,BAJAJFINSV
Bajaj Finserv Ltd.,2024-12-01,0.0,2,0,2,0,BAJAJFINSV
Bajaj Finserv Ltd.,2024-12-02,1.0,2,2,0,0,BAJAJFINSV
Bajaj Finserv Ltd.,2024-12-10,0.0,4,0,4,0,BAJAJFINSV
Bajaj Finserv Ltd.,2024-12-11,0.0,4,0,4,0,BAJAJFINSV
Bajaj Finserv Ltd.,2024-12-28,0.0,2,0,2,0,BAJAJFINSV
Bajaj Finserv Ltd.,2024-12-31,1.0,2,2,0,0,BAJAJFINSV
Bajaj Finserv Ltd.,2025-01-01,0.0,2,0,2,0,BAJAJFINSV
Bajaj Finserv Ltd.,2025-01-02,0.0,6,0,6,0,BAJAJFINSV
Bajaj Finserv Ltd.,2025-01-05,0.0,4,0,4,0,BAJAJFINSV
Bajaj Finserv Ltd.,2025-01-06,0.0,2,0,2,0,BAJAJFINSV
Bharat Electronics Ltd.,2023-03-24,-1.0,2,0,0,2,BEL
Bharat Electronics Ltd.,2023-03-25,0.0,2,0,2,0,BEL
Bharat Electronics Ltd.,2023-04-03,-1.0,2,0,0,2,BEL
Bharat Electronics Ltd.,2023-04-11,-1.0,2,0,0,2,BEL
Bharat Electronics Ltd.,2023-05-24,-1.0,2,0,0,2,BEL
Bharat Electronics Ltd.,2023-05-26,-1.0,4,0,0,4,BEL
Bharat Electronics Ltd.,2023-06-21,-1.0,2,0,0,2,BEL
Bharat Electronics Ltd.,2023-06-28,-1.0,2,0,0,2,BEL
Bharat Electronics Ltd.,2023-07-05,-1.0,2,0,0,2,BEL
Bharat Electronics Ltd.,2023-07-30,0.0,2,0,2,0,BEL
Bharat Electronics Ltd.,2023-07-31,-1.0,4,0,0,4,BEL
Bharat Electronics Ltd.,2023-09-17,0.0,2,0,2,0,BEL
Bharat Electronics Ltd.,2023-09-18,-1.0,2,0,0,2,BEL
Bharat Electronics Ltd.,2023-10-10,-1.0,2,0,0,2,BEL
Bharat Electronics Ltd.,2023-10-12,-1.0,1,0,0,1,BEL
Bharat Electronics Ltd.,2023-10-30,-1.0,2,0,0,2,BEL
Bharat Electronics Ltd.,2023-10-31,-1.0,2,0,0,2,BEL
Bharat Electronics Ltd.,2023-11-06,-1.0,2,0,0,2,BEL
Bharat Electronics Ltd.,2023-11-13,-1.0,4,0,0,4,BEL
Bharat Electronics Ltd.,2023-11-20,-1.0,2,0,0,2,BEL
Bharat Electronics Ltd.,2023-11-24,-1.0,2,0,0,2,BEL
Bharat Electronics Ltd.,2023-12-07,-1.0,2,0,0,2,BEL
Bharat Electronics Ltd.,2023-12-14,-1.0,2,0,0,2,BEL
Bharat Electronics Ltd.,2023-12-17,0.0,2,0,2,0,BEL
Bharat Electronics Ltd.,2023-12-25,0.0,2,0,2,0,BEL
Bharat Electronics Ltd.,2023-12-26,-1.0,8,0,0,8,BEL
Bharat Electronics Ltd.,2023-12-27,-1.0,4,0,0,4,BEL
Bharat Electronics Ltd.,2024-01-02,-1.0,2,0,0,2,BEL
Bharat Electronics Ltd.,2024-01-03,-1.0,6,0,0,6,BEL
Bharat Electronics Ltd.,2024-01-06,0.0,1,0,1,0,BEL
Bharat Electronics Ltd.,2024-01-17,-1.0,2,0,0,2,BEL
Bharat Electronics Ltd.,2024-01-31,-1.0,6,0,0,6,BEL
Bharat Electronics Ltd.,2024-02-01,-1.0,2,0,0,2,BEL
Bharat Electronics Ltd.,2024-02-19,-1.0,4,0,0,4,BEL
Bharat Electronics Ltd.,2024-02-24,0.0,4,0,4,0,BEL
Bharat Electronics Ltd.,2024-02-25,0.0,2,0,2,0,BEL
Bharat Electronics Ltd.,2024-03-07,-1.0,2,0,0,2,BEL
Bharat Electronics Ltd.,2024-03-15,-1.0,2,0,0,2,BEL
Bharat Electronics Ltd.,2024-04-01,-1.0,2,0,0,2,BEL
Bharat Electronics Ltd.,2024-04-09,-1.0,2,0,0,2,BEL
Bharat Electronics Ltd.,2024-04-12,-1.0,2,0,0,2,BEL
Bharat Electronics Ltd.,2024-05-09,-1.0,2,0,0,2,BEL
Bharat Electronics Ltd.,2024-05-22,-1.0,2,0,0,2,BEL
Bharat Electronics Ltd.,2024-05-23,-1.0,10,0,0,10,BEL
Bharat Electronics Ltd.,2024-07-23,-1.0,2,0,0,2,BEL
Bharat Electronics Ltd.,2024-07-30,-1.0,16,0,0,16,BEL
Bharat Electronics Ltd.,2024-07-31,-1.0,2,0,0,2,BEL
Bharat Electronics Ltd.,2024-08-22,-1.0,2,0,0,2,BEL
Bharat Electronics Ltd.,2024-09-25,-1.0,2,0,0,2,BEL
Bharat Electronics Ltd.,2024-10-27,0.0,2,0,2,0,BEL
Bharat Electronics Ltd.,2024-10-29,-1.0,4,0,0,4,BEL
Bharat Electronics Ltd.,2024-11-26,0.0,4,0,4,0,BEL
Bharat Electronics Ltd.,2024-11-27,0.0,2,0,2,0,BEL
Bharat Electronics Ltd.,2024-11-30,0.0,2,0,2,0,BEL
Bharat Electronics Ltd.,2024-12-24,0.0,4,0,4,0,BEL
Bharat Electronics Ltd.,2025-01-05,0.0,2,0,2,0,BEL
Bharat Petroleum Corporation Ltd.,2015-03-26,1.0,2,2,0,0,BPCL
Bharat Petroleum Corporation Ltd.,2015-03-31,0.0,2,0,2,0,BPCL
Bharat Petroleum Corporation Ltd.,2015-04-20,0.0,2,0,2,0,BPCL
Bharat Petroleum Corporation Ltd.,2015-04-27,-1.0,2,0,0,2,BPCL
Bharat Petroleum Corporation Ltd.,2015-04-28,1.0,2,2,0,0,BPCL
Bharat Petroleum Corporation Ltd.,2015-05-28,1.0,2,2,0,0,BPCL
Bharat Petroleum Corporation Ltd.,2015-06-04,-1.0,2,0,0,2,BPCL
Bharat Petroleum Corporation Ltd.,2015-06-11,0.0,2,0,2,0,BPCL
Bharat Petroleum Corporation Ltd.,2015-06-18,1.0,2,2,0,0,BPCL
Bharat Petroleum Corporation Ltd.,2015-06-29,0.0,2,0,2,0,BPCL
Bharat Petroleum Corporation Ltd.,2015-07-06,-1.0,2,0,0,2,BPCL
Bharat Petroleum Corporation Ltd.,2015-07-09,1.0,2,2,0,0,BPCL
Bharat Petroleum Corporation Ltd.,2015-07-14,1.0,2,2,0,0,BPCL
Bharat Petroleum Corporation Ltd.,2015-07-15,0.0,2,0,2,0,BPCL
Bharat Petroleum Corporation Ltd.,2015-07-20,1.0,2,2,0,0,BPCL
Bharat Petroleum Corporation Ltd.,2015-07-31,1.0,2,2,0,0,BPCL
Bharat Petroleum Corporation Ltd.,2015-08-03,0.0,2,0,2,0,BPCL
Bharat Petroleum Corporation Ltd.,2015-08-12,-1.0,2,0,0,2,BPCL
Bharat Petroleum Corporation Ltd.,2015-08-14,1.0,2,2,0,0,BPCL
Bharat Petroleum Corporation Ltd.,2015-08-18,1.0,2,2,0,0,BPCL
Bharat Petroleum Corporation Ltd.,2015-08-20,-1.0,2,0,0,2,BPCL
Bharat Petroleum Corporation Ltd.,2015-08-28,-1.0,2,0,0,2,BPCL
Bharat Petroleum Corporation Ltd.,2015-09-03,-1.0,2,0,0,2,BPCL
Bharat Petroleum Corporation Ltd.,2015-09-04,-1.0,2,0,0,2,BPCL
Bharat Petroleum Corporation Ltd.,2015-09-08,1.0,2,2,0,0,BPCL
Bharat Petroleum Corporation Ltd.,2015-09-10,1.0,2,2,0,0,BPCL
Bharat Petroleum Corporation Ltd.,2015-09-11,0.0,2,0,2,0,BPCL
Bharat Petroleum Corporation Ltd.,2015-09-16,0.0,2,0,2,0,BPCL
Bharat Petroleum Corporation Ltd.,2015-09-29,0.0,2,0,2,0,BPCL
Bharat Petroleum Corporation Ltd.,2015-10-13,1.0,2,2,0,0,BPCL
Bharat Petroleum Corporation Ltd.,2015-10-29,0.0,2,0,2,0,BPCL
Bharat Petroleum Corporation Ltd.,2015-11-11,0.0,2,0,2,0,BPCL
Bharat Petroleum Corporation Ltd.,2015-11-12,0.0,2,0,2,0,BPCL
Bharat Petroleum Corporation Ltd.,2015-11-17,1.0,2,2,0,0,BPCL
Bharat Petroleum Corporation Ltd.,2016-03-17,1.0,2,2,0,0,BPCL
Bharat Petroleum Corporation Ltd.,2016-03-18,0.0,2,0,2,0,BPCL
Bharat Petroleum Corporation Ltd.,2016-04-05,0.0,2,0,2,0,BPCL
Bharat Petroleum Corporation Ltd.,2016-04-18,1.0,2,2,0,0,BPCL
Bharat Petroleum Corporation Ltd.,2016-04-25,0.0,2,0,2,0,BPCL
Bharat Petroleum Corporation Ltd.,2016-05-19,0.0,2,0,2,0,BPCL
Bharat Petroleum Corporation Ltd.,2016-05-20,-1.0,2,0,0,2,BPCL
Bharat Petroleum Corporation Ltd.,2016-05-24,1.0,2,2,0,0,BPCL
Bharat Petroleum Corporation Ltd.,2016-05-27,-1.0,2,0,0,2,BPCL
Bharat Petroleum Corporation Ltd.,2016-06-07,1.0,2,2,0,0,BPCL
Bharat Petroleum Corporation Ltd.,2016-06-13,1.0,2,2,0,0,BPCL
Bharat Petroleum Corporation Ltd.,2016-06-14,0.0,2,0,2,0,BPCL
Bharat Petroleum Corporation Ltd.,2016-07-13,0.0,2,0,2,0,BPCL
Bharat Petroleum Corporation Ltd.,2016-07-19,0.0,2,0,2,0,BPCL
Bharat Petroleum Corporation Ltd.,2016-08-08,-1.0,2,0,0,2,BPCL
Bharat Petroleum Corporation Ltd.,2016-08-12,-1.0,2,0,0,2,BPCL
Bharat Petroleum Corporation Ltd.,2016-08-15,0.0,2,0,2,0,BPCL
Bharat Petroleum Corporation Ltd.,2016-08-23,1.0,2,2,0,0,BPCL
Bharat Petroleum Corporation Ltd.,2016-08-25,0.0,2,0,2,0,BPCL
Bharat Petroleum Corporation Ltd.,2016-09-26,0.0,2,0,2,0,BPCL
Bharat Petroleum Corporation Ltd.,2016-10-05,-1.0,2,0,0,2,BPCL
Bharat Petroleum Corporation Ltd.,2016-10-06,0.0,2,0,2,0,BPCL
Bharat Petroleum Corporation Ltd.,2016-10-24,-1.0,2,0,0,2,BPCL
Bharat Petroleum Corporation Ltd.,2016-12-07,0.0,2,0,2,0,BPCL
Bharat Petroleum Corporation Ltd.,2016-12-12,-1.0,2,0,0,2,BPCL
Bharat Petroleum Corporation Ltd.,2016-12-13,0.0,2,0,2,0,BPCL
Bharat Petroleum Corporation Ltd.,2016-12-29,0.0,2,0,2,0,BPCL
Bharat Petroleum Corporation Ltd.,2016-12-30,1.0,2,2,0,0,BPCL
Bharat Petroleum Corporation Ltd.,2017-01-19,1.0,2,2,0,0,BPCL
Bharat Petroleum Corporation Ltd.,2017-01-25,0.0,2,0,2,0,BPCL
Bharat Petroleum Corporation Ltd.,2017-02-07,0.0,2,0,2,0,BPCL
Bharat Petroleum Corporation Ltd.,2017-02-10,-1.0,2,0,0,2,BPCL
Bharat Petroleum Corporation Ltd.,2017-02-14,0.0,2,0,2,0,BPCL
Bharat Petroleum Corporation Ltd.,2017-03-02,0.0,2,0,2,0,BPCL
Bharat Petroleum Corporation Ltd.,2017-03-07,-1.0,2,0,0,2,BPCL
Bharat Petroleum Corporation Ltd.,2017-03-10,0.0,2,0,2,0,BPCL
Bharat Petroleum Corporation Ltd.,2017-04-03,1.0,2,2,0,0,BPCL
Bharat Petroleum Corporation Ltd.,2017-04-07,1.0,2,2,0,0,BPCL
Bharat Petroleum Corporation Ltd.,2017-04-10,0.0,2,0,2,0,BPCL
Bharat Petroleum Corporation Ltd.,2017-04-13,0.0,2,0,2,0,BPCL
Bharat Petroleum Corporation Ltd.,2017-04-28,0.0,2,0,2,0,BPCL
Bharat Petroleum Corporation Ltd.,2017-05-19,0.0,2,0,2,0,BPCL
Bharat Petroleum Corporation Ltd.,2017-05-30,0.0,2,0,2,0,BPCL
Bharat Petroleum Corporation Ltd.,2017-06-02,0.0,2,0,2,0,BPCL
Bharat Petroleum Corporation Ltd.,2017-06-15,0.0,2,0,2,0,BPCL
Bharat Petroleum Corporation Ltd.,2017-06-19,-1.0,2,0,0,2,BPCL
Bharat Petroleum Corporation Ltd.,2017-07-04,0.0,2,0,2,0,BPCL
Bharat Petroleum Corporation Ltd.,2017-08-08,-1.0,4,0,0,4,BPCL
Bharat Petroleum Corporation Ltd.,2017-08-22,0.0,2,0,2,0,BPCL
Bharat Petroleum Corporation Ltd.,2017-09-07,0.0,2,0,2,0,BPCL
Bharat Petroleum Corporation Ltd.,2017-09-08,1.0,2,2,0,0,BPCL
Bharat Petroleum Corporation Ltd.,2017-09-12,0.0,2,0,2,0,BPCL
Bharat Petroleum Corporation Ltd.,2017-09-13,0.0,2,0,2,0,BPCL
Bharat Petroleum Corporation Ltd.,2017-09-20,0.0,2,0,2,0,BPCL
Bharat Petroleum Corporation Ltd.,2017-09-26,0.0,2,0,2,0,BPCL
Bharat Petroleum Corporation Ltd.,2017-10-17,-1.0,2,0,0,2,BPCL
Bharat Petroleum Corporation Ltd.,2017-10-26,1.0,2,2,0,0,BPCL
Bharat Petroleum Corporation Ltd.,2017-11-03,0.0,2,0,2,0,BPCL
Bharat Petroleum Corporation Ltd.,2017-11-15,0.0,2,0,2,0,BPCL
Bharat Petroleum Corporation Ltd.,2017-11-16,0.0,2,0,2,0,BPCL
Bharat Petroleum Corporation Ltd.,2017-12-12,1.0,2,2,0,0,BPCL
Bharat Petroleum Corporation Ltd.,2017-12-13,1.0,2,2,0,0,BPCL
Bharat Petroleum Corporation Ltd.,2017-12-29,-1.0,2,0,0,2,BPCL
Bharat Petroleum Corporation Ltd.,2018-01-04,1.0,2,2,0,0,BPCL
Bharat Petroleum Corporation Ltd.,2018-01-28,0.0,2,0,2,0,BPCL
Bharat Petroleum Corporation Ltd.,2018-01-30,0.0,2,0,2,0,BPCL
Bharat Petroleum Corporation Ltd.,2018-02-12,1.0,2,2,0,0,BPCL
Bharat Petroleum Corporation Ltd.,2018-02-15,-1.0,2,0,0,2,BPCL
Bharat Petroleum Corporation Ltd.,2018-02-22,0.0,2,0,2,0,BPCL
Bharat Petroleum Corporation Ltd.,2018-03-01,1.0,2,2,0,0,BPCL
Bharat Petroleum Corporation Ltd.,2018-03-02,0.0,2,0,2,0,BPCL
Bharat Petroleum Corporation Ltd.,2018-03-06,0.0,2,0,2,0,BPCL
Bharat Petroleum Corporation Ltd.,2018-03-13,0.0,2,0,2,0,BPCL
Bharat Petroleum Corporation Ltd.,2018-03-22,1.0,2,2,0,0,BPCL
Bharat Petroleum Corporation Ltd.,2018-04-06,0.0,2,0,2,0,BPCL
Bharat Petroleum Corporation Ltd.,2018-04-09,-1.0,2,0,0,2,BPCL
Bharat Petroleum Corporation Ltd.,2018-04-11,-1.0,2,0,0,2,BPCL
Bharat Petroleum Corporation Ltd.,2018-04-13,0.0,2,0,2,0,BPCL
Bharat Petroleum Corporation Ltd.,2018-04-18,-1.0,2,0,0,2,BPCL
Bharat Petroleum Corporation Ltd.,2018-04-19,1.0,2,2,0,0,BPCL
Bharat Petroleum Corporation Ltd.,2018-04-23,0.0,2,0,2,0,BPCL
Bharat Petroleum Corporation Ltd.,2018-05-09,1.0,4,4,0,0,BPCL
Bharat Petroleum Corporation Ltd.,2018-05-21,-1.0,2,0,0,2,BPCL
Bharat Petroleum Corporation Ltd.,2018-05-28,-1.0,2,0,0,2,BPCL
Bharat Petroleum Corporation Ltd.,2018-06-21,-1.0,2,0,0,2,BPCL
Bharat Petroleum Corporation Ltd.,2018-06-27,1.0,2,2,0,0,BPCL
Bharat Petroleum Corporation Ltd.,2018-06-28,-1.0,2,0,0,2,BPCL
Bharat Petroleum Corporation Ltd.,2018-07-12,-1.0,2,0,0,2,BPCL
Bharat Petroleum Corporation Ltd.,2018-07-13,1.0,2,2,0,0,BPCL
Bharat Petroleum Corporation Ltd.,2018-07-18,-1.0,2,0,0,2,BPCL
Bharat Petroleum Corporation Ltd.,2018-08-10,0.0,2,0,2,0,BPCL
Bharat Petroleum Corporation Ltd.,2018-08-13,0.0,2,0,2,0,BPCL
Bharat Petroleum Corporation Ltd.,2018-08-21,0.0,2,0,2,0,BPCL
Bharat Petroleum Corporation Ltd.,2018-08-22,0.0,2,0,2,0,BPCL
Bharat Petroleum Corporation Ltd.,2018-08-23,1.0,2,2,0,0,BPCL
Bharat Petroleum Corporation Ltd.,2018-09-14,-1.0,4,0,0,4,BPCL
Bharat Petroleum Corporation Ltd.,2018-09-17,1.0,2,2,0,0,BPCL
Bharat Petroleum Corporation Ltd.,2018-09-19,-1.0,2,0,0,2,BPCL
Bharat Petroleum Corporation Ltd.,2018-09-21,0.0,2,0,2,0,BPCL
Bharat Petroleum Corporation Ltd.,2018-09-25,0.0,2,0,2,0,BPCL
Bharat Petroleum Corporation Ltd.,2018-10-04,0.0,2,0,2,0,BPCL
Bharat Petroleum Corporation Ltd.,2018-10-05,-1.0,2,0,0,2,BPCL
Bharat Petroleum Corporation Ltd.,2018-10-06,0.0,2,0,2,0,BPCL
Bharat Petroleum Corporation Ltd.,2018-10-11,1.0,2,2,0,0,BPCL
Bharat Petroleum Corporation Ltd.,2018-10-22,1.0,2,2,0,0,BPCL
Bharat Petroleum Corporation Ltd.,2018-10-29,1.0,2,2,0,0,BPCL
Bharat Petroleum Corporation Ltd.,2018-10-30,1.0,2,2,0,0,BPCL
Bharat Petroleum Corporation Ltd.,2018-11-02,-1.0,2,0,0,2,BPCL
Bharat Petroleum Corporation Ltd.,2018-11-13,1.0,2,2,0,0,BPCL
Bharat Petroleum Corporation Ltd.,2018-11-14,0.0,2,0,2,0,BPCL
Bharat Petroleum Corporation Ltd.,2018-11-27,1.0,2,2,0,0,BPCL
Bharat Petroleum Corporation Ltd.,2018-11-28,-1.0,2,0,0,2,BPCL
Bharat Petroleum Corporation Ltd.,2018-12-04,-1.0,2,0,0,2,BPCL
Bharat Petroleum Corporation Ltd.,2018-12-10,0.0,2,0,2,0,BPCL
Bharat Petroleum Corporation Ltd.,2018-12-14,0.0,2,0,2,0,BPCL
Bharat Petroleum Corporation Ltd.,2018-12-20,-1.0,2,0,0,2,BPCL
Bharat Petroleum Corporation Ltd.,2018-12-21,0.0,2,0,2,0,BPCL
Bharat Petroleum Corporation Ltd.,2018-12-28,1.0,2,2,0,0,BPCL
Bharat Petroleum Corporation Ltd.,2019-01-09,0.0,2,0,2,0,BPCL
Bharat Petroleum Corporation Ltd.,2019-01-17,0.0,2,0,2,0,BPCL
Bharat Petroleum Corporation Ltd.,2019-02-14,0.0,2,0,2,0,BPCL
Bharat Petroleum Corporation Ltd.,2019-02-15,1.0,2,2,0,0,BPCL
Bharat Petroleum Corporation Ltd.,2019-02-19,1.0,2,2,0,0,BPCL
Bharat Petroleum Corporation Ltd.,2019-02-21,-1.0,2,0,0,2,BPCL
Bharat Petroleum Corporation Ltd.,2019-02-25,-1.0,2,0,0,2,BPCL
Bharat Petroleum Corporation Ltd.,2019-03-06,0.0,2,0,2,0,BPCL
Bharat Petroleum Corporation Ltd.,2019-03-11,0.0,2,0,2,0,BPCL
Bharat Petroleum Corporation Ltd.,2019-03-20,1.0,2,2,0,0,BPCL
Bharat Petroleum Corporation Ltd.,2019-03-22,0.0,2,0,2,0,BPCL
Bharat Petroleum Corporation Ltd.,2019-04-02,-1.0,2,0,0,2,BPCL
Bharat Petroleum Corporation Ltd.,2019-04-03,1.0,2,2,0,0,BPCL
Bharat Petroleum Corporation Ltd.,2019-04-04,-1.0,2,0,0,2,BPCL
Bharat Petroleum Corporation Ltd.,2019-04-18,-1.0,2,0,0,2,BPCL
Bharat Petroleum Corporation Ltd.,2019-04-19,0.0,2,0,2,0,BPCL
Bharat Petroleum Corporation Ltd.,2019-04-24,1.0,2,2,0,0,BPCL
Bharat Petroleum Corporation Ltd.,2019-04-25,1.0,2,2,0,0,BPCL
Bharat Petroleum Corporation Ltd.,2019-04-26,0.0,2,0,2,0,BPCL
Bharat Petroleum Corporation Ltd.,2019-05-06,0.0,2,0,2,0,BPCL
Bharat Petroleum Corporation Ltd.,2019-05-08,-1.0,2,0,0,2,BPCL
Bharat Petroleum Corporation Ltd.,2019-05-09,-1.0,2,0,0,2,BPCL
Bharat Petroleum Corporation Ltd.,2019-05-16,1.0,2,2,0,0,BPCL
Bharat Petroleum Corporation Ltd.,2019-05-21,0.0,2,0,2,0,BPCL
Bharat Petroleum Corporation Ltd.,2019-05-22,1.0,2,2,0,0,BPCL
Bharat Petroleum Corporation Ltd.,2019-06-25,0.0,2,0,2,0,BPCL
Bharat Petroleum Corporation Ltd.,2019-07-01,0.0,2,0,2,0,BPCL
Bharat Petroleum Corporation Ltd.,2019-07-10,-1.0,2,0,0,2,BPCL
Bharat Petroleum Corporation Ltd.,2019-08-28,0.0,2,0,2,0,BPCL
Bharat Petroleum Corporation Ltd.,2019-09-03,1.0,2,2,0,0,BPCL
Bharat Petroleum Corporation Ltd.,2019-09-13,-1.0,2,0,0,2,BPCL
Bharat Petroleum Corporation Ltd.,2019-09-16,1.0,2,2,0,0,BPCL
Bharat Petroleum Corporation Ltd.,2019-10-03,-1.0,2,0,0,2,BPCL
Bharat Petroleum Corporation Ltd.,2019-10-07,0.0,2,0,2,0,BPCL
Bharat Petroleum Corporation Ltd.,2019-10-16,1.0,2,2,0,0,BPCL
Bharat Petroleum Corporation Ltd.,2019-10-22,-1.0,2,0,0,2,BPCL
Bharat Petroleum Corporation Ltd.,2019-11-11,0.0,2,0,2,0,BPCL
Bharat Petroleum Corporation Ltd.,2019-11-15,0.0,2,0,2,0,BPCL
Bharat Petroleum Corporation Ltd.,2019-11-21,0.0,2,0,2,0,BPCL
Bharat Petroleum Corporation Ltd.,2022-05-18,1.0,2,2,0,0,BPCL
Bharat Petroleum Corporation Ltd.,2022-06-09,-1.0,2,0,0,2,BPCL
Bharat Petroleum Corporation Ltd.,2022-06-22,0.0,2,0,2,0,BPCL
Bharat Petroleum Corporation Ltd.,2022-08-08,0.0,2,0,2,0,BPCL
Bharat Petroleum Corporation Ltd.,2022-08-09,0.0,2,0,2,0,BPCL
Bharat Petroleum Corporation Ltd.,2022-09-07,0.0,2,0,2,0,BPCL
Bharat Petroleum Corporation Ltd.,2022-09-28,0.0,2,0,2,0,BPCL
Bharat Petroleum Corporation Ltd.,2022-10-12,0.0,2,0,2,0,BPCL
Bharat Petroleum Corporation Ltd.,2022-11-08,0.0,2,0,2,0,BPCL
Bharat Petroleum Corporation Ltd.,2022-11-10,0.0,2,0,2,0,BPCL
Bharat Petroleum Corporation Ltd.,2022-11-25,0.0,2,0,2,0,BPCL
Bharat Petroleum Corporation Ltd.,2023-01-31,0.0,2,0,2,0,BPCL
Bharat Petroleum Corporation Ltd.,2023-02-16,-1.0,2,0,0,2,BPCL
Bharat Petroleum Corporation Ltd.,2023-04-13,0.0,2,0,2,0,BPCL
Bharat Petroleum Corporation Ltd.,2023-05-10,-1.0,2,0,0,2,BPCL
Bharat Petroleum Corporation Ltd.,2023-05-16,-1.0,2,0,0,2,BPCL
Bharat Petroleum Corporation Ltd.,2023-05-23,0.0,2,0,2,0,BPCL
Bharat Petroleum Corporation Ltd.,2023-05-24,0.0,10,0,10,0,BPCL
Bharat Petroleum Corporation Ltd.,2023-06-06,-1.0,2,0,0,2,BPCL
Bharat Petroleum Corporation Ltd.,2023-06-07,0.0,4,0,4,0,BPCL
Bharat Petroleum Corporation Ltd.,2023-06-15,0.0,2,0,2,0,BPCL
Bharat Petroleum Corporation Ltd.,2023-06-22,0.0,2,0,2,0,BPCL
Bharat Petroleum Corporation Ltd.,2023-06-23,0.0,2,0,2,0,BPCL
Bharat Petroleum Corporation Ltd.,2023-06-26,1.0,2,2,0,0,BPCL
Bharat Petroleum Corporation Ltd.,2023-06-28,1.0,2,2,0,0,BPCL
Bharat Petroleum Corporation Ltd.,2023-06-29,0.0,4,0,4,0,BPCL
Bharat Petroleum Corporation Ltd.,2023-07-06,-1.0,2,0,0,2,BPCL
Bharat Petroleum Corporation Ltd.,2023-07-27,1.0,2,2,0,0,BPCL
Bharat Petroleum Corporation Ltd.,2023-07-29,0.0,4,0,4,0,BPCL
Bharat Petroleum Corporation Ltd.,2023-08-10,0.0,2,0,2,0,BPCL
Bharat Petroleum Corporation Ltd.,2023-08-20,0.0,2,0,2,0,BPCL
Bharat Petroleum Corporation Ltd.,2023-08-28,-1.0,2,0,0,2,BPCL
Bharat Petroleum Corporation Ltd.,2023-08-30,1.0,2,2,0,0,BPCL
Bharat Petroleum Corporation Ltd.,2023-09-04,0.0,4,0,4,0,BPCL
Bharat Petroleum Corporation Ltd.,2023-09-06,1.0,2,2,0,0,BPCL
Bharat Petroleum Corporation Ltd.,2023-09-19,0.0,2,0,2,0,BPCL
Bharat Petroleum Corporation Ltd.,2023-09-20,0.0,2,0,2,0,BPCL
Bharat Petroleum Corporation Ltd.,2023-09-29,0.0,2,0,2,0,BPCL
Bharat Petroleum Corporation Ltd.,2023-10-09,0.0,2,0,2,0,BPCL
Bharat Petroleum Corporation Ltd.,2023-10-23,-1.0,2,0,0,2,BPCL
Bharat Petroleum Corporation Ltd.,2023-10-30,1.0,4,4,0,0,BPCL
Bharat Petroleum Corporation Ltd.,2023-11-01,0.0,2,0,2,0,BPCL
Bharat Petroleum Corporation Ltd.,2023-11-02,1.0,6,6,0,0,BPCL
Bharat Petroleum Corporation Ltd.,2023-11-08,0.0,2,0,2,0,BPCL
Bharat Petroleum Corporation Ltd.,2023-11-16,0.0,2,0,2,0,BPCL
Bharat Petroleum Corporation Ltd.,2023-11-22,0.0,2,0,2,0,BPCL
Bharat Petroleum Corporation Ltd.,2023-11-27,0.0,2,0,2,0,BPCL
Bharat Petroleum Corporation Ltd.,2023-11-28,1.0,4,4,0,0,BPCL
Bharat Petroleum Corporation Ltd.,2023-12-01,1.0,2,2,0,0,BPCL
Bharat Petroleum Corporation Ltd.,2023-12-06,0.0,2,0,2,0,BPCL
Bharat Petroleum Corporation Ltd.,2023-12-08,0.0,2,0,2,0,BPCL
Bharat Petroleum Corporation Ltd.,2023-12-21,1.0,4,4,0,0,BPCL
Bharat Petroleum Corporation Ltd.,2023-12-23,0.0,4,0,4,0,BPCL
Bharat Petroleum Corporation Ltd.,2023-12-27,-1.0,2,0,0,2,BPCL
Bharat Petroleum Corporation Ltd.,2024-01-03,0.0,2,0,2,0,BPCL
Bharat Petroleum Corporation Ltd.,2024-01-05,1.0,2,2,0,0,BPCL
Bharat Petroleum Corporation Ltd.,2024-01-08,-1.0,2,0,0,2,BPCL
Bharat Petroleum Corporation Ltd.,2024-01-19,1.0,2,2,0,0,BPCL
Bharat Petroleum Corporation Ltd.,2024-01-30,1.0,4,4,0,0,BPCL
Bharat Petroleum Corporation Ltd.,2024-01-31,1.0,4,4,0,0,BPCL
Bharat Petroleum Corporation Ltd.,2024-02-14,0.0,2,0,2,0,BPCL
Bharat Petroleum Corporation Ltd.,2024-02-15,0.0,2,0,2,0,BPCL
Bharat Petroleum Corporation Ltd.,2024-02-24,0.0,4,0,4,0,BPCL
Bharat Petroleum Corporation Ltd.,2024-02-29,1.0,4,4,0,0,BPCL
Bharat Petroleum Corporation Ltd.,2024-03-05,-1.0,2,0,0,2,BPCL
Bharat Petroleum Corporation Ltd.,2024-03-15,-1.0,2,0,0,2,BPCL
Bharat Petroleum Corporation Ltd.,2024-03-20,0.0,4,0,4,0,BPCL
Bharat Petroleum Corporation Ltd.,2024-05-11,0.0,8,0,8,0,BPCL
Bharat Petroleum Corporation Ltd.,2024-05-12,0.0,2,0,2,0,BPCL
Bharat Petroleum Corporation Ltd.,2024-05-13,1.0,10,10,0,0,BPCL
Bharat Petroleum Corporation Ltd.,2024-05-14,-1.0,2,0,0,2,BPCL
Bharat Petroleum Corporation Ltd.,2024-05-15,1.0,2,2,0,0,BPCL
Bharat Petroleum Corporation Ltd.,2024-06-09,0.0,2,0,2,0,BPCL
Bharat Petroleum Corporation Ltd.,2024-06-21,-1.0,2,0,0,2,BPCL
Bharat Petroleum Corporation Ltd.,2024-07-08,0.0,4,0,4,0,BPCL
Bharat Petroleum Corporation Ltd.,2024-07-11,1.0,2,2,0,0,BPCL
Bharat Petroleum Corporation Ltd.,2024-07-15,0.0,2,0,2,0,BPCL
Bharat Petroleum Corporation Ltd.,2024-07-20,0.0,2,0,2,0,BPCL
Bharat Petroleum Corporation Ltd.,2024-07-22,1.0,14,14,0,0,BPCL
Bharat Petroleum Corporation Ltd.,2024-07-23,1.0,2,2,0,0,BPCL
Bharat Petroleum Corporation Ltd.,2024-07-24,0.0,2,0,2,0,BPCL
Bharat Petroleum Corporation Ltd.,2024-07-25,1.0,2,2,0,0,BPCL
Bharat Petroleum Corporation Ltd.,2024-07-29,0.0,6,0,6,0,BPCL
Bharat Petroleum Corporation Ltd.,2024-07-30,0.0,2,0,2,0,BPCL
Bharat Petroleum Corporation Ltd.,2024-08-01,-1.0,2,0,0,2,BPCL
Bharat Petroleum Corporation Ltd.,2024-08-20,0.0,2,0,2,0,BPCL
Bharat Petroleum Corporation Ltd.,2024-08-30,0.0,2,0,2,0,BPCL
Bharat Petroleum Corporation Ltd.,2024-09-09,-1.0,2,0,0,2,BPCL
Bharat Petroleum Corporation Ltd.,2024-09-25,1.0,4,4,0,0,BPCL
Bharat Petroleum Corporation Ltd.,2024-10-03,-1.0,2,0,0,2,BPCL
Bharat Petroleum Corporation Ltd.,2024-10-27,0.0,4,0,4,0,BPCL
Bharat Petroleum Corporation Ltd.,2024-10-28,0.0,2,0,2,0,BPCL
Bharat Petroleum Corporation Ltd.,2024-10-29,0.0,6,0,6,0,BPCL
Bharat Petroleum Corporation Ltd.,2024-10-30,0.0,4,0,4,0,BPCL
Bharat Petroleum Corporation Ltd.,2024-11-03,0.0,2,0,2,0,BPCL
Bharat Petroleum Corporation Ltd.,2024-11-24,0.0,4,0,4,0,BPCL
Bharti Airtel Ltd.,2008-08-24,0.0,1,0,1,0,BHARTIARTL
Bharti Airtel Ltd.,2012-05-15,0.0,1,0,1,0,BHARTIARTL
Bharti Airtel Ltd.,2012-06-08,1.0,1,1,0,0,BHARTIARTL
Bharti Airtel Ltd.,2013-01-28,-1.0,1,0,0,1,BHARTIARTL
Bharti Airtel Ltd.,2014-07-10,-1.0,1,0,0,1,BHARTIARTL
Bharti Airtel Ltd.,2014-09-08,0.0,2,0,2,0,BHARTIARTL
Bharti Airtel Ltd.,2014-10-20,0.0,2,0,2,0,BHARTIARTL
Bharti Airtel Ltd.,2014-11-12,0.0,1,0,1,0,BHARTIARTL
Bharti Airtel Ltd.,2014-12-24,0.0,1,0,1,0,BHARTIARTL
Bharti Airtel Ltd.,2014-12-25,0.0,2,0,2,0,BHARTIARTL
Bharti Airtel Ltd.,2014-12-26,0.0,1,0,1,0,BHARTIARTL
Bharti Airtel Ltd.,2014-12-27,0.0,1,0,1,0,BHARTIARTL
Bharti Airtel Ltd.,2014-12-29,0.0,1,0,1,0,BHARTIARTL
Bharti Airtel Ltd.,2015-01-07,-1.0,2,0,0,2,BHARTIARTL
Bharti Airtel Ltd.,2015-01-11,0.0,1,0,1,0,BHARTIARTL
Bharti Airtel Ltd.,2015-03-26,1.0,2,2,0,0,BHARTIARTL
Bharti Airtel Ltd.,2015-03-27,1.0,2,2,0,0,BHARTIARTL
Bharti Airtel Ltd.,2015-03-30,1.0,2,2,0,0,BHARTIARTL
Bharti Airtel Ltd.,2015-04-06,1.0,1,1,0,0,BHARTIARTL
Bharti Airtel Ltd.,2015-04-13,0.0,2,0,2,0,BHARTIARTL
Bharti Airtel Ltd.,2015-04-16,0.0,1,0,1,0,BHARTIARTL
Bharti Airtel Ltd.,2015-04-18,0.0,1,0,1,0,BHARTIARTL
Bharti Airtel Ltd.,2015-05-04,0.0,2,0,2,0,BHARTIARTL
Bharti Airtel Ltd.,2015-05-15,0.0,2,0,2,0,BHARTIARTL
Bharti Airtel Ltd.,2015-05-25,1.0,3,3,0,0,BHARTIARTL
Bharti Airtel Ltd.,2015-05-29,0.0,2,0,2,0,BHARTIARTL
Bharti Airtel Ltd.,2015-06-01,0.0,2,0,2,0,BHARTIARTL
Bharti Airtel Ltd.,2015-06-02,-1.0,2,0,0,2,BHARTIARTL
Bharti Airtel Ltd.,2015-06-03,0.0,2,0,2,0,BHARTIARTL
Bharti Airtel Ltd.,2015-06-18,-1.0,2,0,0,2,BHARTIARTL
Bharti Airtel Ltd.,2015-06-22,-1.0,4,0,0,4,BHARTIARTL
Bharti Airtel Ltd.,2015-06-26,1.0,2,2,0,0,BHARTIARTL
Bharti Airtel Ltd.,2015-07-02,0.0,2,0,2,0,BHARTIARTL
Bharti Airtel Ltd.,2015-07-10,0.0,2,0,2,0,BHARTIARTL
Bharti Airtel Ltd.,2015-07-21,-1.0,2,0,0,2,BHARTIARTL
Bharti Airtel Ltd.,2015-08-28,-1.0,2,0,0,2,BHARTIARTL
Bharti Airtel Ltd.,2015-08-31,0.0,2,0,2,0,BHARTIARTL
Bharti Airtel Ltd.,2016-01-29,1.0,1,1,0,0,BHARTIARTL
Bharti Airtel Ltd.,2016-06-30,1.0,1,1,0,0,BHARTIARTL
Bharti Airtel Ltd.,2016-10-26,-1.0,2,0,0,2,BHARTIARTL
Bharti Airtel Ltd.,2016-11-15,-1.0,2,0,0,2,BHARTIARTL
Bharti Airtel Ltd.,2016-11-17,-1.0,2,0,0,2,BHARTIARTL
Bharti Airtel Ltd.,2016-11-18,1.0,2,2,0,0,BHARTIARTL
Bharti Airtel Ltd.,2016-11-23,0.0,2,0,2,0,BHARTIARTL
Bharti Airtel Ltd.,2016-11-25,1.0,2,2,0,0,BHARTIARTL
Bharti Airtel Ltd.,2016-11-28,0.0,2,0,2,0,BHARTIARTL
Bharti Airtel Ltd.,2016-11-29,-1.0,4,0,0,4,BHARTIARTL
Bharti Airtel Ltd.,2016-12-16,0.0,2,0,2,0,BHARTIARTL
Bharti Airtel Ltd.,2017-01-03,1.0,2,2,0,0,BHARTIARTL
Bharti Airtel Ltd.,2017-01-04,0.0,2,0,2,0,BHARTIARTL
Bharti Airtel Ltd.,2017-01-20,0.0,2,0,2,0,BHARTIARTL
Bharti Airtel Ltd.,2017-01-21,0.0,1,0,1,0,BHARTIARTL
Bharti Airtel Ltd.,2017-01-24,1.0,2,2,0,0,BHARTIARTL
Bharti Airtel Ltd.,2017-01-25,1.0,2,2,0,0,BHARTIARTL
Bharti Airtel Ltd.,2017-01-27,0.0,2,0,2,0,BHARTIARTL
Bharti Airtel Ltd.,2017-01-30,0.0,4,0,4,0,BHARTIARTL
Bharti Airtel Ltd.,2017-01-31,1.0,2,2,0,0,BHARTIARTL
Bharti Airtel Ltd.,2017-02-02,0.0,2,0,2,0,BHARTIARTL
Bharti Airtel Ltd.,2017-02-14,0.0,2,0,2,0,BHARTIARTL
Bharti Airtel Ltd.,2017-02-21,1.0,2,2,0,0,BHARTIARTL
Bharti Airtel Ltd.,2017-02-28,-1.0,1,0,0,1,BHARTIARTL
Bharti Airtel Ltd.,2017-03-10,0.0,2,0,2,0,BHARTIARTL
Bharti Airtel Ltd.,2017-03-14,0.0,2,0,2,0,BHARTIARTL
Bharti Airtel Ltd.,2017-03-16,0.0,2,0,2,0,BHARTIARTL
Bharti Airtel Ltd.,2017-03-17,0.0,2,0,2,0,BHARTIARTL
Bharti Airtel Ltd.,2017-03-20,-1.0,4,0,0,4,BHARTIARTL
Bharti Airtel Ltd.,2017-03-22,0.0,2,0,2,0,BHARTIARTL
Bharti Airtel Ltd.,2017-03-23,0.0,2,0,2,0,BHARTIARTL
Bharti Airtel Ltd.,2017-06-17,0.0,1,0,1,0,BHARTIARTL
Bharti Airtel Ltd.,2017-06-19,0.0,1,0,1,0,BHARTIARTL
Bharti Airtel Ltd.,2018-01-09,1.0,2,2,0,0,BHARTIARTL
Bharti Airtel Ltd.,2018-01-11,0.0,2,0,2,0,BHARTIARTL
Bharti Airtel Ltd.,2018-01-12,-1.0,2,0,0,2,BHARTIARTL
Bharti Airtel Ltd.,2018-01-22,-1.0,2,0,0,2,BHARTIARTL
Bharti Airtel Ltd.,2018-01-24,-1.0,2,0,0,2,BHARTIARTL
Bharti Airtel Ltd.,2018-02-02,0.0,2,0,2,0,BHARTIARTL
Bharti Airtel Ltd.,2018-02-05,-1.0,2,0,0,2,BHARTIARTL
Bharti Airtel Ltd.,2018-02-06,0.0,2,0,2,0,BHARTIARTL
Bharti Airtel Ltd.,2018-02-07,-1.0,2,0,0,2,BHARTIARTL
Bharti Airtel Ltd.,2018-02-09,1.0,2,2,0,0,BHARTIARTL
Bharti Airtel Ltd.,2018-03-12,0.0,2,0,2,0,BHARTIARTL
Bharti Airtel Ltd.,2018-03-13,0.0,2,0,2,0,BHARTIARTL
Bharti Airtel Ltd.,2018-03-19,1.0,2,2,0,0,BHARTIARTL
Bharti Airtel Ltd.,2018-03-21,0.0,2,0,2,0,BHARTIARTL
Bharti Airtel Ltd.,2018-03-27,0.0,2,0,2,0,BHARTIARTL
Bharti Airtel Ltd.,2018-03-28,1.0,2,2,0,0,BHARTIARTL
Bharti Airtel Ltd.,2018-04-25,0.0,2,0,2,0,BHARTIARTL
Bharti Airtel Ltd.,2018-04-26,0.0,2,0,2,0,BHARTIARTL
Bharti Airtel Ltd.,2018-05-10,0.0,2,0,2,0,BHARTIARTL
Bharti Airtel Ltd.,2018-05-11,0.0,2,0,2,0,BHARTIARTL
Bharti Airtel Ltd.,2018-05-17,0.0,2,0,2,0,BHARTIARTL
Bharti Airtel Ltd.,2018-05-24,0.0,2,0,2,0,BHARTIARTL
Bharti Airtel Ltd.,2018-05-29,0.0,2,0,2,0,BHARTIARTL
Bharti Airtel Ltd.,2018-06-01,-1.0,2,0,0,2,BHARTIARTL
Bharti Airtel Ltd.,2018-06-04,1.0,2,2,0,0,BHARTIARTL
Bharti Airtel Ltd.,2018-06-05,0.0,2,0,2,0,BHARTIARTL
Bharti Airtel Ltd.,2018-06-06,0.0,2,0,2,0,BHARTIARTL
Bharti Airtel Ltd.,2018-06-11,-1.0,2,0,0,2,BHARTIARTL
Bharti Airtel Ltd.,2018-06-12,0.0,2,0,2,0,BHARTIARTL
Bharti Airtel Ltd.,2018-06-18,0.0,3,0,3,0,BHARTIARTL
Bharti Airtel Ltd.,2018-06-28,-1.0,2,0,0,2,BHARTIARTL
Bharti Airtel Ltd.,2018-07-02,0.0,2,0,2,0,BHARTIARTL
Bharti Airtel Ltd.,2018-07-09,-1.0,2,0,0,2,BHARTIARTL
Bharti Airtel Ltd.,2018-07-17,1.0,2,2,0,0,BHARTIARTL
Bharti Airtel Ltd.,2018-07-19,1.0,2,2,0,0,BHARTIARTL
Bharti Airtel Ltd.,2018-07-23,-1.0,2,0,0,2,BHARTIARTL
Bharti Airtel Ltd.,2018-07-30,-1.0,2,0,0,2,BHARTIARTL
Bharti Airtel Ltd.,2018-08-01,0.0,2,0,2,0,BHARTIARTL
Bharti Airtel Ltd.,2018-08-02,1.0,2,2,0,0,BHARTIARTL
Bharti Airtel Ltd.,2018-08-09,0.0,2,0,2,0,BHARTIARTL
Bharti Airtel Ltd.,2018-08-16,0.0,2,0,2,0,BHARTIARTL
Bharti Airtel Ltd.,2018-08-27,0.0,2,0,2,0,BHARTIARTL
Bharti Airtel Ltd.,2018-09-05,1.0,2,2,0,0,BHARTIARTL
Bharti Airtel Ltd.,2018-09-06,0.0,2,0,2,0,BHARTIARTL
Bharti Airtel Ltd.,2018-09-07,-1.0,2,0,0,2,BHARTIARTL
Bharti Airtel Ltd.,2018-09-12,0.0,2,0,2,0,BHARTIARTL
Bharti Airtel Ltd.,2018-09-18,0.0,2,0,2,0,BHARTIARTL
Bharti Airtel Ltd.,2018-09-28,-1.0,2,0,0,2,BHARTIARTL
Bharti Airtel Ltd.,2018-10-01,-1.0,2,0,0,2,BHARTIARTL
Bharti Airtel Ltd.,2018-10-05,-1.0,1,0,0,1,BHARTIARTL
Bharti Airtel Ltd.,2018-10-11,0.0,2,0,2,0,BHARTIARTL
Bharti Airtel Ltd.,2018-10-24,0.0,2,0,2,0,BHARTIARTL
Bharti Airtel Ltd.,2018-10-25,-1.0,2,0,0,2,BHARTIARTL
Bharti Airtel Ltd.,2018-11-09,0.0,4,0,4,0,BHARTIARTL
Bharti Airtel Ltd.,2018-11-16,-1.0,2,0,0,2,BHARTIARTL
Bharti Airtel Ltd.,2018-11-28,-1.0,2,0,0,2,BHARTIARTL
Bharti Airtel Ltd.,2018-12-11,0.0,2,0,2,0,BHARTIARTL
Bharti Airtel Ltd.,2018-12-12,1.0,2,2,0,0,BHARTIARTL
Bharti Airtel Ltd.,2018-12-14,0.0,2,0,2,0,BHARTIARTL
Bharti Airtel Ltd.,2018-12-17,1.0,2,2,0,0,BHARTIARTL
Bharti Airtel Ltd.,2018-12-26,0.0,2,0,2,0,BHARTIARTL
Bharti Airtel Ltd.,2018-12-27,-1.0,2,0,0,2,BHARTIARTL
Bharti Airtel Ltd.,2018-12-31,-1.0,2,0,0,2,BHARTIARTL
Bharti Airtel Ltd.,2019-01-01,0.0,2,0,2,0,BHARTIARTL
Bharti Airtel Ltd.,2019-01-04,1.0,2,2,0,0,BHARTIARTL
Bharti Airtel Ltd.,2019-01-16,-1.0,2,0,0,2,BHARTIARTL
Bharti Airtel Ltd.,2019-01-18,-1.0,2,0,0,2,BHARTIARTL
Bharti Airtel Ltd.,2019-01-25,0.0,2,0,2,0,BHARTIARTL
Bharti Airtel Ltd.,2019-02-08,0.0,2,0,2,0,BHARTIARTL
Bharti Airtel Ltd.,2019-02-14,0.0,2,0,2,0,BHARTIARTL
Bharti Airtel Ltd.,2019-02-27,-1.0,2,0,0,2,BHARTIARTL
Bharti Airtel Ltd.,2019-03-01,0.0,2,0,2,0,BHARTIARTL
Bharti Airtel Ltd.,2019-03-11,-1.0,2,0,0,2,BHARTIARTL
Bharti Airtel Ltd.,2019-03-12,1.0,2,2,0,0,BHARTIARTL
Bharti Airtel Ltd.,2019-03-13,-1.0,2,0,0,2,BHARTIARTL
Bharti Airtel Ltd.,2019-03-15,1.0,2,2,0,0,BHARTIARTL
Bharti Airtel Ltd.,2019-03-18,0.0,2,0,2,0,BHARTIARTL
Bharti Airtel Ltd.,2019-03-27,1.0,2,2,0,0,BHARTIARTL
Bharti Airtel Ltd.,2019-04-02,1.0,2,2,0,0,BHARTIARTL
Bharti Airtel Ltd.,2019-04-03,0.0,2,0,2,0,BHARTIARTL
Bharti Airtel Ltd.,2019-04-04,0.0,2,0,2,0,BHARTIARTL
Bharti Airtel Ltd.,2019-04-09,1.0,2,2,0,0,BHARTIARTL
Bharti Airtel Ltd.,2019-04-10,-1.0,2,0,0,2,BHARTIARTL
Bharti Airtel Ltd.,2019-04-11,1.0,2,2,0,0,BHARTIARTL
Bharti Airtel Ltd.,2019-04-12,0.0,2,0,2,0,BHARTIARTL
Bharti Airtel Ltd.,2019-04-22,1.0,2,2,0,0,BHARTIARTL
Bharti Airtel Ltd.,2019-04-25,-1.0,2,0,0,2,BHARTIARTL
Bharti Airtel Ltd.,2019-05-03,-1.0,2,0,0,2,BHARTIARTL
Bharti Airtel Ltd.,2019-05-06,0.0,2,0,2,0,BHARTIARTL
Bharti Airtel Ltd.,2019-05-09,-1.0,2,0,0,2,BHARTIARTL
Bharti Airtel Ltd.,2019-05-10,1.0,2,2,0,0,BHARTIARTL
Bharti Airtel Ltd.,2019-05-14,-1.0,2,0,0,2,BHARTIARTL
Bharti Airtel Ltd.,2019-06-10,0.0,2,0,2,0,BHARTIARTL
Bharti Airtel Ltd.,2019-06-14,0.0,2,0,2,0,BHARTIARTL
Bharti Airtel Ltd.,2019-07-01,0.0,2,0,2,0,BHARTIARTL
Bharti Airtel Ltd.,2019-07-02,1.0,2,2,0,0,BHARTIARTL
Bharti Airtel Ltd.,2019-07-04,-1.0,2,0,0,2,BHARTIARTL
Bharti Airtel Ltd.,2019-07-09,0.0,2,0,2,0,BHARTIARTL
Bharti Airtel Ltd.,2019-07-26,1.0,2,2,0,0,BHARTIARTL
Bharti Airtel Ltd.,2019-07-30,-1.0,2,0,0,2,BHARTIARTL
Bharti Airtel Ltd.,2019-07-31,1.0,2,2,0,0,BHARTIARTL
Bharti Airtel Ltd.,2019-08-02,1.0,2,2,0,0,BHARTIARTL
Bharti Airtel Ltd.,2019-08-05,0.0,2,0,2,0,BHARTIARTL
Bharti Airtel Ltd.,2019-08-13,0.0,2,0,2,0,BHARTIARTL
Bharti Airtel Ltd.,2019-08-27,0.0,2,0,2,0,BHARTIARTL
Bharti Airtel Ltd.,2019-09-04,0.0,2,0,2,0,BHARTIARTL
Bharti Airtel Ltd.,2019-09-13,-1.0,2,0,0,2,BHARTIARTL
Bharti Airtel Ltd.,2019-09-18,1.0,2,2,0,0,BHARTIARTL
Bharti Airtel Ltd.,2019-09-27,-1.0,2,0,0,2,BHARTIARTL
Bharti Airtel Ltd.,2019-09-30,-1.0,2,0,0,2,BHARTIARTL
Bharti Airtel Ltd.,2019-10-09,1.0,4,4,0,0,BHARTIARTL
Bharti Airtel Ltd.,2019-10-10,1.0,2,2,0,0,BHARTIARTL
Bharti Airtel Ltd.,2019-10-14,0.0,2,0,2,0,BHARTIARTL
Bharti Airtel Ltd.,2019-10-15,0.0,2,0,2,0,BHARTIARTL
Bharti Airtel Ltd.,2019-10-23,0.0,2,0,2,0,BHARTIARTL
Bharti Airtel Ltd.,2019-10-24,0.0,4,0,4,0,BHARTIARTL
Bharti Airtel Ltd.,2019-10-29,1.0,2,2,0,0,BHARTIARTL
Bharti Airtel Ltd.,2019-11-05,0.0,2,0,2,0,BHARTIARTL
Bharti Airtel Ltd.,2019-11-06,0.0,2,0,2,0,BHARTIARTL
Bharti Airtel Ltd.,2019-11-15,1.0,2,2,0,0,BHARTIARTL
Bharti Airtel Ltd.,2019-11-18,0.0,2,0,2,0,BHARTIARTL
Bharti Airtel Ltd.,2019-11-19,-1.0,2,0,0,2,BHARTIARTL
Bharti Airtel Ltd.,2019-11-21,1.0,2,2,0,0,BHARTIARTL
Bharti Airtel Ltd.,2019-11-23,0.0,2,0,2,0,BHARTIARTL
Bharti Airtel Ltd.,2019-11-25,0.0,2,0,2,0,BHARTIARTL
Bharti Airtel Ltd.,2019-11-26,0.0,2,0,2,0,BHARTIARTL
Bharti Airtel Ltd.,2019-11-28,1.0,4,4,0,0,BHARTIARTL
Bharti Airtel Ltd.,2019-11-29,0.0,2,0,2,0,BHARTIARTL
Bharti Airtel Ltd.,2019-12-02,0.0,2,0,2,0,BHARTIARTL
Bharti Airtel Ltd.,2019-12-05,0.0,2,0,2,0,BHARTIARTL
Bharti Airtel Ltd.,2019-12-13,1.0,2,2,0,0,BHARTIARTL
Bharti Airtel Ltd.,2019-12-17,1.0,2,2,0,0,BHARTIARTL
Bharti Airtel Ltd.,2019-12-26,1.0,2,2,0,0,BHARTIARTL
Bharti Airtel Ltd.,2019-12-31,0.0,1,0,1,0,BHARTIARTL
Bharti Airtel Ltd.,2020-01-07,0.0,2,0,2,0,BHARTIARTL
Bharti Airtel Ltd.,2020-01-08,0.0,2,0,2,0,BHARTIARTL
Bharti Airtel Ltd.,2020-01-13,0.0,2,0,2,0,BHARTIARTL
Bharti Airtel Ltd.,2020-01-17,0.0,2,0,2,0,BHARTIARTL
Bharti Airtel Ltd.,2020-01-20,0.0,2,0,2,0,BHARTIARTL
Bharti Airtel Ltd.,2020-01-28,0.0,2,0,2,0,BHARTIARTL
Bharti Airtel Ltd.,2020-02-05,-1.0,2,0,0,2,BHARTIARTL
Bharti Airtel Ltd.,2020-02-11,0.0,2,0,2,0,BHARTIARTL
Bharti Airtel Ltd.,2020-02-14,-1.0,2,0,0,2,BHARTIARTL
Bharti Airtel Ltd.,2020-02-17,0.0,2,0,2,0,BHARTIARTL
Bharti Airtel Ltd.,2020-02-18,0.0,2,0,2,0,BHARTIARTL
Bharti Airtel Ltd.,2020-02-19,-1.0,2,0,0,2,BHARTIARTL
Bharti Airtel Ltd.,2020-02-21,0.0,2,0,2,0,BHARTIARTL
Bharti Airtel Ltd.,2020-02-25,0.0,2,0,2,0,BHARTIARTL
Bharti Airtel Ltd.,2020-02-29,0.0,2,0,2,0,BHARTIARTL
Bharti Airtel Ltd.,2020-03-19,-1.0,2,0,0,2,BHARTIARTL
Bharti Airtel Ltd.,2020-03-26,-1.0,2,0,0,2,BHARTIARTL
Bharti Airtel Ltd.,2020-03-27,1.0,2,2,0,0,BHARTIARTL
Bharti Airtel Ltd.,2020-04-13,-1.0,2,0,0,2,BHARTIARTL
Bharti Airtel Ltd.,2020-04-21,-1.0,2,0,0,2,BHARTIARTL
Bharti Airtel Ltd.,2020-04-28,1.0,2,2,0,0,BHARTIARTL
Bharti Airtel Ltd.,2020-05-04,1.0,2,2,0,0,BHARTIARTL
Bharti Airtel Ltd.,2020-05-12,-1.0,2,0,0,2,BHARTIARTL
Bharti Airtel Ltd.,2020-05-13,1.0,2,2,0,0,BHARTIARTL
Bharti Airtel Ltd.,2020-05-15,1.0,2,2,0,0,BHARTIARTL
Bharti Airtel Ltd.,2020-05-19,0.0,2,0,2,0,BHARTIARTL
Bharti Airtel Ltd.,2020-05-20,0.0,2,0,2,0,BHARTIARTL
Bharti Airtel Ltd.,2020-05-26,0.0,2,0,2,0,BHARTIARTL
Bharti Airtel Ltd.,2020-05-28,1.0,2,2,0,0,BHARTIARTL
Bharti Airtel Ltd.,2020-05-29,0.0,2,0,2,0,BHARTIARTL
Bharti Airtel Ltd.,2020-06-04,0.0,4,0,4,0,BHARTIARTL
Bharti Airtel Ltd.,2020-06-09,-1.0,2,0,0,2,BHARTIARTL
Bharti Airtel Ltd.,2020-06-17,1.0,2,2,0,0,BHARTIARTL
Bharti Airtel Ltd.,2020-06-18,1.0,4,4,0,0,BHARTIARTL
Bharti Airtel Ltd.,2020-06-23,0.0,3,0,3,0,BHARTIARTL
Bharti Airtel Ltd.,2020-06-29,0.0,2,0,2,0,BHARTIARTL
Bharti Airtel Ltd.,2020-07-03,-1.0,2,0,0,2,BHARTIARTL
Bharti Airtel Ltd.,2020-07-14,0.0,4,0,4,0,BHARTIARTL
Bharti Airtel Ltd.,2020-07-15,0.0,2,0,2,0,BHARTIARTL
Bharti Airtel Ltd.,2020-07-21,0.0,2,0,2,0,BHARTIARTL
Bharti Airtel Ltd.,2020-08-06,0.0,2,0,2,0,BHARTIARTL
Bharti Airtel Ltd.,2020-08-11,-1.0,2,0,0,2,BHARTIARTL
Bharti Airtel Ltd.,2020-08-13,-1.0,2,0,0,2,BHARTIARTL
Bharti Airtel Ltd.,2020-08-17,1.0,2,2,0,0,BHARTIARTL
Bharti Airtel Ltd.,2020-08-19,-1.0,2,0,0,2,BHARTIARTL
Bharti Airtel Ltd.,2020-08-20,1.0,2,2,0,0,BHARTIARTL
Bharti Airtel Ltd.,2020-08-21,0.0,2,0,2,0,BHARTIARTL
Bharti Airtel Ltd.,2020-08-26,1.0,2,2,0,0,BHARTIARTL
Bharti Airtel Ltd.,2020-09-01,-1.0,4,0,0,4,BHARTIARTL
Bharti Airtel Ltd.,2020-09-03,-1.0,2,0,0,2,BHARTIARTL
Bharti Airtel Ltd.,2020-09-14,0.0,2,0,2,0,BHARTIARTL
Bharti Airtel Ltd.,2020-09-18,0.0,2,0,2,0,BHARTIARTL
Bharti Airtel Ltd.,2020-09-21,-1.0,2,0,0,2,BHARTIARTL
Bharti Airtel Ltd.,2020-09-23,1.0,2,2,0,0,BHARTIARTL
Bharti Airtel Ltd.,2020-09-25,-1.0,32,0,0,32,BHARTIARTL
Bharti Airtel Ltd.,2020-10-05,-1.0,2,0,0,2,BHARTIARTL
Bharti Airtel Ltd.,2020-10-12,0.0,2,0,2,0,BHARTIARTL
Bharti Airtel Ltd.,2020-10-19,1.0,2,2,0,0,BHARTIARTL
Bharti Airtel Ltd.,2020-10-21,0.0,2,0,2,0,BHARTIARTL
Bharti Airtel Ltd.,2020-10-22,0.0,2,0,2,0,BHARTIARTL
Bharti Airtel Ltd.,2020-10-28,-1.0,2,0,0,2,BHARTIARTL
Bharti Airtel Ltd.,2020-10-30,0.0,2,0,2,0,BHARTIARTL
Bharti Airtel Ltd.,2020-11-06,-1.0,2,0,0,2,BHARTIARTL
Bharti Airtel Ltd.,2020-11-09,1.0,2,2,0,0,BHARTIARTL
Bharti Airtel Ltd.,2020-12-07,0.0,2,0,2,0,BHARTIARTL
Bharti Airtel Ltd.,2020-12-16,0.0,2,0,2,0,BHARTIARTL
Bharti Airtel Ltd.,2020-12-31,0.0,2,0,2,0,BHARTIARTL
Bharti Airtel Ltd.,2021-01-06,0.0,2,0,2,0,BHARTIARTL
Bharti Airtel Ltd.,2021-01-07,1.0,2,2,0,0,BHARTIARTL
Bharti Airtel Ltd.,2021-01-08,1.0,2,2,0,0,BHARTIARTL
Bharti Airtel Ltd.,2021-01-12,0.0,2,0,2,0,BHARTIARTL
Bharti Airtel Ltd.,2021-01-15,0.0,2,0,2,0,BHARTIARTL
Bharti Airtel Ltd.,2021-01-29,1.0,2,2,0,0,BHARTIARTL
Bharti Airtel Ltd.,2021-02-04,1.0,2,2,0,0,BHARTIARTL
Bharti Airtel Ltd.,2021-02-05,0.0,2,0,2,0,BHARTIARTL
Bharti Airtel Ltd.,2021-02-10,-1.0,2,0,0,2,BHARTIARTL
Bharti Airtel Ltd.,2021-02-23,1.0,1,1,0,0,BHARTIARTL
Bharti Airtel Ltd.,2021-03-01,0.0,2,0,2,0,BHARTIARTL
Bharti Airtel Ltd.,2021-03-18,0.0,2,0,2,0,BHARTIARTL
Bharti Airtel Ltd.,2021-03-25,0.0,2,0,2,0,BHARTIARTL
Bharti Airtel Ltd.,2021-03-30,0.0,2,0,2,0,BHARTIARTL
Bharti Airtel Ltd.,2021-05-03,1.0,2,2,0,0,BHARTIARTL
Bharti Airtel Ltd.,2021-05-20,0.0,1,0,1,0,BHARTIARTL
Bharti Airtel Ltd.,2021-05-31,0.0,2,0,2,0,BHARTIARTL
Bharti Airtel Ltd.,2021-06-08,0.0,2,0,2,0,BHARTIARTL
Bharti Airtel Ltd.,2021-06-18,0.0,2,0,2,0,BHARTIARTL
Bharti Airtel Ltd.,2021-06-24,0.0,2,0,2,0,BHARTIARTL
Bharti Airtel Ltd.,2021-07-09,0.0,4,0,4,0,BHARTIARTL
Bharti Airtel Ltd.,2021-07-12,0.0,2,0,2,0,BHARTIARTL
Bharti Airtel Ltd.,2021-07-15,0.0,2,0,2,0,BHARTIARTL
Bharti Airtel Ltd.,2021-07-16,-1.0,2,0,0,2,BHARTIARTL
Bharti Airtel Ltd.,2021-07-22,0.0,2,0,2,0,BHARTIARTL
Bharti Airtel Ltd.,2021-08-05,-1.0,2,0,0,2,BHARTIARTL
Bharti Airtel Ltd.,2021-08-06,1.0,2,2,0,0,BHARTIARTL
Bharti Airtel Ltd.,2021-08-09,0.0,2,0,2,0,BHARTIARTL
Bharti Airtel Ltd.,2021-08-10,0.0,2,0,2,0,BHARTIARTL
Bharti Airtel Ltd.,2021-08-13,-1.0,2,0,0,2,BHARTIARTL
Bharti Airtel Ltd.,2021-08-17,-1.0,2,0,0,2,BHARTIARTL
Bharti Airtel Ltd.,2021-08-26,1.0,2,2,0,0,BHARTIARTL
Bharti Airtel Ltd.,2021-08-30,0.0,2,0,2,0,BHARTIARTL
Bharti Airtel Ltd.,2021-08-31,0.0,2,0,2,0,BHARTIARTL
Bharti Airtel Ltd.,2021-09-03,1.0,2,2,0,0,BHARTIARTL
Bharti Airtel Ltd.,2021-09-07,1.0,2,2,0,0,BHARTIARTL
Bharti Airtel Ltd.,2021-09-09,0.0,2,0,2,0,BHARTIARTL
Bharti Airtel Ltd.,2021-09-13,1.0,2,2,0,0,BHARTIARTL
Bharti Airtel Ltd.,2021-09-15,1.0,2,2,0,0,BHARTIARTL
Bharti Airtel Ltd.,2021-09-17,0.0,2,0,2,0,BHARTIARTL
Bharti Airtel Ltd.,2021-10-01,1.0,2,2,0,0,BHARTIARTL
Bharti Airtel Ltd.,2021-10-05,0.0,2,0,2,0,BHARTIARTL
Bharti Airtel Ltd.,2021-10-20,0.0,2,0,2,0,BHARTIARTL
Bharti Airtel Ltd.,2021-11-01,-1.0,2,0,0,2,BHARTIARTL
Bharti Airtel Ltd.,2021-11-03,1.0,2,2,0,0,BHARTIARTL
Bharti Airtel Ltd.,2021-11-10,1.0,2,2,0,0,BHARTIARTL
Bharti Airtel Ltd.,2021-11-22,0.0,2,0,2,0,BHARTIARTL
Bharti Airtel Ltd.,2021-12-06,1.0,2,2,0,0,BHARTIARTL
Bharti Airtel Ltd.,2021-12-07,0.0,2,0,2,0,BHARTIARTL
Bharti Airtel Ltd.,2021-12-22,0.0,2,0,2,0,BHARTIARTL
Bharti Airtel Ltd.,2021-12-23,0.0,2,0,2,0,BHARTIARTL
Bharti Airtel Ltd.,2022-01-06,0.0,2,0,2,0,BHARTIARTL
Bharti Airtel Ltd.,2022-01-12,-1.0,2,0,0,2,BHARTIARTL
Bharti Airtel Ltd.,2022-01-20,0.0,2,0,2,0,BHARTIARTL
Bharti Airtel Ltd.,2022-01-24,0.0,2,0,2,0,BHARTIARTL
Bharti Airtel Ltd.,2022-02-16,0.0,2,0,2,0,BHARTIARTL
Bharti Airtel Ltd.,2022-03-07,1.0,2,2,0,0,BHARTIARTL
Bharti Airtel Ltd.,2022-03-23,0.0,2,0,2,0,BHARTIARTL
Bharti Airtel Ltd.,2022-03-28,0.0,2,0,2,0,BHARTIARTL
Bharti Airtel Ltd.,2022-03-29,0.0,2,0,2,0,BHARTIARTL
Bharti Airtel Ltd.,2022-04-21,0.0,2,0,2,0,BHARTIARTL
Bharti Airtel Ltd.,2022-04-22,1.0,2,2,0,0,BHARTIARTL
Bharti Airtel Ltd.,2022-04-28,0.0,2,0,2,0,BHARTIARTL
Bharti Airtel Ltd.,2022-05-25,-1.0,2,0,0,2,BHARTIARTL
Bharti Airtel Ltd.,2022-05-27,0.0,2,0,2,0,BHARTIARTL
Bharti Airtel Ltd.,2022-06-08,0.0,2,0,2,0,BHARTIARTL
Bharti Airtel Ltd.,2022-06-09,0.0,2,0,2,0,BHARTIARTL
Bharti Airtel Ltd.,2022-06-14,-1.0,2,0,0,2,BHARTIARTL
Bharti Airtel Ltd.,2022-06-15,-1.0,1,0,0,1,BHARTIARTL
Bharti Airtel Ltd.,2022-06-16,0.0,2,0,2,0,BHARTIARTL
Bharti Airtel Ltd.,2022-07-07,-1.0,2,0,0,2,BHARTIARTL
Bharti Airtel Ltd.,2022-07-11,-1.0,2,0,0,2,BHARTIARTL
Bharti Airtel Ltd.,2022-07-12,0.0,2,0,2,0,BHARTIARTL
Bharti Airtel Ltd.,2022-07-13,1.0,2,2,0,0,BHARTIARTL
Bharti Airtel Ltd.,2022-08-16,1.0,1,1,0,0,BHARTIARTL
Bharti Airtel Ltd.,2022-08-24,-1.0,2,0,0,2,BHARTIARTL
Bharti Airtel Ltd.,2022-10-23,0.0,1,0,1,0,BHARTIARTL
Bharti Airtel Ltd.,2023-09-04,1.0,4,4,0,0,BHARTIARTL
Bharti Airtel Ltd.,2023-09-06,1.0,2,2,0,0,BHARTIARTL
Bharti Airtel Ltd.,2023-09-08,0.0,2,0,2,0,BHARTIARTL
Bharti Airtel Ltd.,2023-09-21,0.0,2,0,2,0,BHARTIARTL
Bharti Airtel Ltd.,2023-10-11,0.0,4,0,4,0,BHARTIARTL
Bharti Airtel Ltd.,2023-10-13,0.0,2,0,2,0,BHARTIARTL
Bharti Airtel Ltd.,2023-10-27,-1.0,2,0,0,2,BHARTIARTL
Bharti Airtel Ltd.,2023-10-29,0.0,2,0,2,0,BHARTIARTL
Bharti Airtel Ltd.,2023-10-30,0.0,2,0,2,0,BHARTIARTL
Bharti Airtel Ltd.,2023-11-01,0.0,6,0,6,0,BHARTIARTL
Bharti Airtel Ltd.,2023-11-06,0.0,4,0,4,0,BHARTIARTL
Bharti Airtel Ltd.,2023-11-07,0.0,2,0,2,0,BHARTIARTL
Bharti Airtel Ltd.,2023-11-12,0.0,2,0,2,0,BHARTIARTL
Bharti Airtel Ltd.,2023-11-16,1.0,2,2,0,0,BHARTIARTL
Bharti Airtel Ltd.,2023-11-21,0.0,6,0,6,0,BHARTIARTL
Bharti Airtel Ltd.,2023-11-22,0.0,2,0,2,0,BHARTIARTL
Bharti Airtel Ltd.,2023-11-23,1.0,4,4,0,0,BHARTIARTL
Bharti Airtel Ltd.,2023-12-04,0.0,2,0,2,0,BHARTIARTL
Bharti Airtel Ltd.,2024-01-12,0.0,2,0,2,0,BHARTIARTL
Bharti Airtel Ltd.,2024-01-28,0.0,2,0,2,0,BHARTIARTL
Bharti Airtel Ltd.,2024-02-07,-1.0,2,0,0,2,BHARTIARTL
Bharti Airtel Ltd.,2024-05-16,0.0,2,0,2,0,BHARTIARTL
Bharti Airtel Ltd.,2024-05-27,0.0,2,0,2,0,BHARTIARTL
Bharti Airtel Ltd.,2024-06-10,0.0,2,0,2,0,BHARTIARTL
Bharti Airtel Ltd.,2024-06-21,0.0,2,0,2,0,BHARTIARTL
Bharti Airtel Ltd.,2024-06-25,1.0,2,2,0,0,BHARTIARTL
Bharti Airtel Ltd.,2024-06-26,-1.0,2,0,0,2,BHARTIARTL
Bharti Airtel Ltd.,2024-06-27,0.0,4,0,4,0,BHARTIARTL
Bharti Airtel Ltd.,2024-06-28,-1.0,4,0,0,4,BHARTIARTL
Bharti Airtel Ltd.,2024-06-29,0.0,2,0,2,0,BHARTIARTL
Bharti Airtel Ltd.,2024-06-30,0.0,4,0,4,0,BHARTIARTL
Bharti Airtel Ltd.,2024-07-01,0.0,4,0,4,0,BHARTIARTL
Bharti Airtel Ltd.,2024-07-02,0.0,2,0,2,0,BHARTIARTL
Bharti Airtel Ltd.,2024-07-12,1.0,2,2,0,0,BHARTIARTL
Bharti Airtel Ltd.,2024-07-15,1.0,2,2,0,0,BHARTIARTL
Bharti Airtel Ltd.,2024-07-26,0.0,2,0,2,0,BHARTIARTL
Bharti Airtel Ltd.,2024-07-29,1.0,2,2,0,0,BHARTIARTL
Bharti Airtel Ltd.,2024-08-06,0.0,6,0,6,0,BHARTIARTL
Bharti Airtel Ltd.,2024-08-07,0.0,8,0,8,0,BHARTIARTL
Bharti Airtel Ltd.,2024-08-08,0.0,2,0,2,0,BHARTIARTL
Bharti Airtel Ltd.,2024-08-09,0.0,2,0,2,0,BHARTIARTL
Bharti Airtel Ltd.,2024-08-15,0.0,2,0,2,0,BHARTIARTL
Bharti Airtel Ltd.,2024-08-28,1.0,4,4,0,0,BHARTIARTL
Bharti Airtel Ltd.,2024-08-30,0.0,8,0,8,0,BHARTIARTL
Bharti Airtel Ltd.,2024-09-06,1.0,4,4,0,0,BHARTIARTL
Bharti Airtel Ltd.,2024-09-10,1.0,2,2,0,0,BHARTIARTL
Bharti Airtel Ltd.,2024-09-11,0.0,4,0,4,0,BHARTIARTL
Bharti Airtel Ltd.,2024-10-09,0.0,2,0,2,0,BHARTIARTL
Bharti Airtel Ltd.,2024-10-15,-1.0,2,0,0,2,BHARTIARTL
Bharti Airtel Ltd.,2024-10-25,-1.0,5,0,0,5,BHARTIARTL
Bharti Airtel Ltd.,2024-10-27,-0.8,5,0,1,4,BHARTIARTL
Bharti Airtel Ltd.,2024-10-28,0.0,12,0,12,0,BHARTIARTL
Bharti Airtel Ltd.,2024-10-29,-1.0,15,0,0,15,BHARTIARTL
Bharti Airtel Ltd.,2024-10-30,0.0,4,0,4,0,BHARTIARTL
Bharti Airtel Ltd.,2024-10-31,-1.0,1,0,0,1,BHARTIARTL
Bharti Airtel Ltd.,2024-11-01,0.0,2,0,2,0,BHARTIARTL
Bharti Airtel Ltd.,2024-11-02,0.0,1,0,1,0,BHARTIARTL
Bharti Airtel Ltd.,2024-11-03,0.0,3,0,3,0,BHARTIARTL
Bharti Airtel Ltd.,2024-11-04,1.0,2,2,0,0,BHARTIARTL
Bharti Airtel Ltd.,2024-11-05,-1.0,1,0,0,1,BHARTIARTL
Bharti Airtel Ltd.,2024-11-06,0.0,7,0,7,0,BHARTIARTL
Bharti Airtel Ltd.,2024-11-07,0.0,4,0,4,0,BHARTIARTL
Bharti Airtel Ltd.,2024-11-08,0.0,6,0,6,0,BHARTIARTL
Bharti Airtel Ltd.,2024-11-10,0.0,1,0,1,0,BHARTIARTL
Bharti Airtel Ltd.,2024-11-11,0.0,1,0,1,0,BHARTIARTL
Bharti Airtel Ltd.,2024-11-12,0.0,2,0,2,0,BHARTIARTL
Bharti Airtel Ltd.,2024-11-13,0.0,2,0,2,0,BHARTIARTL
Bharti Airtel Ltd.,2024-11-14,0.0,1,0,1,0,BHARTIARTL
Bharti Airtel Ltd.,2024-11-15,0.0,1,0,1,0,BHARTIARTL
Bharti Airtel Ltd.,2024-11-17,0.0,2,0,2,0,BHARTIARTL
Bharti Airtel Ltd.,2024-11-19,1.0,4,4,0,0,BHARTIARTL
Bharti Airtel Ltd.,2024-11-20,0.8181818181818182,11,9,2,0,BHARTIARTL
Bharti Airtel Ltd.,2024-11-21,0.0,8,0,8,0,BHARTIARTL
Bharti Airtel Ltd.,2024-11-22,0.0,5,0,5,0,BHARTIARTL
Bharti Airtel Ltd.,2024-11-24,0.0,1,0,1,0,BHARTIARTL
Bharti Airtel Ltd.,2024-12-10,1.0,2,2,0,0,BHARTIARTL
Britannia Industries Ltd.,2009-01-26,0.0,1,0,1,0,BRITANNIA
Britannia Industries Ltd.,2009-02-23,0.0,1,0,1,0,BRITANNIA
Britannia Industries Ltd.,2009-06-03,0.0,1,0,1,0,BRITANNIA
Britannia Industries Ltd.,2009-07-26,0.0,1,0,1,0,BRITANNIA
Britannia Industries Ltd.,2010-03-18,0.0,1,0,1,0,BRITANNIA
Britannia Industries Ltd.,2010-06-08,0.0,1,0,1,0,BRITANNIA
Britannia Industries Ltd.,2010-08-01,0.0,1,0,1,0,BRITANNIA
Britannia Industries Ltd.,2011-03-20,0.0,1,0,1,0,BRITANNIA
Britannia Industries Ltd.,2012-04-17,0.0,1,0,1,0,BRITANNIA
Britannia Industries Ltd.,2012-07-03,0.0,1,0,1,0,BRITANNIA
Britannia Industries Ltd.,2012-11-30,-1.0,1,0,0,1,BRITANNIA
Britannia Industries Ltd.,2013-01-11,0.0,1,0,1,0,BRITANNIA
Britannia Industries Ltd.,2013-04-29,0.0,1,0,1,0,BRITANNIA
Britannia Industries Ltd.,2013-08-29,1.0,1,1,0,0,BRITANNIA
Britannia Industries Ltd.,2013-11-04,0.0,1,0,1,0,BRITANNIA
Britannia Industries Ltd.,2014-01-19,0.0,1,0,1,0,BRITANNIA
Britannia Industries Ltd.,2015-08-02,0.0,1,0,1,0,BRITANNIA
Britannia Industries Ltd.,2015-10-11,0.0,1,0,1,0,BRITANNIA
Britannia Industries Ltd.,2015-12-27,0.0,1,0,1,0,BRITANNIA
Britannia Industries Ltd.,2016-01-18,-1.0,1,0,0,1,BRITANNIA
Britannia Industries Ltd.,2016-02-20,0.0,1,0,1,0,BRITANNIA
Britannia Industries Ltd.,2016-05-16,-1.0,1,0,0,1,BRITANNIA
Britannia Industries Ltd.,2016-06-29,1.0,1,1,0,0,BRITANNIA
Britannia Industries Ltd.,2016-10-28,0.0,1,0,1,0,BRITANNIA
Britannia Industries Ltd.,2016-11-16,-1.0,1,0,0,1,BRITANNIA
Britannia Industries Ltd.,2016-11-22,0.0,1,0,1,0,BRITANNIA
Britannia Industries Ltd.,2016-11-24,0.0,1,0,1,0,BRITANNIA
Britannia Industries Ltd.,2017-04-02,0.0,1,0,1,0,BRITANNIA
Britannia Industries Ltd.,2017-04-28,0.0,1,0,1,0,BRITANNIA
Britannia Industries Ltd.,2017-07-27,0.0,1,0,1,0,BRITANNIA
Britannia Industries Ltd.,2017-08-15,0.0,1,0,1,0,BRITANNIA
Britannia Industries Ltd.,2017-10-02,0.0,1,0,1,0,BRITANNIA
Britannia Industries Ltd.,2017-11-29,0.0,1,0,1,0,BRITANNIA
Britannia Industries Ltd.,2018-02-13,0.0,1,0,1,0,BRITANNIA
Britannia Industries Ltd.,2018-05-23,1.0,1,1,0,0,BRITANNIA
Britannia Industries Ltd.,2018-05-27,0.0,1,0,1,0,BRITANNIA
Britannia Industries Ltd.,2018-06-15,-1.0,1,0,0,1,BRITANNIA
Britannia Industries Ltd.,2018-06-18,0.0,1,0,1,0,BRITANNIA
Britannia Industries Ltd.,2018-07-01,0.0,1,0,1,0,BRITANNIA
Britannia Industries Ltd.,2018-09-21,1.0,1,1,0,0,BRITANNIA
Britannia Industries Ltd.,2018-10-06,0.0,1,0,1,0,BRITANNIA
Britannia Industries Ltd.,2018-12-18,-1.0,1,0,0,1,BRITANNIA
Britannia Industries Ltd.,2019-03-17,0.0,1,0,1,0,BRITANNIA
Britannia Industries Ltd.,2019-04-22,0.0,1,0,1,0,BRITANNIA
Britannia Industries Ltd.,2019-06-10,0.0,2,0,2,0,BRITANNIA
Britannia Industries Ltd.,2019-06-26,0.0,2,0,2,0,BRITANNIA
Britannia Industries Ltd.,2019-07-16,0.0,2,0,2,0,BRITANNIA
Britannia Industries Ltd.,2019-07-27,0.0,2,0,2,0,BRITANNIA
Britannia Industries Ltd.,2019-08-20,1.0,2,2,0,0,BRITANNIA
Britannia Industries Ltd.,2019-08-22,1.0,3,3,0,0,BRITANNIA
Britannia Industries Ltd.,2019-08-27,0.0,2,0,2,0,BRITANNIA
Britannia Industries Ltd.,2019-09-04,0.0,2,0,2,0,BRITANNIA
Britannia Industries Ltd.,2019-09-08,0.0,1,0,1,0,BRITANNIA
Britannia Industries Ltd.,2019-09-16,-1.0,2,0,0,2,BRITANNIA
Britannia Industries Ltd.,2019-11-08,1.0,1,1,0,0,BRITANNIA
Britannia Industries Ltd.,2019-12-25,0.0,1,0,1,0,BRITANNIA
Britannia Industries Ltd.,2020-01-21,0.0,1,0,1,0,BRITANNIA
Britannia Industries Ltd.,2020-01-30,0.0,1,0,1,0,BRITANNIA
Britannia Industries Ltd.,2020-03-30,-1.0,1,0,0,1,BRITANNIA
Britannia Industries Ltd.,2020-04-11,0.0,1,0,1,0,BRITANNIA
Britannia Industries Ltd.,2020-04-20,1.0,1,1,0,0,BRITANNIA
Britannia Industries Ltd.,2020-07-03,1.0,1,1,0,0,BRITANNIA
Britannia Industries Ltd.,2020-10-15,0.0,1,0,1,0,BRITANNIA
Britannia Industries Ltd.,2020-11-17,0.0,1,0,1,0,BRITANNIA
Britannia Industries Ltd.,2021-03-18,1.0,1,1,0,0,BRITANNIA
Britannia Industries Ltd.,2021-04-27,0.0,1,0,1,0,BRITANNIA
Britannia Industries Ltd.,2021-07-14,0.0,1,0,1,0,BRITANNIA
Britannia Industries Ltd.,2021-10-29,0.0,1,0,1,0,BRITANNIA
Britannia Industries Ltd.,2022-03-01,0.0,1,0,1,0,BRITANNIA
Britannia Industries Ltd.,2022-03-18,0.0,1,0,1,0,BRITANNIA
Britannia Industries Ltd.,2022-03-19,0.0,1,0,1,0,BRITANNIA
Britannia Industries Ltd.,2022-05-27,1.0,2,2,0,0,BRITANNIA
Britannia Industries Ltd.,2022-07-18,1.0,2,2,0,0,BRITANNIA
Britannia Industries Ltd.,2022-07-25,1.0,1,1,0,0,BRITANNIA
Britannia Industries Ltd.,2022-09-10,0.0,1,0,1,0,BRITANNIA
Britannia Industries Ltd.,2022-10-16,0.0,1,0,1,0,BRITANNIA
Britannia Industries Ltd.,2022-10-29,0.0,1,0,1,0,BRITANNIA
Britannia Industries Ltd.,2022-11-09,0.0,2,0,2,0,BRITANNIA
Britannia Industries Ltd.,2023-01-10,0.0,1,0,1,0,BRITANNIA
Britannia Industries Ltd.,2023-01-11,0.0,3,0,3,0,BRITANNIA
Britannia Industries Ltd.,2023-03-02,-1.0,1,0,0,1,BRITANNIA
Britannia Industries Ltd.,2023-03-25,0.0,1,0,1,0,BRITANNIA
Britannia Industries Ltd.,2023-04-30,0.0,1,0,1,0,BRITANNIA
Britannia Industries Ltd.,2023-08-28,0.0,1,0,1,0,BRITANNIA
Britannia Industries Ltd.,2023-09-09,0.0,1,0,1,0,BRITANNIA
Britannia Industries Ltd.,2023-10-16,0.0,2,0,2,0,BRITANNIA
Britannia Industries Ltd.,2023-11-02,1.0,6,6,0,0,BRITANNIA
Britannia Industries Ltd.,2023-11-05,0.0,2,0,2,0,BRITANNIA
Britannia Industries Ltd.,2023-11-06,0.0,2,0,2,0,BRITANNIA
Britannia Industries Ltd.,2023-11-09,0.0,4,0,4,0,BRITANNIA
Britannia Industries Ltd.,2023-11-30,0.0,1,0,1,0,BRITANNIA
Britannia Industries Ltd.,2023-12-07,0.0,1,0,1,0,BRITANNIA
Britannia Industries Ltd.,2023-12-09,0.0,1,0,1,0,BRITANNIA
Britannia Industries Ltd.,2023-12-15,0.0,4,0,4,0,BRITANNIA
Britannia Industries Ltd.,2023-12-19,1.0,1,1,0,0,BRITANNIA
Britannia Industries Ltd.,2023-12-24,0.0,2,0,2,0,BRITANNIA
Britannia Industries Ltd.,2024-01-10,0.0,1,0,1,0,BRITANNIA
Britannia Industries Ltd.,2024-01-11,0.0,1,0,1,0,BRITANNIA
Britannia Industries Ltd.,2024-01-16,0.0,1,0,1,0,BRITANNIA
Britannia Industries Ltd.,2024-03-18,0.0,1,0,1,0,BRITANNIA
Britannia Industries Ltd.,2024-05-18,0.0,2,0,2,0,BRITANNIA
Britannia Industries Ltd.,2024-05-28,0.0,1,0,1,0,BRITANNIA
Britannia Industries Ltd.,2024-06-30,0.0,1,0,1,0,BRITANNIA
Britannia Industries Ltd.,2024-07-29,0.0,1,0,1,0,BRITANNIA
Britannia Industries Ltd.,2024-08-06,-1.0,10,0,0,10,BRITANNIA
Britannia Industries Ltd.,2024-09-03,-1.0,1,0,0,1,BRITANNIA
Britannia Industries Ltd.,2024-09-30,-1.0,2,0,0,2,BRITANNIA
Britannia Industries Ltd.,2024-10-02,0.0,2,0,2,0,BRITANNIA
Britannia Industries Ltd.,2024-10-25,0.0,5,0,5,0,BRITANNIA
Britannia Industries Ltd.,2024-10-26,0.0,3,0,3,0,BRITANNIA
Britannia Industries Ltd.,2024-10-27,0.0,1,0,1,0,BRITANNIA
Britannia Industries Ltd.,2024-10-28,1.0,1,1,0,0,BRITANNIA
Britannia Industries Ltd.,2024-10-29,0.0,4,0,4,0,BRITANNIA
Britannia Industries Ltd.,2024-10-30,0.0,3,0,3,0,BRITANNIA
Britannia Industries Ltd.,2024-10-31,-1.0,2,0,0,2,BRITANNIA
Britannia Industries Ltd.,2024-11-01,0.0,1,0,1,0,BRITANNIA
Britannia Industries Ltd.,2024-11-02,0.0,1,0,1,0,BRITANNIA
Britannia Industries Ltd.,2024-11-04,1.0,1,1,0,0,BRITANNIA
Britannia Industries Ltd.,2024-11-06,1.0,3,3,0,0,BRITANNIA
Britannia Industries Ltd.,2024-11-07,-1.0,2,0,0,2,BRITANNIA
Britannia Industries Ltd.,2024-11-08,-1.0,3,0,0,3,BRITANNIA
Britannia Industries Ltd.,2024-11-09,-1.0,2,0,0,2,BRITANNIA
Britannia Industries Ltd.,2024-11-10,-1.0,3,0,0,3,BRITANNIA
Britannia Industries Ltd.,2024-11-11,0.0,12,0,12,0,BRITANNIA
Britannia Industries Ltd.,2024-11-12,-1.0,9,0,0,9,BRITANNIA
Britannia Industries Ltd.,2024-11-13,0.0,18,0,18,0,BRITANNIA
Britannia Industries Ltd.,2024-11-14,0.0,10,0,10,0,BRITANNIA
Britannia Industries Ltd.,2024-11-16,0.0,2,0,2,0,BRITANNIA
Britannia Industries Ltd.,2024-11-17,0.0,2,0,2,0,BRITANNIA
Britannia Industries Ltd.,2024-11-18,-1.0,1,0,0,1,BRITANNIA
Britannia Industries Ltd.,2024-11-19,0.0,6,0,6,0,BRITANNIA
Britannia Industries Ltd.,2024-11-20,0.0,7,0,7,0,BRITANNIA
Britannia Industries Ltd.,2024-11-21,0.0,6,0,6,0,BRITANNIA
Britannia Industries Ltd.,2024-11-22,0.0,6,0,6,0,BRITANNIA
Britannia Industries Ltd.,2024-11-23,0.0,3,0,3,0,BRITANNIA
Britannia Industries Ltd.,2024-12-31,0.0,4,0,4,0,BRITANNIA
Britannia Industries Ltd.,2025-01-01,0.0,2,0,2,0,BRITANNIA
Britannia Industries Ltd.,2025-01-06,0.0,2,0,2,0,BRITANNIA
Cipla Ltd.,2012-05-10,0.0,1,0,1,0,CIPLA
Cipla Ltd.,2012-06-18,0.0,1,0,1,0,CIPLA
Cipla Ltd.,2012-11-08,0.0,1,0,1,0,CIPLA
Cipla Ltd.,2015-06-28,0.0,2,0,2,0,CIPLA
Cipla Ltd.,2015-09-04,0.0,1,0,1,0,CIPLA
Cipla Ltd.,2017-03-06,0.0,1,0,1,0,CIPLA
Cipla Ltd.,2017-10-23,0.0,2,0,2,0,CIPLA
Cipla Ltd.,2017-10-26,0.0,2,0,2,0,CIPLA
Cipla Ltd.,2017-11-07,-1.0,2,0,0,2,CIPLA
Cipla Ltd.,2017-11-08,0.0,2,0,2,0,CIPLA
Cipla Ltd.,2017-11-17,1.0,2,2,0,0,CIPLA
Cipla Ltd.,2017-11-21,0.0,4,0,4,0,CIPLA
Cipla Ltd.,2017-12-07,0.0,2,0,2,0,CIPLA
Cipla Ltd.,2017-12-12,1.0,2,2,0,0,CIPLA
Cipla Ltd.,2017-12-13,-1.0,2,0,0,2,CIPLA
Cipla Ltd.,2019-04-28,0.0,1,0,1,0,CIPLA
Cipla Ltd.,2019-07-24,0.0,1,0,1,0,CIPLA
Cipla Ltd.,2020-06-23,0.0,1,0,1,0,CIPLA
Cipla Ltd.,2023-05-15,0.0,2,0,2,0,CIPLA
Cipla Ltd.,2023-06-15,0.0,2,0,2,0,CIPLA
Cipla Ltd.,2023-06-26,0.0,4,0,4,0,CIPLA
Cipla Ltd.,2023-07-28,0.0,2,0,2,0,CIPLA
Cipla Ltd.,2023-07-29,0.0,2,0,2,0,CIPLA
Cipla Ltd.,2023-08-04,1.0,2,2,0,0,CIPLA
Cipla Ltd.,2023-08-17,0.0,2,0,2,0,CIPLA
Cipla Ltd.,2023-08-28,0.0,2,0,2,0,CIPLA
Cipla Ltd.,2023-08-30,0.0,2,0,2,0,CIPLA
Cipla Ltd.,2023-09-04,1.0,4,4,0,0,CIPLA
Cipla Ltd.,2023-09-05,0.0,2,0,2,0,CIPLA
Cipla Ltd.,2023-09-11,0.0,2,0,2,0,CIPLA
Cipla Ltd.,2023-10-27,0.0,2,0,2,0,CIPLA
Cipla Ltd.,2023-10-30,0.0,8,0,8,0,CIPLA
Cipla Ltd.,2023-11-03,1.0,2,2,0,0,CIPLA
Cipla Ltd.,2023-11-06,1.0,2,2,0,0,CIPLA
Cipla Ltd.,2023-11-20,1.0,2,2,0,0,CIPLA
Cipla Ltd.,2023-11-23,0.0,2,0,2,0,CIPLA
Cipla Ltd.,2023-11-24,0.0,4,0,4,0,CIPLA
Cipla Ltd.,2024-01-23,-1.0,2,0,0,2,CIPLA
Cipla Ltd.,2024-07-29,1.0,10,10,0,0,CIPLA
Cipla Ltd.,2024-07-30,0.0,4,0,4,0,CIPLA
Cipla Ltd.,2024-09-12,0.0,2,0,2,0,CIPLA
Cipla Ltd.,2024-09-26,-1.0,4,0,0,4,CIPLA
Cipla Ltd.,2024-10-25,-1.0,2,0,0,2,CIPLA
Cipla Ltd.,2024-10-26,-1.0,1,0,0,1,CIPLA
Cipla Ltd.,2024-10-27,-1.0,2,0,0,2,CIPLA
Cipla Ltd.,2024-10-28,-1.0,4,0,0,4,CIPLA
Cipla Ltd.,2024-10-29,1.0,15,15,0,0,CIPLA
Cipla Ltd.,2024-10-30,0.0,35,0,35,0,CIPLA
Cipla Ltd.,2024-10-31,1.0,14,14,0,0,CIPLA
Cipla Ltd.,2024-11-01,1.0,5,5,0,0,CIPLA
Cipla Ltd.,2024-11-03,0.0,2,0,2,0,CIPLA
Cipla Ltd.,2024-11-04,0.0,8,0,8,0,CIPLA
Cipla Ltd.,2024-11-05,-1.0,2,0,0,2,CIPLA
Cipla Ltd.,2024-11-06,1.0,2,2,0,0,CIPLA
Cipla Ltd.,2024-11-07,-1.0,1,0,0,1,CIPLA
Cipla Ltd.,2024-11-08,-1.0,3,0,0,3,CIPLA
Cipla Ltd.,2024-11-11,-1.0,8,0,0,8,CIPLA
Cipla Ltd.,2024-11-12,0.0,1,0,1,0,CIPLA
Cipla Ltd.,2024-11-14,0.0,1,0,1,0,CIPLA
Cipla Ltd.,2024-11-15,0.0,1,0,1,0,CIPLA
Cipla Ltd.,2024-11-18,0.0,10,0,10,0,CIPLA
Cipla Ltd.,2024-11-19,1.0,6,6,0,0,CIPLA
Cipla Ltd.,2024-11-21,0.0,3,0,3,0,CIPLA
Cipla Ltd.,2024-11-22,0.0,2,0,2,0,CIPLA
Cipla Ltd.,2024-12-11,0.0,2,0,2,0,CIPLA
Cipla Ltd.,2024-12-18,-1.0,2,0,0,2,CIPLA
Cipla Ltd.,2024-12-19,0.0,2,0,2,0,CIPLA
Cipla Ltd.,2024-12-28,0.0,2,0,2,0,CIPLA
Cipla Ltd.,2024-12-29,0.0,2,0,2,0,CIPLA
Cipla Ltd.,2025-01-06,0.0,2,0,2,0,CIPLA
Cipla Ltd.,2025-01-09,0.0,2,0,2,0,CIPLA
Coal India Ltd.,2009-08-31,0.0,1,0,1,0,COALINDIA
Coal India Ltd.,2010-11-21,0.0,1,0,1,0,COALINDIA
Coal India Ltd.,2011-02-17,0.0,1,0,1,0,COALINDIA
Coal India Ltd.,2011-05-15,0.0,1,0,1,0,COALINDIA
Coal India Ltd.,2011-05-16,-1.0,1,0,0,1,COALINDIA
Coal India Ltd.,2012-03-22,0.0,1,0,1,0,COALINDIA
Coal India Ltd.,2012-07-31,0.0,1,0,1,0,COALINDIA
Coal India Ltd.,2012-08-24,-1.0,1,0,0,1,COALINDIA
Coal India Ltd.,2012-08-27,0.0,1,0,1,0,COALINDIA
Coal India Ltd.,2012-09-16,0.0,1,0,1,0,COALINDIA
Coal India Ltd.,2012-12-23,0.0,1,0,1,0,COALINDIA
Coal India Ltd.,2013-02-21,-1.0,1,0,0,1,COALINDIA
Coal India Ltd.,2013-04-20,0.0,1,0,1,0,COALINDIA
Coal India Ltd.,2013-04-25,-1.0,1,0,0,1,COALINDIA
Coal India Ltd.,2014-02-28,1.0,1,1,0,0,COALINDIA
Coal India Ltd.,2014-03-28,0.0,1,0,1,0,COALINDIA
Coal India Ltd.,2014-05-12,1.0,1,1,0,0,COALINDIA
Coal India Ltd.,2014-07-18,1.0,2,2,0,0,COALINDIA
Coal India Ltd.,2014-07-22,0.0,1,0,1,0,COALINDIA
Coal India Ltd.,2014-08-25,0.0,1,0,1,0,COALINDIA
Coal India Ltd.,2014-09-02,0.0,1,0,1,0,COALINDIA
Coal India Ltd.,2014-09-24,0.0,1,0,1,0,COALINDIA
Coal India Ltd.,2014-10-01,0.0,1,0,1,0,COALINDIA
Coal India Ltd.,2014-10-09,1.0,1,1,0,0,COALINDIA
Coal India Ltd.,2014-11-17,-1.0,1,0,0,1,COALINDIA
Coal India Ltd.,2014-11-18,0.0,3,0,3,0,COALINDIA
Coal India Ltd.,2014-11-20,0.0,1,0,1,0,COALINDIA
Coal India Ltd.,2014-12-06,0.0,1,0,1,0,COALINDIA
Coal India Ltd.,2014-12-16,0.0,1,0,1,0,COALINDIA
Coal India Ltd.,2014-12-18,1.0,1,1,0,0,COALINDIA
Coal India Ltd.,2015-01-06,1.0,1,1,0,0,COALINDIA
Coal India Ltd.,2015-01-28,-1.0,1,0,0,1,COALINDIA
Coal India Ltd.,2015-01-29,-1.0,1,0,0,1,COALINDIA
Coal India Ltd.,2015-02-04,-1.0,2,0,0,2,COALINDIA
Coal India Ltd.,2015-03-11,0.0,1,0,1,0,COALINDIA
Coal India Ltd.,2015-03-12,0.0,1,0,1,0,COALINDIA
Coal India Ltd.,2015-03-14,0.0,1,0,1,0,COALINDIA
Coal India Ltd.,2015-03-27,1.0,1,1,0,0,COALINDIA
Coal India Ltd.,2015-04-15,0.0,1,0,1,0,COALINDIA
Coal India Ltd.,2015-05-22,1.0,1,1,0,0,COALINDIA
Coal India Ltd.,2015-05-23,0.0,1,0,1,0,COALINDIA
Coal India Ltd.,2015-05-26,0.0,1,0,1,0,COALINDIA
Coal India Ltd.,2015-06-18,1.0,1,1,0,0,COALINDIA
Coal India Ltd.,2015-06-25,0.0,1,0,1,0,COALINDIA
Coal India Ltd.,2015-07-20,0.0,1,0,1,0,COALINDIA
Coal India Ltd.,2015-07-23,0.0,1,0,1,0,COALINDIA
Coal India Ltd.,2015-10-06,0.0,1,0,1,0,COALINDIA
Coal India Ltd.,2015-10-15,0.0,1,0,1,0,COALINDIA
Coal India Ltd.,2015-10-19,0.0,1,0,1,0,COALINDIA
Coal India Ltd.,2015-10-27,-1.0,1,0,0,1,COALINDIA
Coal India Ltd.,2015-11-04,1.0,1,1,0,0,COALINDIA
Coal India Ltd.,2015-11-06,-1.0,1,0,0,1,COALINDIA
Coal India Ltd.,2015-11-07,0.0,1,0,1,0,COALINDIA
Coal India Ltd.,2015-11-10,-1.0,2,0,0,2,COALINDIA
Coal India Ltd.,2015-11-17,0.0,1,0,1,0,COALINDIA
Coal India Ltd.,2015-11-29,0.0,1,0,1,0,COALINDIA
Coal India Ltd.,2015-11-30,0.0,1,0,1,0,COALINDIA
Coal India Ltd.,2015-12-03,-1.0,1,0,0,1,COALINDIA
Coal India Ltd.,2015-12-04,-1.0,1,0,0,1,COALINDIA
Coal India Ltd.,2015-12-06,0.0,2,0,2,0,COALINDIA
Coal India Ltd.,2015-12-07,-1.0,1,0,0,1,COALINDIA
Coal India Ltd.,2015-12-10,1.0,2,2,0,0,COALINDIA
Coal India Ltd.,2016-01-15,0.0,1,0,1,0,COALINDIA
Coal India Ltd.,2016-02-26,1.0,1,1,0,0,COALINDIA
Coal India Ltd.,2016-03-07,0.0,1,0,1,0,COALINDIA
Coal India Ltd.,2016-03-09,0.0,1,0,1,0,COALINDIA
Coal India Ltd.,2016-04-03,0.0,1,0,1,0,COALINDIA
Coal India Ltd.,2016-04-15,0.0,1,0,1,0,COALINDIA
Coal India Ltd.,2016-04-19,0.0,3,0,3,0,COALINDIA
Coal India Ltd.,2016-04-20,0.0,1,0,1,0,COALINDIA
Coal India Ltd.,2016-04-21,0.0,1,0,1,0,COALINDIA
Coal India Ltd.,2016-04-27,1.0,1,1,0,0,COALINDIA
Coal India Ltd.,2016-05-05,1.0,1,1,0,0,COALINDIA
Coal India Ltd.,2016-05-10,0.0,1,0,1,0,COALINDIA
Coal India Ltd.,2016-05-20,0.0,2,0,2,0,COALINDIA
Coal India Ltd.,2016-09-06,0.0,1,0,1,0,COALINDIA
Coal India Ltd.,2016-09-07,0.0,2,0,2,0,COALINDIA
Coal India Ltd.,2016-10-01,0.0,1,0,1,0,COALINDIA
Coal India Ltd.,2016-10-07,-1.0,1,0,0,1,COALINDIA
Coal India Ltd.,2016-10-24,0.0,1,0,1,0,COALINDIA
Coal India Ltd.,2016-10-30,0.0,1,0,1,0,COALINDIA
Coal India Ltd.,2016-11-11,0.0,1,0,1,0,COALINDIA
Coal India Ltd.,2016-11-22,-1.0,1,0,0,1,COALINDIA
Coal India Ltd.,2016-11-30,0.0,1,0,1,0,COALINDIA
Coal India Ltd.,2016-12-01,0.0,2,0,2,0,COALINDIA
Coal India Ltd.,2016-12-21,0.0,1,0,1,0,COALINDIA
Coal India Ltd.,2016-12-30,1.0,3,3,0,0,COALINDIA
Coal India Ltd.,2017-01-03,0.0,2,0,2,0,COALINDIA
Coal India Ltd.,2017-02-06,1.0,1,1,0,0,COALINDIA
Coal India Ltd.,2017-02-13,0.0,1,0,1,0,COALINDIA
Coal India Ltd.,2017-02-22,0.0,1,0,1,0,COALINDIA
Coal India Ltd.,2017-03-12,0.0,1,0,1,0,COALINDIA
Coal India Ltd.,2017-03-22,0.0,1,0,1,0,COALINDIA
Coal India Ltd.,2017-04-15,0.0,1,0,1,0,COALINDIA
Coal India Ltd.,2017-04-25,0.0,1,0,1,0,COALINDIA
Coal India Ltd.,2017-04-26,0.0,1,0,1,0,COALINDIA
Coal India Ltd.,2017-04-28,1.0,1,1,0,0,COALINDIA
Coal India Ltd.,2017-04-30,0.0,1,0,1,0,COALINDIA
Coal India Ltd.,2017-05-01,0.0,1,0,1,0,COALINDIA
Coal India Ltd.,2017-05-03,0.0,1,0,1,0,COALINDIA
Coal India Ltd.,2017-05-12,0.0,2,0,2,0,COALINDIA
Coal India Ltd.,2017-05-16,0.0,1,0,1,0,COALINDIA
Coal India Ltd.,2017-05-17,0.0,2,0,2,0,COALINDIA
Coal India Ltd.,2017-05-18,0.0,2,0,2,0,COALINDIA
Coal India Ltd.,2017-05-25,0.0,1,0,1,0,COALINDIA
Coal India Ltd.,2017-05-27,0.0,2,0,2,0,COALINDIA
Coal India Ltd.,2017-06-02,0.0,1,0,1,0,COALINDIA
Coal India Ltd.,2017-06-03,0.0,2,0,2,0,COALINDIA
Coal India Ltd.,2017-06-04,0.0,1,0,1,0,COALINDIA
Coal India Ltd.,2017-06-20,-1.0,1,0,0,1,COALINDIA
Coal India Ltd.,2017-06-23,0.0,1,0,1,0,COALINDIA
Coal India Ltd.,2017-06-26,0.0,3,0,3,0,COALINDIA
Coal India Ltd.,2017-06-27,0.0,2,0,2,0,COALINDIA
Coal India Ltd.,2017-07-04,1.0,2,2,0,0,COALINDIA
Coal India Ltd.,2017-07-11,0.0,1,0,1,0,COALINDIA
Coal India Ltd.,2017-07-13,-1.0,1,0,0,1,COALINDIA
Coal India Ltd.,2017-07-20,0.0,1,0,1,0,COALINDIA
Coal India Ltd.,2017-07-21,-1.0,1,0,0,1,COALINDIA
Coal India Ltd.,2017-08-15,0.0,1,0,1,0,COALINDIA
Coal India Ltd.,2017-09-05,0.0,1,0,1,0,COALINDIA
Coal India Ltd.,2017-10-14,0.0,1,0,1,0,COALINDIA
Coal India Ltd.,2017-11-01,-1.0,1,0,0,1,COALINDIA
Coal India Ltd.,2017-12-06,0.0,1,0,1,0,COALINDIA
Coal India Ltd.,2017-12-11,0.0,1,0,1,0,COALINDIA
Coal India Ltd.,2017-12-12,0.0,2,0,2,0,COALINDIA
Coal India Ltd.,2017-12-23,0.0,1,0,1,0,COALINDIA
Coal India Ltd.,2018-01-30,-1.0,1,0,0,1,COALINDIA
Coal India Ltd.,2018-01-31,-1.0,1,0,0,1,COALINDIA
Coal India Ltd.,2018-02-23,-1.0,1,0,0,1,COALINDIA
Coal India Ltd.,2018-04-24,0.0,1,0,1,0,COALINDIA
Coal India Ltd.,2018-04-26,0.0,1,0,1,0,COALINDIA
Coal India Ltd.,2018-05-03,-1.0,1,0,0,1,COALINDIA
Coal India Ltd.,2018-05-06,0.0,1,0,1,0,COALINDIA
Coal India Ltd.,2018-06-23,0.0,1,0,1,0,COALINDIA
Coal India Ltd.,2018-10-09,-1.0,1,0,0,1,COALINDIA
Coal India Ltd.,2018-10-16,-1.0,1,0,0,1,COALINDIA
Coal India Ltd.,2018-11-16,-1.0,1,0,0,1,COALINDIA
Coal India Ltd.,2018-12-03,-1.0,1,0,0,1,COALINDIA
Coal India Ltd.,2018-12-13,1.0,1,1,0,0,COALINDIA
Coal India Ltd.,2018-12-19,0.0,1,0,1,0,COALINDIA
Coal India Ltd.,2019-01-12,0.0,1,0,1,0,COALINDIA
Coal India Ltd.,2019-01-16,0.0,1,0,1,0,COALINDIA
Coal India Ltd.,2019-02-08,1.0,1,1,0,0,COALINDIA
Coal India Ltd.,2019-02-20,0.0,1,0,1,0,COALINDIA
Coal India Ltd.,2019-02-22,1.0,1,1,0,0,COALINDIA
Coal India Ltd.,2019-03-14,0.0,2,0,2,0,COALINDIA
Coal India Ltd.,2019-04-27,0.0,1,0,1,0,COALINDIA
Coal India Ltd.,2019-05-20,1.0,1,1,0,0,COALINDIA
Coal India Ltd.,2019-06-18,1.0,2,2,0,0,COALINDIA
Coal India Ltd.,2019-06-30,0.0,1,0,1,0,COALINDIA
Coal India Ltd.,2019-07-10,-1.0,2,0,0,2,COALINDIA
Coal India Ltd.,2019-07-12,1.0,2,2,0,0,COALINDIA
Coal India Ltd.,2019-07-14,0.0,1,0,1,0,COALINDIA
Coal India Ltd.,2019-07-19,-1.0,2,0,0,2,COALINDIA
Coal India Ltd.,2019-08-30,0.0,2,0,2,0,COALINDIA
Coal India Ltd.,2019-09-04,1.0,2,2,0,0,COALINDIA
Coal India Ltd.,2019-09-05,0.0,2,0,2,0,COALINDIA
Coal India Ltd.,2019-09-12,1.0,1,1,0,0,COALINDIA
Coal India Ltd.,2019-09-16,-1.0,1,0,0,1,COALINDIA
Coal India Ltd.,2019-09-18,1.0,2,2,0,0,COALINDIA
Coal India Ltd.,2019-09-27,-1.0,1,0,0,1,COALINDIA
Coal India Ltd.,2019-10-10,0.0,1,0,1,0,COALINDIA
Coal India Ltd.,2019-11-03,0.0,1,0,1,0,COALINDIA
Coal India Ltd.,2019-11-29,0.0,1,0,1,0,COALINDIA
Coal India Ltd.,2019-12-03,-1.0,1,0,0,1,COALINDIA
Coal India Ltd.,2019-12-11,1.0,3,3,0,0,COALINDIA
Coal India Ltd.,2019-12-27,1.0,1,1,0,0,COALINDIA
Coal India Ltd.,2019-12-29,0.0,1,0,1,0,COALINDIA
Coal India Ltd.,2020-03-26,1.0,1,1,0,0,COALINDIA
Coal India Ltd.,2020-05-04,-1.0,1,0,0,1,COALINDIA
Coal India Ltd.,2020-05-20,0.0,1,0,1,0,COALINDIA
Coal India Ltd.,2020-05-23,0.0,2,0,2,0,COALINDIA
Coal India Ltd.,2020-06-22,-1.0,1,0,0,1,COALINDIA
Coal India Ltd.,2020-06-26,-1.0,1,0,0,1,COALINDIA
Coal India Ltd.,2020-07-28,-1.0,1,0,0,1,COALINDIA
Coal India Ltd.,2020-08-08,0.0,2,0,2,0,COALINDIA
Coal India Ltd.,2020-08-11,0.0,1,0,1,0,COALINDIA
Coal India Ltd.,2020-11-25,0.0,1,0,1,0,COALINDIA
Coal India Ltd.,2020-11-26,0.0,1,0,1,0,COALINDIA
Coal India Ltd.,2020-12-14,1.0,1,1,0,0,COALINDIA
Coal India Ltd.,2021-01-03,0.0,1,0,1,0,COALINDIA
Coal India Ltd.,2021-03-02,-1.0,1,0,0,1,COALINDIA
Coal India Ltd.,2021-03-29,0.0,1,0,1,0,COALINDIA
Coal India Ltd.,2021-04-18,0.0,1,0,1,0,COALINDIA
Coal India Ltd.,2021-05-27,0.0,1,0,1,0,COALINDIA
Coal India Ltd.,2021-06-18,0.0,1,0,1,0,COALINDIA
Coal India Ltd.,2021-06-29,0.0,1,0,1,0,COALINDIA
Coal India Ltd.,2021-06-30,1.0,1,1,0,0,COALINDIA
Coal India Ltd.,2021-07-24,0.0,1,0,1,0,COALINDIA
Coal India Ltd.,2021-08-10,0.0,1,0,1,0,COALINDIA
Coal India Ltd.,2021-09-26,0.0,1,0,1,0,COALINDIA
Coal India Ltd.,2021-10-02,0.0,1,0,1,0,COALINDIA
Coal India Ltd.,2021-10-04,-1.0,1,0,0,1,COALINDIA
Coal India Ltd.,2021-10-05,-1.0,2,0,0,2,COALINDIA
Coal India Ltd.,2021-10-10,0.0,1,0,1,0,COALINDIA
Coal India Ltd.,2021-10-21,-1.0,1,0,0,1,COALINDIA
Coal India Ltd.,2021-10-28,1.0,1,1,0,0,COALINDIA
Coal India Ltd.,2021-11-01,0.0,1,0,1,0,COALINDIA
Coal India Ltd.,2021-11-03,0.0,1,0,1,0,COALINDIA
Coal India Ltd.,2021-11-04,0.0,1,0,1,0,COALINDIA
Coal India Ltd.,2021-11-07,0.0,1,0,1,0,COALINDIA
Coal India Ltd.,2021-11-13,0.0,3,0,3,0,COALINDIA
Coal India Ltd.,2021-11-14,0.0,3,0,3,0,COALINDIA
Coal India Ltd.,2021-11-15,-1.0,1,0,0,1,COALINDIA
Coal India Ltd.,2021-11-17,-1.0,1,0,0,1,COALINDIA
Coal India Ltd.,2021-12-03,1.0,1,1,0,0,COALINDIA
Coal India Ltd.,2021-12-17,1.0,1,1,0,0,COALINDIA
Coal India Ltd.,2022-01-15,0.0,1,0,1,0,COALINDIA
Coal India Ltd.,2022-02-09,0.0,1,0,1,0,COALINDIA
Coal India Ltd.,2022-03-27,0.0,1,0,1,0,COALINDIA
Coal India Ltd.,2022-04-01,0.0,1,0,1,0,COALINDIA
Coal India Ltd.,2022-04-07,0.0,1,0,1,0,COALINDIA
Coal India Ltd.,2022-04-09,0.0,1,0,1,0,COALINDIA
Coal India Ltd.,2022-04-10,0.0,1,0,1,0,COALINDIA
Coal India Ltd.,2022-04-20,-1.0,1,0,0,1,COALINDIA
Coal India Ltd.,2022-04-21,-1.0,1,0,0,1,COALINDIA
Coal India Ltd.,2022-04-25,-1.0,1,0,0,1,COALINDIA
Coal India Ltd.,2022-04-26,1.0,2,2,0,0,COALINDIA
Coal India Ltd.,2022-04-27,-1.0,1,0,0,1,COALINDIA
Coal India Ltd.,2022-04-28,1.0,1,1,0,0,COALINDIA
Coal India Ltd.,2022-05-06,-1.0,1,0,0,1,COALINDIA
Coal India Ltd.,2022-05-07,0.0,1,0,1,0,COALINDIA
Coal India Ltd.,2022-05-11,0.0,1,0,1,0,COALINDIA
Coal India Ltd.,2022-05-26,1.0,1,1,0,0,COALINDIA
Coal India Ltd.,2022-05-28,0.0,1,0,1,0,COALINDIA
Coal India Ltd.,2022-06-04,0.0,1,0,1,0,COALINDIA
Coal India Ltd.,2022-06-11,0.0,1,0,1,0,COALINDIA
Coal India Ltd.,2022-06-29,-1.0,1,0,0,1,COALINDIA
Coal India Ltd.,2022-06-30,0.0,1,0,1,0,COALINDIA
Coal India Ltd.,2022-07-06,1.0,1,1,0,0,COALINDIA
Coal India Ltd.,2022-08-03,0.0,1,0,1,0,COALINDIA
Coal India Ltd.,2022-08-23,0.0,1,0,1,0,COALINDIA
Coal India Ltd.,2022-11-10,-1.0,1,0,0,1,COALINDIA
Coal India Ltd.,2022-11-13,0.0,1,0,1,0,COALINDIA
Coal India Ltd.,2022-12-17,0.0,1,0,1,0,COALINDIA
Coal India Ltd.,2023-02-22,1.0,1,1,0,0,COALINDIA
Coal India Ltd.,2023-03-07,0.0,1,0,1,0,COALINDIA
Coal India Ltd.,2023-04-01,0.0,1,0,1,0,COALINDIA
Coal India Ltd.,2023-04-02,0.0,1,0,1,0,COALINDIA
Coal India Ltd.,2023-05-04,-1.0,1,0,0,1,COALINDIA
Coal India Ltd.,2023-05-05,1.0,2,2,0,0,COALINDIA
Coal India Ltd.,2023-05-31,0.0,2,0,2,0,COALINDIA
Coal India Ltd.,2023-06-01,0.0,1,0,1,0,COALINDIA
Coal India Ltd.,2023-06-06,-1.0,1,0,0,1,COALINDIA
Coal India Ltd.,2023-06-26,0.0,2,0,2,0,COALINDIA
Coal India Ltd.,2023-07-13,0.0,2,0,2,0,COALINDIA
Coal India Ltd.,2023-09-04,0.0,1,0,1,0,COALINDIA
Coal India Ltd.,2023-09-12,0.0,2,0,2,0,COALINDIA
Coal India Ltd.,2023-09-20,1.0,2,2,0,0,COALINDIA
Coal India Ltd.,2023-09-21,1.0,2,2,0,0,COALINDIA
Coal India Ltd.,2023-09-22,0.0,1,0,1,0,COALINDIA
Coal India Ltd.,2023-09-25,1.0,2,2,0,0,COALINDIA
Coal India Ltd.,2023-10-03,0.0,2,0,2,0,COALINDIA
Coal India Ltd.,2023-10-06,1.0,2,2,0,0,COALINDIA
Coal India Ltd.,2023-10-09,0.0,2,0,2,0,COALINDIA
Coal India Ltd.,2023-11-01,1.0,4,4,0,0,COALINDIA
Coal India Ltd.,2023-11-03,0.0,1,0,1,0,COALINDIA
Coal India Ltd.,2023-11-13,-1.0,4,0,0,4,COALINDIA
Coal India Ltd.,2023-11-16,0.0,2,0,2,0,COALINDIA
Coal India Ltd.,2023-11-22,0.0,2,0,2,0,COALINDIA
Coal India Ltd.,2023-11-24,0.0,2,0,2,0,COALINDIA
Coal India Ltd.,2023-11-28,0.0,2,0,2,0,COALINDIA
Coal India Ltd.,2023-11-29,1.0,1,1,0,0,COALINDIA
Coal India Ltd.,2024-01-08,0.0,1,0,1,0,COALINDIA
Coal India Ltd.,2024-03-13,-1.0,1,0,0,1,COALINDIA
Coal India Ltd.,2024-03-19,1.0,2,2,0,0,COALINDIA
Coal India Ltd.,2024-04-04,0.0,2,0,2,0,COALINDIA
Coal India Ltd.,2024-04-09,0.0,2,0,2,0,COALINDIA
Coal India Ltd.,2024-05-03,0.0,2,0,2,0,COALINDIA
Coal India Ltd.,2024-05-15,0.0,1,0,1,0,COALINDIA
Coal India Ltd.,2024-06-03,1.0,1,1,0,0,COALINDIA
Coal India Ltd.,2024-06-08,0.0,1,0,1,0,COALINDIA
Coal India Ltd.,2024-06-26,1.0,1,1,0,0,COALINDIA
Coal India Ltd.,2024-07-07,0.0,1,0,1,0,COALINDIA
Coal India Ltd.,2024-07-18,0.0,2,0,2,0,COALINDIA
Coal India Ltd.,2024-07-31,-1.0,2,0,0,2,COALINDIA
Coal India Ltd.,2024-08-01,-1.0,3,0,0,3,COALINDIA
Coal India Ltd.,2024-08-06,-1.0,2,0,0,2,COALINDIA
Coal India Ltd.,2024-09-24,0.0,1,0,1,0,COALINDIA
Coal India Ltd.,2024-10-25,0.0,1,0,1,0,COALINDIA
Coal India Ltd.,2024-10-28,0.0,6,0,6,0,COALINDIA
Dr. Reddy's Laboratories Ltd.,2014-06-20,0.0,1,0,1,0,DRREDDY
Dr. Reddy's Laboratories Ltd.,2017-09-01,0.0,4,0,4,0,DRREDDY
Dr. Reddy's Laboratories Ltd.,2017-11-21,-1.0,2,0,0,2,DRREDDY
Dr. Reddy's Laboratories Ltd.,2018-11-21,-1.0,2,0,0,2,DRREDDY
Dr. Reddy's Laboratories Ltd.,2018-12-10,-1.0,1,0,0,1,DRREDDY
Dr. Reddy's Laboratories Ltd.,2020-09-16,1.0,1,1,0,0,DRREDDY
Dr. Reddy's Laboratories Ltd.,2020-10-22,0.0,2,0,2,0,DRREDDY
Dr. Reddy's Laboratories Ltd.,2021-05-10,0.0,1,0,1,0,DRREDDY
Dr. Reddy's Laboratories Ltd.,2023-09-25,0.0,2,0,2,0,DRREDDY
Dr. Reddy's Laboratories Ltd.,2023-09-29,0.0,2,0,2,0,DRREDDY
Dr. Reddy's Laboratories Ltd.,2023-10-22,0.0,2,0,2,0,DRREDDY
Dr. Reddy's Laboratories Ltd.,2023-11-03,1.0,2,2,0,0,DRREDDY
Dr. Reddy's Laboratories Ltd.,2023-12-13,0.0,2,0,2,0,DRREDDY
Dr. Reddy's Laboratories Ltd.,2024-08-20,-1.0,2,0,0,2,DRREDDY
Eicher Motors Ltd.,2015-04-22,0.0,2,0,2,0,EICHERMOT
Eicher Motors Ltd.,2017-07-20,0.0,2,0,2,0,EICHERMOT
Eicher Motors Ltd.,2017-07-29,0.0,2,0,2,0,EICHERMOT
Eicher Motors Ltd.,2017-09-07,0.0,2,0,2,0,EICHERMOT
Eicher Motors Ltd.,2017-11-06,0.0,2,0,2,0,EICHERMOT
Eicher Motors Ltd.,2018-09-27,1.0,2,2,0,0,EICHERMOT
Eicher Motors Ltd.,2018-10-15,-1.0,2,0,0,2,EICHERMOT
Eicher Motors Ltd.,2023-08-02,0.0,2,0,2,0,EICHERMOT
Eicher Motors Ltd.,2023-09-20,0.0,2,0,2,0,EICHERMOT
Eicher Motors Ltd.,2023-09-26,-1.0,2,0,0,2,EICHERMOT
Eicher Motors Ltd.,2023-09-29,1.0,2,2,0,0,EICHERMOT
Eicher Motors Ltd.,2023-10-02,0.0,2,0,2,0,EICHERMOT
Eicher Motors Ltd.,2023-10-05,0.0,2,0,2,0,EICHERMOT
Eicher Motors Ltd.,2023-11-02,1.0,2,2,0,0,EICHERMOT
Eicher Motors Ltd.,2023-11-10,1.0,2,2,0,0,EICHERMOT
Eicher Motors Ltd.,2023-11-13,0.0,4,0,4,0,EICHERMOT
Eicher Motors Ltd.,2023-11-23,0.0,2,0,2,0,EICHERMOT
Eicher Motors Ltd.,2023-11-24,0.0,2,0,2,0,EICHERMOT
Eicher Motors Ltd.,2024-01-17,0.0,2,0,2,0,EICHERMOT
Eicher Motors Ltd.,2024-01-19,0.0,2,0,2,0,EICHERMOT
Eicher Motors Ltd.,2024-04-23,1.0,2,2,0,0,EICHERMOT
Eicher Motors Ltd.,2024-06-10,1.0,2,2,0,0,EICHERMOT
Eicher Motors Ltd.,2024-06-27,0.0,4,0,4,0,EICHERMOT
Eicher Motors Ltd.,2024-07-18,0.0,2,0,2,0,EICHERMOT
Eicher Motors Ltd.,2024-07-23,0.0,2,0,2,0,EICHERMOT
Eicher Motors Ltd.,2024-08-07,1.0,2,2,0,0,EICHERMOT
Eicher Motors Ltd.,2024-08-09,0.0,2,0,2,0,EICHERMOT
Eicher Motors Ltd.,2024-08-23,0.0,4,0,4,0,EICHERMOT
Eicher Motors Ltd.,2024-09-30,-1.0,2,0,0,2,EICHERMOT
Eicher Motors Ltd.,2024-10-28,0.0,4,0,4,0,EICHERMOT
Eicher Motors Ltd.,2024-10-29,0.0,7,0,7,0,EICHERMOT
Eicher Motors Ltd.,2024-11-01,1.0,3,3,0,0,EICHERMOT
Eicher Motors Ltd.,2024-11-02,1.0,1,1,0,0,EICHERMOT
Eicher Motors Ltd.,2024-11-03,1.0,1,1,0,0,EICHERMOT
Eicher Motors Ltd.,2024-11-04,0.0,5,0,5,0,EICHERMOT
Eicher Motors Ltd.,2024-11-05,0.0,7,0,7,0,EICHERMOT
Eicher Motors Ltd.,2024-11-06,-1.0,1,0,0,1,EICHERMOT
Eicher Motors Ltd.,2024-11-08,-1.0,3,0,0,3,EICHERMOT
Eicher Motors Ltd.,2024-11-10,-1.0,1,0,0,1,EICHERMOT
Eicher Motors Ltd.,2024-11-13,0.0,10,0,10,0,EICHERMOT
Eicher Motors Ltd.,2024-11-14,1.0,15,15,0,0,EICHERMOT
Eicher Motors Ltd.,2024-11-15,1.0,1,1,0,0,EICHERMOT
Eicher Motors Ltd.,2024-11-16,1.0,1,1,0,0,EICHERMOT
Eicher Motors Ltd.,2024-11-17,1.0,2,2,0,0,EICHERMOT
Eicher Motors Ltd.,2024-11-18,-1.0,7,0,0,7,EICHERMOT
Eicher Motors Ltd.,2024-11-19,1.0,6,6,0,0,EICHERMOT
Eicher Motors Ltd.,2024-11-20,1.0,1,1,0,0,EICHERMOT
Eicher Motors Ltd.,2024-11-21,0.0,4,0,4,0,EICHERMOT
Eicher Motors Ltd.,2024-11-23,0.0,1,0,1,0,EICHERMOT
Grasim Industries Ltd.,2015-07-02,1.0,2,2,0,0,GRASIM
Grasim Industries Ltd.,2023-09-11,1.0,2,2,0,0,GRASIM
Grasim Industries Ltd.,2023-09-14,0.0,2,0,2,0,GRASIM
Grasim Industries Ltd.,2023-09-21,1.0,2,2,0,0,GRASIM
Grasim Industries Ltd.,2023-09-25,-1.0,2,0,0,2,GRASIM
Grasim Industries Ltd.,2023-09-29,-1.0,2,0,0,2,GRASIM
Grasim Industries Ltd.,2023-10-23,-1.0,2,0,0,2,GRASIM
Grasim Industries Ltd.,2023-11-14,0.0,4,0,4,0,GRASIM
Grasim Industries Ltd.,2023-11-15,1.0,2,2,0,0,GRASIM
Grasim Industries Ltd.,2024-07-01,0.0,2,0,2,0,GRASIM
Grasim Industries Ltd.,2024-07-14,0.0,2,0,2,0,GRASIM
Grasim Industries Ltd.,2024-08-08,0.0,2,0,2,0,GRASIM
Grasim Industries Ltd.,2024-10-25,1.0,2,2,0,0,GRASIM
Grasim Industries Ltd.,2024-10-27,1.0,1,1,0,0,GRASIM
Grasim Industries Ltd.,2024-10-29,0.0,3,0,3,0,GRASIM
Grasim Industries Ltd.,2024-10-31,-1.0,2,0,0,2,GRASIM
Grasim Industries Ltd.,2024-11-04,0.0,4,0,4,0,GRASIM
Grasim Industries Ltd.,2024-11-05,-1.0,1,0,0,1,GRASIM
Grasim Industries Ltd.,2024-11-07,0.0,6,0,6,0,GRASIM
Grasim Industries Ltd.,2024-11-10,0.0,1,0,1,0,GRASIM
Grasim Industries Ltd.,2024-11-11,0.0,2,0,2,0,GRASIM
Grasim Industries Ltd.,2024-11-12,0.0,3,0,3,0,GRASIM
Grasim Industries Ltd.,2024-11-13,0.0,3,0,3,0,GRASIM
Grasim Industries Ltd.,2024-11-14,0.0,10,0,10,0,GRASIM
Grasim Industries Ltd.,2024-11-15,0.0,2,0,2,0,GRASIM
Grasim Industries Ltd.,2024-11-16,0.0,3,0,3,0,GRASIM
Grasim Industries Ltd.,2024-11-18,1.0,5,5,0,0,GRASIM
Grasim Industries Ltd.,2024-11-19,1.0,5,5,0,0,GRASIM
Grasim Industries Ltd.,2024-11-20,1.0,3,3,0,0,GRASIM
Grasim Industries Ltd.,2024-11-21,0.0,6,0,6,0,GRASIM
Grasim Industries Ltd.,2024-11-22,0.0,2,0,2,0,GRASIM
HCL Technologies Ltd.,2009-04-06,-1.0,1,0,0,1,HCLTECH
HCL Technologies Ltd.,2010-09-01,0.0,1,0,1,0,HCLTECH
HCL Technologies Ltd.,2012-12-06,1.0,1,1,0,0,HCLTECH
HCL Technologies Ltd.,2016-04-21,0.0,1,0,1,0,HCLTECH
HCL Technologies Ltd.,2016-08-28,0.0,1,0,1,0,HCLTECH
HCL Technologies Ltd.,2016-10-15,0.0,1,0,1,0,HCLTECH
HCL Technologies Ltd.,2017-01-31,1.0,2,2,0,0,HCLTECH
HCL Technologies Ltd.,2017-05-10,1.0,2,2,0,0,HCLTECH
HCL Technologies Ltd.,2017-08-04,0.0,1,0,1,0,HCLTECH
HCL Technologies Ltd.,2017-10-01,0.0,1,0,1,0,HCLTECH
HCL Technologies Ltd.,2018-08-16,-1.0,2,0,0,2,HCLTECH
HCL Technologies Ltd.,2018-12-07,1.0,2,2,0,0,HCLTECH
HCL Technologies Ltd.,2019-08-01,0.0,1,0,1,0,HCLTECH
HCL Technologies Ltd.,2019-10-15,0.0,1,0,1,0,HCLTECH
HCL Technologies Ltd.,2020-01-30,-1.0,1,0,0,1,HCLTECH
HCL Technologies Ltd.,2020-02-14,-1.0,1,0,0,1,HCLTECH
HCL Technologies Ltd.,2020-05-05,-1.0,1,0,0,1,HCLTECH
HCL Technologies Ltd.,2021-05-16,0.0,1,0,1,0,HCLTECH
HCL Technologies Ltd.,2022-02-19,0.0,1,0,1,0,HCLTECH
HCL Technologies Ltd.,2022-03-26,0.0,1,0,1,0,HCLTECH
HCL Technologies Ltd.,2022-09-15,0.0,1,0,1,0,HCLTECH
HCL Technologies Ltd.,2023-02-02,0.0,2,0,2,0,HCLTECH
HCL Technologies Ltd.,2023-04-28,0.0,1,0,1,0,HCLTECH
HCL Technologies Ltd.,2023-06-20,0.0,2,0,2,0,HCLTECH
HCL Technologies Ltd.,2023-07-13,0.0,2,0,2,0,HCLTECH
HCL Technologies Ltd.,2023-10-10,-1.0,2,0,0,2,HCLTECH
HCL Technologies Ltd.,2023-10-12,1.0,2,2,0,0,HCLTECH
HCL Technologies Ltd.,2023-10-13,0.0,2,0,2,0,HCLTECH
HCL Technologies Ltd.,2023-10-14,0.0,2,0,2,0,HCLTECH
HCL Technologies Ltd.,2023-10-23,0.0,2,0,2,0,HCLTECH
HCL Technologies Ltd.,2023-10-30,-1.0,2,0,0,2,HCLTECH
HCL Technologies Ltd.,2023-10-31,1.0,2,2,0,0,HCLTECH
HCL Technologies Ltd.,2023-11-20,0.0,2,0,2,0,HCLTECH
HCL Technologies Ltd.,2023-12-04,0.0,2,0,2,0,HCLTECH
HCL Technologies Ltd.,2024-01-02,-1.0,2,0,0,2,HCLTECH
HCL Technologies Ltd.,2024-01-17,0.0,2,0,2,0,HCLTECH
HCL Technologies Ltd.,2024-05-05,0.0,2,0,2,0,HCLTECH
HCL Technologies Ltd.,2024-06-24,0.0,2,0,2,0,HCLTECH
HCL Technologies Ltd.,2024-07-15,1.0,2,2,0,0,HCLTECH
HCL Technologies Ltd.,2024-08-14,0.0,2,0,2,0,HCLTECH
HCL Technologies Ltd.,2024-09-05,0.0,2,0,2,0,HCLTECH
HCL Technologies Ltd.,2024-09-10,1.0,2,2,0,0,HCLTECH
HCL Technologies Ltd.,2024-10-25,0.0,3,0,3,0,HCLTECH
HCL Technologies Ltd.,2024-10-26,0.0,3,0,3,0,HCLTECH
HCL Technologies Ltd.,2024-10-27,0.0,2,0,2,0,HCLTECH
HCL Technologies Ltd.,2024-10-28,-1.0,3,0,0,3,HCLTECH
HCL Technologies Ltd.,2024-10-29,-1.0,4,0,0,4,HCLTECH
HCL Technologies Ltd.,2024-10-30,0.0,3,0,3,0,HCLTECH
HCL Technologies Ltd.,2024-10-31,0.0,9,0,9,0,HCLTECH
HCL Technologies Ltd.,2024-11-01,0.0,3,0,3,0,HCLTECH
HCL Technologies Ltd.,2024-11-03,0.0,3,0,3,0,HCLTECH
HCL Technologies Ltd.,2024-11-04,1.0,5,5,0,0,HCLTECH
HCL Technologies Ltd.,2024-11-05,0.0,3,0,3,0,HCLTECH
HCL Technologies Ltd.,2024-11-06,0.0,7,0,7,0,HCLTECH
HCL Technologies Ltd.,2024-11-07,1.0,11,11,0,0,HCLTECH
HCL Technologies Ltd.,2024-11-08,0.0,2,0,2,0,HCLTECH
HCL Technologies Ltd.,2024-11-09,0.0,1,0,1,0,HCLTECH
HCL Technologies Ltd.,2024-11-10,0.0,1,0,1,0,HCLTECH
HCL Technologies Ltd.,2024-11-11,0.0,9,0,9,0,HCLTECH
HCL Technologies Ltd.,2024-11-12,0.0,3,0,3,0,HCLTECH
HCL Technologies Ltd.,2024-11-13,-1.0,1,0,0,1,HCLTECH
HCL Technologies Ltd.,2024-11-14,0.0,3,0,3,0,HCLTECH
HCL Technologies Ltd.,2024-11-15,0.0,1,0,1,0,HCLTECH
HCL Technologies Ltd.,2024-11-16,0.0,1,0,1,0,HCLTECH
HCL Technologies Ltd.,2024-11-17,0.0,3,0,3,0,HCLTECH
HCL Technologies Ltd.,2024-11-18,0.0,9,0,9,0,HCLTECH
HCL Technologies Ltd.,2024-11-19,1.0,1,1,0,0,HCLTECH
HCL Technologies Ltd.,2024-11-20,1.0,3,3,0,0,HCLTECH
HCL Technologies Ltd.,2024-11-21,0.0,2,0,2,0,HCLTECH
HCL Technologies Ltd.,2024-11-22,0.0,3,0,3,0,HCLTECH
HCL Technologies Ltd.,2024-12-10,0.0,2,0,2,0,HCLTECH
Hero MotoCorp Ltd.,2014-12-16,0.0,2,0,2,0,HEROMOTOCO
Hero MotoCorp Ltd.,2016-03-23,0.0,2,0,2,0,HEROMOTOCO
Hero MotoCorp Ltd.,2016-09-20,1.0,2,2,0,0,HEROMOTOCO
Hero MotoCorp Ltd.,2017-06-21,-1.0,2,0,0,2,HEROMOTOCO
Hero MotoCorp Ltd.,2018-06-19,0.0,2,0,2,0,HEROMOTOCO
Hero MotoCorp Ltd.,2018-08-12,0.0,2,0,2,0,HEROMOTOCO
Hero MotoCorp Ltd.,2018-10-15,-1.0,2,0,0,2,HEROMOTOCO
Hero MotoCorp Ltd.,2019-08-07,1.0,2,2,0,0,HEROMOTOCO
Hero MotoCorp Ltd.,2019-09-17,-1.0,2,0,0,2,HEROMOTOCO
Hero MotoCorp Ltd.,2020-09-22,-1.0,2,0,0,2,HEROMOTOCO
Hero MotoCorp Ltd.,2020-09-25,1.0,2,2,0,0,HEROMOTOCO
Hero MotoCorp Ltd.,2020-11-10,0.0,2,0,2,0,HEROMOTOCO
Hero MotoCorp Ltd.,2023-01-06,-1.0,2,0,0,2,HEROMOTOCO
Hero MotoCorp Ltd.,2023-01-09,0.0,2,0,2,0,HEROMOTOCO
Hero MotoCorp Ltd.,2023-01-11,1.0,2,2,0,0,HEROMOTOCO
Hero MotoCorp Ltd.,2023-06-14,0.0,4,0,4,0,HEROMOTOCO
Hero MotoCorp Ltd.,2023-06-30,1.0,2,2,0,0,HEROMOTOCO
Hero MotoCorp Ltd.,2023-07-05,0.0,2,0,2,0,HEROMOTOCO
Hero MotoCorp Ltd.,2023-08-02,0.0,2,0,2,0,HEROMOTOCO
Hero MotoCorp Ltd.,2023-08-09,-1.0,2,0,0,2,HEROMOTOCO
Hero MotoCorp Ltd.,2023-08-14,0.0,2,0,2,0,HEROMOTOCO
Hero MotoCorp Ltd.,2023-08-30,0.0,2,0,2,0,HEROMOTOCO
Hero MotoCorp Ltd.,2023-09-04,0.0,2,0,2,0,HEROMOTOCO
Hero MotoCorp Ltd.,2023-09-05,0.0,2,0,2,0,HEROMOTOCO
Hero MotoCorp Ltd.,2023-09-07,1.0,2,2,0,0,HEROMOTOCO
Hero MotoCorp Ltd.,2023-09-20,0.0,4,0,4,0,HEROMOTOCO
Hero MotoCorp Ltd.,2023-09-25,0.0,2,0,2,0,HEROMOTOCO
Hero MotoCorp Ltd.,2023-10-02,0.0,2,0,2,0,HEROMOTOCO
Hero MotoCorp Ltd.,2023-10-03,0.0,2,0,2,0,HEROMOTOCO
Hero MotoCorp Ltd.,2023-10-10,0.0,2,0,2,0,HEROMOTOCO
Hero MotoCorp Ltd.,2023-10-13,0.0,6,0,6,0,HEROMOTOCO
Hero MotoCorp Ltd.,2023-10-26,0.0,2,0,2,0,HEROMOTOCO
Hero MotoCorp Ltd.,2023-11-01,1.0,2,2,0,0,HEROMOTOCO
Hero MotoCorp Ltd.,2023-11-02,1.0,6,6,0,0,HEROMOTOCO
Hero MotoCorp Ltd.,2023-11-09,0.0,2,0,2,0,HEROMOTOCO
Hero MotoCorp Ltd.,2023-11-10,1.0,2,2,0,0,HEROMOTOCO
Hero MotoCorp Ltd.,2023-11-23,1.0,6,6,0,0,HEROMOTOCO
Hero MotoCorp Ltd.,2024-01-17,0.0,2,0,2,0,HEROMOTOCO
Hero MotoCorp Ltd.,2024-06-21,0.0,2,0,2,0,HEROMOTOCO
Hero MotoCorp Ltd.,2024-06-27,0.0,4,0,4,0,HEROMOTOCO
Hero MotoCorp Ltd.,2024-07-08,-1.0,2,0,0,2,HEROMOTOCO
Hero MotoCorp Ltd.,2024-07-11,1.0,2,2,0,0,HEROMOTOCO
Hero MotoCorp Ltd.,2024-07-18,0.0,2,0,2,0,HEROMOTOCO
Hero MotoCorp Ltd.,2024-07-26,0.0,4,0,4,0,HEROMOTOCO
Hero MotoCorp Ltd.,2024-07-27,0.0,2,0,2,0,HEROMOTOCO
Hero MotoCorp Ltd.,2024-08-01,-1.0,2,0,0,2,HEROMOTOCO
Hero MotoCorp Ltd.,2024-08-14,1.0,6,6,0,0,HEROMOTOCO
Hero MotoCorp Ltd.,2024-08-15,0.0,10,0,10,0,HEROMOTOCO
Hero MotoCorp Ltd.,2024-08-21,1.0,2,2,0,0,HEROMOTOCO
Hero MotoCorp Ltd.,2024-08-23,0.0,4,0,4,0,HEROMOTOCO
Hero MotoCorp Ltd.,2024-08-30,1.0,2,2,0,0,HEROMOTOCO
Hero MotoCorp Ltd.,2024-09-26,-1.0,2,0,0,2,HEROMOTOCO
Hero MotoCorp Ltd.,2024-09-30,-1.0,2,0,0,2,HEROMOTOCO
Hero MotoCorp Ltd.,2024-11-18,0.0,2,0,2,0,HEROMOTOCO
Hindalco Industries Ltd.,2015-03-11,-1.0,3,0,0,3,HINDALCO
Hindalco Industries Ltd.,2019-09-04,1.0,2,2,0,0,HINDALCO
Hindalco Industries Ltd.,2020-03-19,-1.0,2,0,0,2,HINDALCO
Hindalco Industries Ltd.,2020-06-11,0.0,2,0,2,0,HINDALCO
Hindalco Industries Ltd.,2023-05-30,0.0,2,0,2,0,HINDALCO
Hindalco Industries Ltd.,2023-06-20,0.0,2,0,2,0,HINDALCO
Hindalco Industries Ltd.,2023-06-21,-1.0,2,0,0,2,HINDALCO
Hindalco Industries Ltd.,2023-07-13,0.0,2,0,2,0,HINDALCO
Hindalco Industries Ltd.,2023-09-25,0.0,2,0,2,0,HINDALCO
Hindalco Industries Ltd.,2023-09-29,-1.0,2,0,0,2,HINDALCO
Hindalco Industries Ltd.,2023-11-02,1.0,2,2,0,0,HINDALCO
Hindalco Industries Ltd.,2024-05-28,-1.0,2,0,0,2,HINDALCO
Hindalco Industries Ltd.,2024-07-10,0.0,2,0,2,0,HINDALCO
Hindalco Industries Ltd.,2024-10-28,0.0,3,0,3,0,HINDALCO
Hindalco Industries Ltd.,2024-10-29,0.0,3,0,3,0,HINDALCO
Hindalco Industries Ltd.,2024-11-05,-1.0,6,0,0,6,HINDALCO
Hindalco Industries Ltd.,2024-11-06,0.0,1,0,1,0,HINDALCO
Hindalco Industries Ltd.,2024-11-07,0.0,14,0,14,0,HINDALCO
Hindalco Industries Ltd.,2024-11-08,0.0,6,0,6,0,HINDALCO
Hindalco Industries Ltd.,2024-11-09,0.0,1,0,1,0,HINDALCO
Hindalco Industries Ltd.,2024-11-10,0.0,3,0,3,0,HINDALCO
Hindalco Industries Ltd.,2024-11-11,-1.0,12,0,0,12,HINDALCO
Hindalco Industries Ltd.,2024-11-12,0.0,11,0,11,0,HINDALCO
Hindalco Industries Ltd.,2024-11-13,1.0,5,5,0,0,HINDALCO
Hindalco Industries Ltd.,2024-11-14,-1.0,1,0,0,1,HINDALCO
Hindalco Industries Ltd.,2024-11-15,-1.0,1,0,0,1,HINDALCO
Hindalco Industries Ltd.,2024-11-16,-1.0,3,0,0,3,HINDALCO
Hindalco Industries Ltd.,2024-11-18,1.0,14,14,0,0,HINDALCO
Hindalco Industries Ltd.,2024-11-19,0.0,10,0,10,0,HINDALCO
Hindalco Industries Ltd.,2024-11-20,0.0,1,0,1,0,HINDALCO
Hindalco Industries Ltd.,2024-11-21,0.0,7,0,7,0,HINDALCO
Hindustan Unilever Ltd.,2008-12-23,-1.0,1,0,0,1,HINDUNILVR
Hindustan Unilever Ltd.,2009-03-27,0.0,1,0,1,0,HINDUNILVR
Hindustan Unilever Ltd.,2011-02-09,-1.0,1,0,0,1,HINDUNILVR
Hindustan Unilever Ltd.,2012-04-21,0.0,1,0,1,0,HINDUNILVR
Hindustan Unilever Ltd.,2013-06-01,0.0,1,0,1,0,HINDUNILVR
Hindustan Unilever Ltd.,2013-06-02,0.0,1,0,1,0,HINDUNILVR
Hindustan Unilever Ltd.,2014-12-17,-1.0,1,0,0,1,HINDUNILVR
Hindustan Unilever Ltd.,2015-06-21,0.0,2,0,2,0,HINDUNILVR
Hindustan Unilever Ltd.,2015-08-07,-1.0,1,0,0,1,HINDUNILVR
Hindustan Unilever Ltd.,2016-04-19,0.0,1,0,1,0,HINDUNILVR
Hindustan Unilever Ltd.,2016-04-22,0.0,1,0,1,0,HINDUNILVR
Hindustan Unilever Ltd.,2016-04-28,0.0,1,0,1,0,HINDUNILVR
Hindustan Unilever Ltd.,2016-07-20,0.0,1,0,1,0,HINDUNILVR
Hindustan Unilever Ltd.,2016-09-19,1.0,1,1,0,0,HINDUNILVR
Hindustan Unilever Ltd.,2016-11-30,-1.0,1,0,0,1,HINDUNILVR
Hindustan Unilever Ltd.,2016-12-01,1.0,1,1,0,0,HINDUNILVR
Hindustan Unilever Ltd.,2016-12-13,0.0,1,0,1,0,HINDUNILVR
Hindustan Unilever Ltd.,2017-01-19,0.0,1,0,1,0,HINDUNILVR
Hindustan Unilever Ltd.,2017-01-26,0.0,1,0,1,0,HINDUNILVR
Hindustan Unilever Ltd.,2017-02-17,0.0,1,0,1,0,HINDUNILVR
Hindustan Unilever Ltd.,2017-02-19,0.0,2,0,2,0,HINDUNILVR
Hindustan Unilever Ltd.,2017-02-20,0.0,2,0,2,0,HINDUNILVR
Hindustan Unilever Ltd.,2017-03-02,0.0,2,0,2,0,HINDUNILVR
Hindustan Unilever Ltd.,2017-05-30,1.0,2,2,0,0,HINDUNILVR
Hindustan Unilever Ltd.,2017-07-22,0.0,1,0,1,0,HINDUNILVR
Hindustan Unilever Ltd.,2017-08-10,0.0,1,0,1,0,HINDUNILVR
Hindustan Unilever Ltd.,2017-09-24,0.0,1,0,1,0,HINDUNILVR
Hindustan Unilever Ltd.,2017-12-13,0.0,1,0,1,0,HINDUNILVR
Hindustan Unilever Ltd.,2018-01-25,0.0,1,0,1,0,HINDUNILVR
Hindustan Unilever Ltd.,2018-02-12,0.0,4,0,4,0,HINDUNILVR
Hindustan Unilever Ltd.,2018-03-15,0.0,3,0,3,0,HINDUNILVR
Hindustan Unilever Ltd.,2018-03-27,1.0,2,2,0,0,HINDUNILVR
Hindustan Unilever Ltd.,2018-04-14,0.0,1,0,1,0,HINDUNILVR
Hindustan Unilever Ltd.,2018-09-11,0.0,1,0,1,0,HINDUNILVR
Hindustan Unilever Ltd.,2018-09-17,-1.0,1,0,0,1,HINDUNILVR
Hindustan Unilever Ltd.,2018-10-05,-1.0,2,0,0,2,HINDUNILVR
Hindustan Unilever Ltd.,2018-10-21,0.0,1,0,1,0,HINDUNILVR
Hindustan Unilever Ltd.,2018-11-29,1.0,1,1,0,0,HINDUNILVR
Hindustan Unilever Ltd.,2018-12-03,1.0,2,2,0,0,HINDUNILVR
Hindustan Unilever Ltd.,2019-01-31,0.0,1,0,1,0,HINDUNILVR
Hindustan Unilever Ltd.,2019-08-06,1.0,2,2,0,0,HINDUNILVR
Hindustan Unilever Ltd.,2019-09-16,0.0,1,0,1,0,HINDUNILVR
Hindustan Unilever Ltd.,2019-09-26,-1.0,1,0,0,1,HINDUNILVR
Hindustan Unilever Ltd.,2019-10-08,0.0,1,0,1,0,HINDUNILVR
Hindustan Unilever Ltd.,2019-10-24,0.0,1,0,1,0,HINDUNILVR
Hindustan Unilever Ltd.,2019-11-09,0.0,1,0,1,0,HINDUNILVR
Hindustan Unilever Ltd.,2020-02-08,0.0,1,0,1,0,HINDUNILVR
Hindustan Unilever Ltd.,2020-02-15,0.0,1,0,1,0,HINDUNILVR
Hindustan Unilever Ltd.,2020-02-20,0.0,1,0,1,0,HINDUNILVR
Hindustan Unilever Ltd.,2020-03-31,-1.0,1,0,0,1,HINDUNILVR
Hindustan Unilever Ltd.,2020-04-22,-1.0,1,0,0,1,HINDUNILVR
Hindustan Unilever Ltd.,2020-04-24,-1.0,2,0,0,2,HINDUNILVR
Hindustan Unilever Ltd.,2020-05-08,-1.0,1,0,0,1,HINDUNILVR
Hindustan Unilever Ltd.,2020-06-11,-1.0,1,0,0,1,HINDUNILVR
Hindustan Unilever Ltd.,2020-06-25,1.0,3,3,0,0,HINDUNILVR
Hindustan Unilever Ltd.,2020-06-26,0.0,3,0,3,0,HINDUNILVR
Hindustan Unilever Ltd.,2020-07-02,0.0,1,0,1,0,HINDUNILVR
Hindustan Unilever Ltd.,2020-07-07,0.0,2,0,2,0,HINDUNILVR
Hindustan Unilever Ltd.,2020-08-01,0.0,1,0,1,0,HINDUNILVR
Hindustan Unilever Ltd.,2020-08-22,0.0,1,0,1,0,HINDUNILVR
Hindustan Unilever Ltd.,2020-09-21,1.0,1,1,0,0,HINDUNILVR
Hindustan Unilever Ltd.,2020-10-21,-1.0,2,0,0,2,HINDUNILVR
Hindustan Unilever Ltd.,2020-10-22,1.0,2,2,0,0,HINDUNILVR
Hindustan Unilever Ltd.,2020-11-13,0.0,1,0,1,0,HINDUNILVR
Hindustan Unilever Ltd.,2020-11-20,1.0,1,1,0,0,HINDUNILVR
Hindustan Unilever Ltd.,2020-12-01,0.0,2,0,2,0,HINDUNILVR
Hindustan Unilever Ltd.,2021-01-11,0.0,1,0,1,0,HINDUNILVR
Hindustan Unilever Ltd.,2021-01-21,0.0,1,0,1,0,HINDUNILVR
Hindustan Unilever Ltd.,2021-04-26,1.0,1,1,0,0,HINDUNILVR
Hindustan Unilever Ltd.,2021-06-20,0.0,1,0,1,0,HINDUNILVR
Hindustan Unilever Ltd.,2021-07-20,0.0,2,0,2,0,HINDUNILVR
Hindustan Unilever Ltd.,2021-07-23,0.0,1,0,1,0,HINDUNILVR
Hindustan Unilever Ltd.,2021-11-22,0.0,1,0,1,0,HINDUNILVR
Hindustan Unilever Ltd.,2022-01-25,0.0,1,0,1,0,HINDUNILVR
Hindustan Unilever Ltd.,2022-02-09,-1.0,2,0,0,2,HINDUNILVR
Hindustan Unilever Ltd.,2022-02-11,1.0,1,1,0,0,HINDUNILVR
Hindustan Unilever Ltd.,2022-03-05,0.0,1,0,1,0,HINDUNILVR
Hindustan Unilever Ltd.,2022-03-08,1.0,1,1,0,0,HINDUNILVR
Hindustan Unilever Ltd.,2022-03-09,0.0,1,0,1,0,HINDUNILVR
Hindustan Unilever Ltd.,2022-03-22,0.0,1,0,1,0,HINDUNILVR
Hindustan Unilever Ltd.,2022-03-23,0.0,1,0,1,0,HINDUNILVR
Hindustan Unilever Ltd.,2022-06-22,1.0,1,1,0,0,HINDUNILVR
Hindustan Unilever Ltd.,2022-07-05,-1.0,1,0,0,1,HINDUNILVR
Hindustan Unilever Ltd.,2022-08-22,0.0,1,0,1,0,HINDUNILVR
Hindustan Unilever Ltd.,2022-10-24,0.0,1,0,1,0,HINDUNILVR
Hindustan Unilever Ltd.,2023-01-02,0.0,1,0,1,0,HINDUNILVR
Hindustan Unilever Ltd.,2023-02-12,0.0,1,0,1,0,HINDUNILVR
Hindustan Unilever Ltd.,2023-02-15,0.0,2,0,2,0,HINDUNILVR
Hindustan Unilever Ltd.,2023-02-24,0.0,1,0,1,0,HINDUNILVR
Hindustan Unilever Ltd.,2023-04-27,0.0,1,0,1,0,HINDUNILVR
Hindustan Unilever Ltd.,2023-05-16,-1.0,1,0,0,1,HINDUNILVR
Hindustan Unilever Ltd.,2023-06-10,0.0,1,0,1,0,HINDUNILVR
Hindustan Unilever Ltd.,2023-07-03,1.0,2,2,0,0,HINDUNILVR
Hindustan Unilever Ltd.,2023-07-04,0.0,1,0,1,0,HINDUNILVR
Hindustan Unilever Ltd.,2023-07-06,-1.0,1,0,0,1,HINDUNILVR
Hindustan Unilever Ltd.,2023-07-14,0.0,1,0,1,0,HINDUNILVR
Hindustan Unilever Ltd.,2023-07-17,0.0,1,0,1,0,HINDUNILVR
Hindustan Unilever Ltd.,2023-07-23,0.0,1,0,1,0,HINDUNILVR
Hindustan Unilever Ltd.,2023-07-24,0.0,2,0,2,0,HINDUNILVR
Hindustan Unilever Ltd.,2023-07-26,0.0,1,0,1,0,HINDUNILVR
Hindustan Unilever Ltd.,2023-09-21,0.0,2,0,2,0,HINDUNILVR
Hindustan Unilever Ltd.,2023-09-25,0.0,2,0,2,0,HINDUNILVR
Hindustan Unilever Ltd.,2023-09-30,0.0,1,0,1,0,HINDUNILVR
Hindustan Unilever Ltd.,2023-10-02,0.0,4,0,4,0,HINDUNILVR
Hindustan Unilever Ltd.,2023-10-03,0.0,2,0,2,0,HINDUNILVR
Hindustan Unilever Ltd.,2023-10-05,0.0,4,0,4,0,HINDUNILVR
Hindustan Unilever Ltd.,2023-10-10,0.0,2,0,2,0,HINDUNILVR
Hindustan Unilever Ltd.,2023-10-13,0.0,2,0,2,0,HINDUNILVR
Hindustan Unilever Ltd.,2023-10-18,-1.0,2,0,0,2,HINDUNILVR
Hindustan Unilever Ltd.,2023-10-19,0.0,8,0,8,0,HINDUNILVR
Hindustan Unilever Ltd.,2023-10-20,0.0,8,0,8,0,HINDUNILVR
Hindustan Unilever Ltd.,2023-10-26,0.0,2,0,2,0,HINDUNILVR
Hindustan Unilever Ltd.,2023-10-30,0.0,2,0,2,0,HINDUNILVR
Hindustan Unilever Ltd.,2023-11-01,0.0,2,0,2,0,HINDUNILVR
Hindustan Unilever Ltd.,2023-11-02,0.0,4,0,4,0,HINDUNILVR
Hindustan Unilever Ltd.,2023-11-06,0.0,2,0,2,0,HINDUNILVR
Hindustan Unilever Ltd.,2023-11-07,-1.0,3,0,0,3,HINDUNILVR
Hindustan Unilever Ltd.,2023-11-09,0.0,2,0,2,0,HINDUNILVR
Hindustan Unilever Ltd.,2023-11-10,0.0,2,0,2,0,HINDUNILVR
Hindustan Unilever Ltd.,2023-11-12,0.0,2,0,2,0,HINDUNILVR
Hindustan Unilever Ltd.,2023-11-13,0.0,2,0,2,0,HINDUNILVR
Hindustan Unilever Ltd.,2023-12-12,0.0,1,0,1,0,HINDUNILVR
Hindustan Unilever Ltd.,2024-01-18,-1.0,2,0,0,2,HINDUNILVR
Hindustan Unilever Ltd.,2024-01-20,0.0,2,0,2,0,HINDUNILVR
Hindustan Unilever Ltd.,2024-01-21,0.0,1,0,1,0,HINDUNILVR
Hindustan Unilever Ltd.,2024-03-04,0.0,1,0,1,0,HINDUNILVR
Hindustan Unilever Ltd.,2024-03-19,0.0,1,0,1,0,HINDUNILVR
Hindustan Unilever Ltd.,2024-03-25,0.0,2,0,2,0,HINDUNILVR
Hindustan Unilever Ltd.,2024-04-26,0.0,2,0,2,0,HINDUNILVR
Hindustan Unilever Ltd.,2024-05-02,1.0,1,1,0,0,HINDUNILVR
Hindustan Unilever Ltd.,2024-05-12,0.0,2,0,2,0,HINDUNILVR
Hindustan Unilever Ltd.,2024-05-30,1.0,1,1,0,0,HINDUNILVR
Hindustan Unilever Ltd.,2024-07-23,0.0,2,0,2,0,HINDUNILVR
Hindustan Unilever Ltd.,2024-07-24,0.0,3,0,3,0,HINDUNILVR
Hindustan Unilever Ltd.,2024-08-07,0.0,2,0,2,0,HINDUNILVR
Hindustan Unilever Ltd.,2024-09-13,0.0,1,0,1,0,HINDUNILVR
Hindustan Unilever Ltd.,2024-10-09,1.0,2,2,0,0,HINDUNILVR
Hindustan Unilever Ltd.,2024-10-10,0.0,1,0,1,0,HINDUNILVR
Hindustan Unilever Ltd.,2024-10-24,1.0,4,4,0,0,HINDUNILVR
Hindustan Unilever Ltd.,2024-10-25,-1.0,7,0,0,7,HINDUNILVR
Hindustan Unilever Ltd.,2024-10-26,-1.0,3,0,0,3,HINDUNILVR
Hindustan Unilever Ltd.,2024-10-27,-1.0,5,0,0,5,HINDUNILVR
Hindustan Unilever Ltd.,2024-10-28,0.0,3,0,3,0,HINDUNILVR
Hindustan Unilever Ltd.,2024-10-29,-1.0,7,0,0,7,HINDUNILVR
Hindustan Unilever Ltd.,2024-10-30,0.0,3,0,3,0,HINDUNILVR
Hindustan Unilever Ltd.,2024-10-31,0.0,4,0,4,0,HINDUNILVR
Hindustan Unilever Ltd.,2024-11-02,0.0,1,0,1,0,HINDUNILVR
Hindustan Unilever Ltd.,2024-11-03,0.0,1,0,1,0,HINDUNILVR
Hindustan Unilever Ltd.,2024-11-04,0.0,1,0,1,0,HINDUNILVR
Hindustan Unilever Ltd.,2024-11-05,-1.0,4,0,0,4,HINDUNILVR
Hindustan Unilever Ltd.,2024-11-06,1.0,3,3,0,0,HINDUNILVR
Hindustan Unilever Ltd.,2024-11-07,0.0,3,0,3,0,HINDUNILVR
Hindustan Unilever Ltd.,2024-11-08,-1.0,5,0,0,5,HINDUNILVR
Hindustan Unilever Ltd.,2024-11-11,0.0,1,0,1,0,HINDUNILVR
Hindustan Unilever Ltd.,2024-11-12,-1.0,6,0,0,6,HINDUNILVR
Hindustan Unilever Ltd.,2024-11-13,1.0,3,3,0,0,HINDUNILVR
Hindustan Unilever Ltd.,2024-11-14,0.0,12,0,12,0,HINDUNILVR
Hindustan Unilever Ltd.,2024-11-15,0.0,13,0,13,0,HINDUNILVR
Hindustan Unilever Ltd.,2024-11-16,0.0,2,0,2,0,HINDUNILVR
Hindustan Unilever Ltd.,2024-11-17,0.0,2,0,2,0,HINDUNILVR
Hindustan Unilever Ltd.,2024-11-18,-1.0,2,0,0,2,HINDUNILVR
Hindustan Unilever Ltd.,2024-11-19,1.0,7,7,0,0,HINDUNILVR
Hindustan Unilever Ltd.,2024-11-20,0.8,5,4,1,0,HINDUNILVR
Hindustan Unilever Ltd.,2024-11-21,0.0,3,0,3,0,HINDUNILVR
Hindustan Unilever Ltd.,2024-11-22,0.0,1,0,1,0,HINDUNILVR
Hindustan Unilever Ltd.,2024-11-25,0.0,2,0,2,0,HINDUNILVR
ICICI Bank Ltd.,2013-03-16,0.0,1,0,1,0,ICICIBANK
ICICI Bank Ltd.,2013-05-07,0.0,1,0,1,0,ICICIBANK
ICICI Bank Ltd.,2015-09-01,0.0,1,0,1,0,ICICIBANK
ICICI Bank Ltd.,2016-10-20,1.0,1,1,0,0,ICICIBANK
ICICI Bank Ltd.,2017-07-10,0.0,2,0,2,0,ICICIBANK
ICICI Bank Ltd.,2018-03-07,-1.0,2,0,0,2,ICICIBANK
ICICI Bank Ltd.,2018-03-31,0.0,2,0,2,0,ICICIBANK
ICICI Bank Ltd.,2018-05-30,1.0,2,2,0,0,ICICIBANK
ICICI Bank Ltd.,2018-06-01,0.0,2,0,2,0,ICICIBANK
ICICI Bank Ltd.,2018-06-11,1.0,1,1,0,0,ICICIBANK
ICICI Bank Ltd.,2018-08-27,0.0,2,0,2,0,ICICIBANK
ICICI Bank Ltd.,2018-08-28,1.0,4,4,0,0,ICICIBANK
ICICI Bank Ltd.,2018-09-18,-1.0,2,0,0,2,ICICIBANK
ICICI Bank Ltd.,2018-10-04,1.0,4,4,0,0,ICICIBANK
ICICI Bank Ltd.,2018-11-14,0.0,2,0,2,0,ICICIBANK
ICICI Bank Ltd.,2019-10-10,0.0,2,0,2,0,ICICIBANK
ICICI Bank Ltd.,2019-10-13,0.0,2,0,2,0,ICICIBANK
ICICI Bank Ltd.,2019-10-16,0.0,2,0,2,0,ICICIBANK
ICICI Bank Ltd.,2020-04-21,1.0,2,2,0,0,ICICIBANK
ICICI Bank Ltd.,2020-05-15,0.0,2,0,2,0,ICICIBANK
ICICI Bank Ltd.,2020-06-24,0.0,2,0,2,0,ICICIBANK
ICICI Bank Ltd.,2020-06-30,0.0,2,0,2,0,ICICIBANK
ICICI Bank Ltd.,2020-07-02,0.0,2,0,2,0,ICICIBANK
ICICI Bank Ltd.,2020-07-21,1.0,2,2,0,0,ICICIBANK
ICICI Bank Ltd.,2020-07-23,-1.0,2,0,0,2,ICICIBANK
ICICI Bank Ltd.,2020-07-24,-1.0,2,0,0,2,ICICIBANK
ICICI Bank Ltd.,2020-07-27,0.0,2,0,2,0,ICICIBANK
ICICI Bank Ltd.,2020-07-28,-1.0,2,0,0,2,ICICIBANK
ICICI Bank Ltd.,2020-08-12,-1.0,2,0,0,2,ICICIBANK
ICICI Bank Ltd.,2020-08-18,-1.0,2,0,0,2,ICICIBANK
ICICI Bank Ltd.,2020-08-19,0.0,2,0,2,0,ICICIBANK
ICICI Bank Ltd.,2020-08-25,0.0,2,0,2,0,ICICIBANK
ICICI Bank Ltd.,2020-09-03,0.0,2,0,2,0,ICICIBANK
ICICI Bank Ltd.,2020-09-08,0.0,2,0,2,0,ICICIBANK
ICICI Bank Ltd.,2020-09-12,0.0,2,0,2,0,ICICIBANK
ICICI Bank Ltd.,2023-01-31,1.0,2,2,0,0,ICICIBANK
ICICI Bank Ltd.,2023-04-28,0.0,2,0,2,0,ICICIBANK
ICICI Bank Ltd.,2023-05-03,0.0,2,0,2,0,ICICIBANK
ICICI Bank Ltd.,2023-05-12,0.0,2,0,2,0,ICICIBANK
ICICI Bank Ltd.,2023-05-29,0.0,2,0,2,0,ICICIBANK
ICICI Bank Ltd.,2023-06-09,0.0,2,0,2,0,ICICIBANK
ICICI Bank Ltd.,2023-06-14,0.0,2,0,2,0,ICICIBANK
ICICI Bank Ltd.,2023-06-19,0.0,2,0,2,0,ICICIBANK
ICICI Bank Ltd.,2023-06-21,0.0,2,0,2,0,ICICIBANK
ICICI Bank Ltd.,2023-06-26,0.0,2,0,2,0,ICICIBANK
ICICI Bank Ltd.,2023-06-28,0.0,2,0,2,0,ICICIBANK
ICICI Bank Ltd.,2023-06-30,0.0,2,0,2,0,ICICIBANK
ICICI Bank Ltd.,2023-08-09,-1.0,2,0,0,2,ICICIBANK
ICICI Bank Ltd.,2023-08-29,0.0,2,0,2,0,ICICIBANK
ICICI Bank Ltd.,2023-08-30,1.0,2,2,0,0,ICICIBANK
ICICI Bank Ltd.,2023-09-06,0.0,2,0,2,0,ICICIBANK
ICICI Bank Ltd.,2023-09-11,0.0,2,0,2,0,ICICIBANK
ICICI Bank Ltd.,2023-09-12,0.0,2,0,2,0,ICICIBANK
ICICI Bank Ltd.,2023-09-13,0.0,4,0,4,0,ICICIBANK
ICICI Bank Ltd.,2023-09-20,0.0,2,0,2,0,ICICIBANK
ICICI Bank Ltd.,2023-09-25,0.0,2,0,2,0,ICICIBANK
ICICI Bank Ltd.,2023-09-27,0.0,2,0,2,0,ICICIBANK
ICICI Bank Ltd.,2023-09-29,-1.0,2,0,0,2,ICICIBANK
ICICI Bank Ltd.,2023-09-30,0.0,8,0,8,0,ICICIBANK
ICICI Bank Ltd.,2023-10-03,1.0,2,2,0,0,ICICIBANK
ICICI Bank Ltd.,2023-10-04,0.0,2,0,2,0,ICICIBANK
ICICI Bank Ltd.,2023-10-05,0.0,4,0,4,0,ICICIBANK
ICICI Bank Ltd.,2023-10-06,1.0,2,2,0,0,ICICIBANK
ICICI Bank Ltd.,2023-10-09,0.0,2,0,2,0,ICICIBANK
ICICI Bank Ltd.,2023-10-10,0.0,2,0,2,0,ICICIBANK
ICICI Bank Ltd.,2023-10-11,0.0,6,0,6,0,ICICIBANK
ICICI Bank Ltd.,2023-10-12,0.0,2,0,2,0,ICICIBANK
ICICI Bank Ltd.,2023-10-17,0.0,4,0,4,0,ICICIBANK
ICICI Bank Ltd.,2023-10-18,0.0,6,0,6,0,ICICIBANK
ICICI Bank Ltd.,2023-10-20,-1.0,4,0,0,4,ICICIBANK
ICICI Bank Ltd.,2023-10-22,0.0,10,0,10,0,ICICIBANK
ICICI Bank Ltd.,2023-10-23,0.0,12,0,12,0,ICICIBANK
ICICI Bank Ltd.,2023-10-24,0.0,2,0,2,0,ICICIBANK
ICICI Bank Ltd.,2023-10-25,0.0,4,0,4,0,ICICIBANK
ICICI Bank Ltd.,2023-10-26,1.0,4,4,0,0,ICICIBANK
ICICI Bank Ltd.,2023-10-30,0.0,2,0,2,0,ICICIBANK
ICICI Bank Ltd.,2023-11-01,1.0,2,2,0,0,ICICIBANK
ICICI Bank Ltd.,2023-11-03,0.0,10,0,10,0,ICICIBANK
ICICI Bank Ltd.,2023-11-09,0.0,2,0,2,0,ICICIBANK
ICICI Bank Ltd.,2023-11-12,0.0,2,0,2,0,ICICIBANK
ICICI Bank Ltd.,2023-11-14,0.0,2,0,2,0,ICICIBANK
ICICI Bank Ltd.,2023-11-16,0.0,6,0,6,0,ICICIBANK
ICICI Bank Ltd.,2023-11-20,0.0,2,0,2,0,ICICIBANK
ICICI Bank Ltd.,2023-11-22,0.0,6,0,6,0,ICICIBANK
ICICI Bank Ltd.,2023-11-24,1.0,6,6,0,0,ICICIBANK
ICICI Bank Ltd.,2023-11-27,0.0,2,0,2,0,ICICIBANK
ICICI Bank Ltd.,2023-11-29,1.0,4,4,0,0,ICICIBANK
ICICI Bank Ltd.,2023-12-08,0.0,2,0,2,0,ICICIBANK
ICICI Bank Ltd.,2023-12-10,0.0,2,0,2,0,ICICIBANK
ICICI Bank Ltd.,2024-01-22,0.0,4,0,4,0,ICICIBANK
ICICI Bank Ltd.,2024-06-25,0.0,2,0,2,0,ICICIBANK
ICICI Bank Ltd.,2024-06-28,-1.0,2,0,0,2,ICICIBANK
ICICI Bank Ltd.,2024-07-04,0.0,2,0,2,0,ICICIBANK
ICICI Bank Ltd.,2024-07-10,0.0,2,0,2,0,ICICIBANK
ICICI Bank Ltd.,2024-07-25,0.0,2,0,2,0,ICICIBANK
ICICI Bank Ltd.,2024-09-03,0.0,2,0,2,0,ICICIBANK
ICICI Bank Ltd.,2024-09-04,-1.0,2,0,0,2,ICICIBANK
ICICI Bank Ltd.,2024-09-20,0.0,2,0,2,0,ICICIBANK
ICICI Bank Ltd.,2024-10-25,1.0,1,1,0,0,ICICIBANK
ICICI Bank Ltd.,2024-10-26,1.0,4,4,0,0,ICICIBANK
ICICI Bank Ltd.,2024-10-27,1.0,1,1,0,0,ICICIBANK
ICICI Bank Ltd.,2024-10-28,-1.0,14,0,0,14,ICICIBANK
ICICI Bank Ltd.,2024-10-29,-1.0,9,0,0,9,ICICIBANK
ICICI Bank Ltd.,2024-10-30,0.0,4,0,4,0,ICICIBANK
ICICI Bank Ltd.,2024-11-01,1.0,1,1,0,0,ICICIBANK
ICICI Bank Ltd.,2024-11-02,1.0,2,2,0,0,ICICIBANK
ICICI Bank Ltd.,2024-11-03,1.0,1,1,0,0,ICICIBANK
ICICI Bank Ltd.,2024-11-04,0.0,4,0,4,0,ICICIBANK
ICICI Bank Ltd.,2024-11-05,-1.0,2,0,0,2,ICICIBANK
ICICI Bank Ltd.,2024-11-06,-1.0,4,0,0,4,ICICIBANK
ICICI Bank Ltd.,2024-11-07,0.0,5,0,5,0,ICICIBANK
ICICI Bank Ltd.,2024-11-08,0.0,8,0,8,0,ICICIBANK
ICICI Bank Ltd.,2024-11-09,0.0,1,0,1,0,ICICIBANK
ICICI Bank Ltd.,2024-11-10,0.0,2,0,2,0,ICICIBANK
ICICI Bank Ltd.,2024-11-11,-1.0,2,0,0,2,ICICIBANK
ICICI Bank Ltd.,2024-11-12,0.0,2,0,2,0,ICICIBANK
ICICI Bank Ltd.,2024-11-13,0.0,9,0,9,0,ICICIBANK
ICICI Bank Ltd.,2024-11-14,0.0,6,0,6,0,ICICIBANK
ICICI Bank Ltd.,2024-11-16,0.0,2,0,2,0,ICICIBANK
ICICI Bank Ltd.,2024-11-17,0.0,2,0,2,0,ICICIBANK
ICICI Bank Ltd.,2024-11-19,1.0,3,3,0,0,ICICIBANK
ICICI Bank Ltd.,2024-11-20,1.0,3,3,0,0,ICICIBANK
ICICI Bank Ltd.,2024-11-21,0.0,3,0,3,0,ICICIBANK
ICICI Bank Ltd.,2024-11-22,0.0,7,0,7,0,ICICIBANK
ICICI Bank Ltd.,2024-12-20,0.0,2,0,2,0,ICICIBANK
ITC Ltd.,2009-07-09,1.0,1,1,0,0,ITC
ITC Ltd.,2009-12-30,1.0,1,1,0,0,ITC
ITC Ltd.,2011-03-27,0.0,1,0,1,0,ITC
ITC Ltd.,2012-06-12,0.0,1,0,1,0,ITC
ITC Ltd.,2012-09-14,0.0,1,0,1,0,ITC
ITC Ltd.,2012-09-19,0.0,1,0,1,0,ITC
ITC Ltd.,2013-06-04,0.0,1,0,1,0,ITC
ITC Ltd.,2013-08-03,0.0,1,0,1,0,ITC
ITC Ltd.,2013-08-04,0.0,1,0,1,0,ITC
ITC Ltd.,2014-08-18,-1.0,1,0,0,1,ITC
ITC Ltd.,2014-10-30,0.0,1,0,1,0,ITC
ITC Ltd.,2015-07-02,0.0,1,0,1,0,ITC
ITC Ltd.,2015-12-07,0.0,1,0,1,0,ITC
ITC Ltd.,2016-03-05,0.0,1,0,1,0,ITC
ITC Ltd.,2016-04-02,0.0,1,0,1,0,ITC
ITC Ltd.,2016-09-27,0.0,1,0,1,0,ITC
ITC Ltd.,2017-09-22,0.0,1,0,1,0,ITC
ITC Ltd.,2018-01-26,0.0,1,0,1,0,ITC
ITC Ltd.,2018-01-29,-1.0,2,0,0,2,ITC
ITC Ltd.,2019-03-18,0.0,2,0,2,0,ITC
ITC Ltd.,2019-03-24,0.0,1,0,1,0,ITC
ITC Ltd.,2019-03-25,0.0,1,0,1,0,ITC
ITC Ltd.,2019-10-11,1.0,1,1,0,0,ITC
ITC Ltd.,2020-05-04,-1.0,2,0,0,2,ITC
ITC Ltd.,2022-07-10,0.0,1,0,1,0,ITC
ITC Ltd.,2022-11-09,0.0,2,0,2,0,ITC
ITC Ltd.,2023-02-15,0.0,2,0,2,0,ITC
ITC Ltd.,2023-07-26,0.0,2,0,2,0,ITC
ITC Ltd.,2023-08-17,1.0,4,4,0,0,ITC
ITC Ltd.,2023-08-18,1.0,2,2,0,0,ITC
ITC Ltd.,2023-08-25,0.0,2,0,2,0,ITC
ITC Ltd.,2023-09-06,0.0,4,0,4,0,ITC
ITC Ltd.,2023-09-25,1.0,2,2,0,0,ITC
ITC Ltd.,2023-10-20,0.0,4,0,4,0,ITC
ITC Ltd.,2023-10-26,0.0,2,0,2,0,ITC
ITC Ltd.,2023-10-31,0.0,2,0,2,0,ITC
ITC Ltd.,2023-11-06,0.0,2,0,2,0,ITC
ITC Ltd.,2023-11-09,0.0,4,0,4,0,ITC
ITC Ltd.,2023-11-12,0.0,2,0,2,0,ITC
ITC Ltd.,2023-11-21,0.0,4,0,4,0,ITC
ITC Ltd.,2023-12-10,0.0,2,0,2,0,ITC
ITC Ltd.,2023-12-11,0.0,2,0,2,0,ITC
ITC Ltd.,2024-03-12,0.0,2,0,2,0,ITC
ITC Ltd.,2024-07-23,0.0,2,0,2,0,ITC
ITC Ltd.,2024-07-29,1.0,2,2,0,0,ITC
ITC Ltd.,2024-10-09,0.0,2,0,2,0,ITC
ITC Ltd.,2024-10-23,1.0,2,2,0,0,ITC
ITC Ltd.,2024-10-25,0.0,19,0,19,0,ITC
ITC Ltd.,2024-10-26,0.0,2,0,2,0,ITC
ITC Ltd.,2024-10-27,0.0,4,0,4,0,ITC
ITC Ltd.,2024-10-28,0.0,5,0,5,0,ITC
ITC Ltd.,2024-10-29,0.0,1,0,1,0,ITC
ITC Ltd.,2024-10-30,0.0,3,0,3,0,ITC
ITC Ltd.,2024-10-31,-1.0,2,0,0,2,ITC
ITC Ltd.,2024-11-02,0.0,1,0,1,0,ITC
ITC Ltd.,2024-11-03,0.0,3,0,3,0,ITC
ITC Ltd.,2024-11-04,0.0,5,0,5,0,ITC
ITC Ltd.,2024-11-05,0.0,7,0,7,0,ITC
ITC Ltd.,2024-11-06,0.0,1,0,1,0,ITC
ITC Ltd.,2024-11-07,0.0,3,0,3,0,ITC
ITC Ltd.,2024-11-09,0.0,1,0,1,0,ITC
ITC Ltd.,2024-11-10,0.0,6,0,6,0,ITC
ITC Ltd.,2024-11-11,0.0,3,0,3,0,ITC
ITC Ltd.,2024-11-12,-1.0,2,0,0,2,ITC
ITC Ltd.,2024-11-13,0.0,7,0,7,0,ITC
ITC Ltd.,2024-11-14,0.0,4,0,4,0,ITC
ITC Ltd.,2024-11-15,0.0,2,0,2,0,ITC
ITC Ltd.,2024-11-17,0.0,3,0,3,0,ITC
ITC Ltd.,2024-11-18,-1.0,8,0,0,8,ITC
ITC Ltd.,2024-11-19,1.0,4,4,0,0,ITC
ITC Ltd.,2024-11-21,0.0,2,0,2,0,ITC
ITC Ltd.,2024-11-22,0.0,2,0,2,0,ITC
ITC Ltd.,2024-11-23,0.0,1,0,1,0,ITC
IndusInd Bank Ltd.,2018-05-30,-1.0,2,0,0,2,INDUSINDBK
IndusInd Bank Ltd.,2018-09-28,0.0,2,0,2,0,INDUSINDBK
IndusInd Bank Ltd.,2019-10-13,0.0,2,0,2,0,INDUSINDBK
IndusInd Bank Ltd.,2020-01-13,-1.0,2,0,0,2,INDUSINDBK
IndusInd Bank Ltd.,2020-03-09,-1.0,2,0,0,2,INDUSINDBK
IndusInd Bank Ltd.,2020-05-15,-1.0,2,0,0,2,INDUSINDBK
IndusInd Bank Ltd.,2023-06-14,1.0,2,2,0,0,INDUSINDBK
IndusInd Bank Ltd.,2023-06-15,0.0,2,0,2,0,INDUSINDBK
IndusInd Bank Ltd.,2023-06-30,0.0,4,0,4,0,INDUSINDBK
IndusInd Bank Ltd.,2023-07-28,-1.0,2,0,0,2,INDUSINDBK
IndusInd Bank Ltd.,2023-08-25,0.0,2,0,2,0,INDUSINDBK
IndusInd Bank Ltd.,2023-09-06,0.0,2,0,2,0,INDUSINDBK
IndusInd Bank Ltd.,2023-09-13,0.0,4,0,4,0,INDUSINDBK
IndusInd Bank Ltd.,2023-09-20,1.0,2,2,0,0,INDUSINDBK
IndusInd Bank Ltd.,2023-09-21,0.0,2,0,2,0,INDUSINDBK
IndusInd Bank Ltd.,2023-09-25,0.0,2,0,2,0,INDUSINDBK
IndusInd Bank Ltd.,2023-10-03,0.0,4,0,4,0,INDUSINDBK
IndusInd Bank Ltd.,2023-10-04,1.0,6,6,0,0,INDUSINDBK
IndusInd Bank Ltd.,2023-10-09,0.0,4,0,4,0,INDUSINDBK
IndusInd Bank Ltd.,2023-10-10,0.0,2,0,2,0,INDUSINDBK
IndusInd Bank Ltd.,2023-10-11,1.0,2,2,0,0,INDUSINDBK
IndusInd Bank Ltd.,2023-10-12,-1.0,2,0,0,2,INDUSINDBK
IndusInd Bank Ltd.,2023-10-17,1.0,2,2,0,0,INDUSINDBK
IndusInd Bank Ltd.,2023-10-18,1.0,10,10,0,0,INDUSINDBK
IndusInd Bank Ltd.,2023-10-19,-1.0,12,0,0,12,INDUSINDBK
IndusInd Bank Ltd.,2023-10-20,-1.0,4,0,0,4,INDUSINDBK
IndusInd Bank Ltd.,2023-10-25,1.0,2,2,0,0,INDUSINDBK
IndusInd Bank Ltd.,2023-11-02,1.0,2,2,0,0,INDUSINDBK
IndusInd Bank Ltd.,2023-11-03,1.0,2,2,0,0,INDUSINDBK
IndusInd Bank Ltd.,2023-11-09,0.0,2,0,2,0,INDUSINDBK
IndusInd Bank Ltd.,2023-11-13,0.0,2,0,2,0,INDUSINDBK
IndusInd Bank Ltd.,2023-11-15,0.0,4,0,4,0,INDUSINDBK
IndusInd Bank Ltd.,2023-11-24,0.0,2,0,2,0,INDUSINDBK
IndusInd Bank Ltd.,2024-01-18,-1.0,4,0,0,4,INDUSINDBK
IndusInd Bank Ltd.,2024-01-19,1.0,2,2,0,0,INDUSINDBK
IndusInd Bank Ltd.,2024-06-28,-1.0,2,0,0,2,INDUSINDBK
IndusInd Bank Ltd.,2024-07-29,0.0,2,0,2,0,INDUSINDBK
IndusInd Bank Ltd.,2024-08-07,0.0,2,0,2,0,INDUSINDBK
IndusInd Bank Ltd.,2024-08-28,0.0,2,0,2,0,INDUSINDBK
IndusInd Bank Ltd.,2024-09-20,-1.0,2,0,0,2,INDUSINDBK
IndusInd Bank Ltd.,2024-10-25,-1.0,22,0,0,22,INDUSINDBK
IndusInd Bank Ltd.,2024-10-26,-1.0,2,0,0,2,INDUSINDBK
IndusInd Bank Ltd.,2024-10-27,-1.0,4,0,0,4,INDUSINDBK
IndusInd Bank Ltd.,2024-10-28,1.0,5,5,0,0,INDUSINDBK
IndusInd Bank Ltd.,2024-10-29,0.0,11,0,11,0,INDUSINDBK
IndusInd Bank Ltd.,2024-10-30,0.0,6,0,6,0,INDUSINDBK
IndusInd Bank Ltd.,2024-10-31,0.0,1,0,1,0,INDUSINDBK
IndusInd Bank Ltd.,2024-11-01,1.0,3,3,0,0,INDUSINDBK
IndusInd Bank Ltd.,2024-11-02,1.0,2,2,0,0,INDUSINDBK
IndusInd Bank Ltd.,2024-11-03,1.0,1,1,0,0,INDUSINDBK
IndusInd Bank Ltd.,2024-11-04,-1.0,4,0,0,4,INDUSINDBK
IndusInd Bank Ltd.,2024-11-05,-1.0,7,0,0,7,INDUSINDBK
IndusInd Bank Ltd.,2024-11-06,0.0,6,0,6,0,INDUSINDBK
IndusInd Bank Ltd.,2024-11-07,0.0,3,0,3,0,INDUSINDBK
IndusInd Bank Ltd.,2024-11-08,0.0,1,0,1,0,INDUSINDBK
IndusInd Bank Ltd.,2024-11-09,0.0,2,0,2,0,INDUSINDBK
IndusInd Bank Ltd.,2024-11-11,-1.0,2,0,0,2,INDUSINDBK
IndusInd Bank Ltd.,2024-11-14,0.0,4,0,4,0,INDUSINDBK
IndusInd Bank Ltd.,2024-11-16,0.0,1,0,1,0,INDUSINDBK
IndusInd Bank Ltd.,2024-11-17,0.0,3,0,3,0,INDUSINDBK
IndusInd Bank Ltd.,2024-11-18,-1.0,2,0,0,2,INDUSINDBK
IndusInd Bank Ltd.,2024-11-19,1.0,4,4,0,0,INDUSINDBK
IndusInd Bank Ltd.,2024-11-20,1.0,2,2,0,0,INDUSINDBK
IndusInd Bank Ltd.,2024-11-21,0.0,3,0,3,0,INDUSINDBK
IndusInd Bank Ltd.,2024-11-22,0.0,1,0,1,0,INDUSINDBK
Infosys Ltd.,2012-04-13,0.0,1,0,1,0,INFY
Infosys Ltd.,2013-08-06,0.0,2,0,2,0,INFY
Infosys Ltd.,2013-08-07,1.0,1,1,0,0,INFY
Infosys Ltd.,2013-08-13,-1.0,1,0,0,1,INFY
Infosys Ltd.,2013-08-29,0.0,1,0,1,0,INFY
Infosys Ltd.,2014-07-11,0.0,1,0,1,0,INFY
Infosys Ltd.,2014-10-08,1.0,1,1,0,0,INFY
Infosys Ltd.,2014-10-29,1.0,1,1,0,0,INFY
Infosys Ltd.,2015-03-18,1.0,1,1,0,0,INFY
Infosys Ltd.,2015-06-19,-1.0,1,0,0,1,INFY
Infosys Ltd.,2015-07-08,0.0,1,0,1,0,INFY
Infosys Ltd.,2015-09-08,0.0,1,0,1,0,INFY
Infosys Ltd.,2015-10-05,-1.0,1,0,0,1,INFY
Infosys Ltd.,2017-01-25,0.0,1,0,1,0,INFY
Infosys Ltd.,2017-02-06,0.0,1,0,1,0,INFY
Infosys Ltd.,2017-02-11,0.0,1,0,1,0,INFY
Infosys Ltd.,2017-02-14,1.0,1,1,0,0,INFY
Infosys Ltd.,2017-04-23,0.0,1,0,1,0,INFY
Infosys Ltd.,2017-04-29,0.0,1,0,1,0,INFY
Infosys Ltd.,2017-05-02,0.0,1,0,1,0,INFY
Infosys Ltd.,2017-05-03,0.0,1,0,1,0,INFY
Infosys Ltd.,2017-05-13,0.0,1,0,1,0,INFY
Infosys Ltd.,2017-05-14,0.0,1,0,1,0,INFY
Infosys Ltd.,2017-06-09,0.0,1,0,1,0,INFY
Infosys Ltd.,2017-08-18,0.0,9,0,9,0,INFY
Infosys Ltd.,2017-08-23,1.0,2,2,0,0,INFY
Infosys Ltd.,2017-08-24,-1.0,1,0,0,1,INFY
Infosys Ltd.,2017-08-25,0.0,1,0,1,0,INFY
Infosys Ltd.,2017-09-01,0.0,2,0,2,0,INFY
Infosys Ltd.,2017-10-11,0.0,2,0,2,0,INFY
Infosys Ltd.,2017-11-12,0.0,1,0,1,0,INFY
Infosys Ltd.,2017-12-15,-1.0,2,0,0,2,INFY
Infosys Ltd.,2018-01-09,1.0,2,2,0,0,INFY
Infosys Ltd.,2018-02-20,1.0,2,2,0,0,INFY
Infosys Ltd.,2018-08-02,0.0,2,0,2,0,INFY
Infosys Ltd.,2018-08-16,-1.0,2,0,0,2,INFY
Infosys Ltd.,2018-09-18,-1.0,1,0,0,1,INFY
Infosys Ltd.,2018-10-06,0.0,1,0,1,0,INFY
Infosys Ltd.,2018-11-20,0.0,2,0,2,0,INFY
Infosys Ltd.,2018-11-23,0.0,1,0,1,0,INFY
Infosys Ltd.,2018-12-07,0.0,2,0,2,0,INFY
Infosys Ltd.,2019-01-10,1.0,2,2,0,0,INFY
Infosys Ltd.,2019-08-01,0.0,2,0,2,0,INFY
Infosys Ltd.,2019-10-21,0.0,2,0,2,0,INFY
Infosys Ltd.,2019-10-22,-1.0,4,0,0,4,INFY
Infosys Ltd.,2019-10-24,1.0,2,2,0,0,INFY
Infosys Ltd.,2020-01-13,-1.0,2,0,0,2,INFY
Infosys Ltd.,2020-01-14,0.0,1,0,1,0,INFY
Infosys Ltd.,2020-03-25,1.0,2,2,0,0,INFY
Infosys Ltd.,2020-03-28,0.0,1,0,1,0,INFY
Infosys Ltd.,2020-06-29,0.0,1,0,1,0,INFY
Infosys Ltd.,2020-07-14,1.0,4,4,0,0,INFY
Infosys Ltd.,2020-09-12,0.0,2,0,2,0,INFY
Infosys Ltd.,2021-05-04,1.0,1,1,0,0,INFY
Infosys Ltd.,2022-03-27,0.0,1,0,1,0,INFY
Infosys Ltd.,2022-04-01,-1.0,1,0,0,1,INFY
Infosys Ltd.,2022-04-10,0.0,1,0,1,0,INFY
Infosys Ltd.,2022-04-13,-1.0,1,0,0,1,INFY
Infosys Ltd.,2022-04-14,0.0,1,0,1,0,INFY
Infosys Ltd.,2022-04-21,-1.0,1,0,0,1,INFY
Infosys Ltd.,2022-11-03,0.0,1,0,1,0,INFY
Infosys Ltd.,2022-11-06,0.0,1,0,1,0,INFY
Infosys Ltd.,2022-11-14,0.0,1,0,1,0,INFY
Infosys Ltd.,2023-02-15,-1.0,2,0,0,2,INFY
Infosys Ltd.,2023-02-27,0.0,1,0,1,0,INFY
Infosys Ltd.,2023-04-13,0.0,2,0,2,0,INFY
Infosys Ltd.,2023-06-15,0.0,2,0,2,0,INFY
Infosys Ltd.,2023-06-30,0.0,2,0,2,0,INFY
Infosys Ltd.,2023-07-13,0.0,2,0,2,0,INFY
Infosys Ltd.,2023-07-20,0.0,2,0,2,0,INFY
Infosys Ltd.,2023-08-05,0.0,1,0,1,0,INFY
Infosys Ltd.,2023-08-23,0.0,2,0,2,0,INFY
Infosys Ltd.,2023-09-06,0.0,2,0,2,0,INFY
Infosys Ltd.,2023-09-08,1.0,2,2,0,0,INFY
Infosys Ltd.,2023-09-21,-1.0,2,0,0,2,INFY
Infosys Ltd.,2023-09-22,0.0,2,0,2,0,INFY
Infosys Ltd.,2023-09-25,0.0,6,0,6,0,INFY
Infosys Ltd.,2023-09-28,0.0,2,0,2,0,INFY
Infosys Ltd.,2023-09-29,0.0,4,0,4,0,INFY
Infosys Ltd.,2023-10-10,-1.0,2,0,0,2,INFY
Infosys Ltd.,2023-10-12,0.0,10,0,10,0,INFY
Infosys Ltd.,2023-10-13,0.0,12,0,12,0,INFY
Infosys Ltd.,2023-10-16,0.0,2,0,2,0,INFY
Infosys Ltd.,2023-10-31,1.0,2,2,0,0,INFY
Infosys Ltd.,2023-11-01,1.0,4,4,0,0,INFY
Infosys Ltd.,2023-11-02,1.0,2,2,0,0,INFY
Infosys Ltd.,2023-11-03,0.0,2,0,2,0,INFY
Infosys Ltd.,2023-11-06,0.0,2,0,2,0,INFY
Infosys Ltd.,2023-11-12,0.0,2,0,2,0,INFY
Infosys Ltd.,2023-11-20,1.0,2,2,0,0,INFY
Infosys Ltd.,2024-01-02,1.0,2,2,0,0,INFY
Infosys Ltd.,2024-01-07,0.0,2,0,2,0,INFY
Infosys Ltd.,2024-01-08,0.0,2,0,2,0,INFY
Infosys Ltd.,2024-01-10,1.0,2,2,0,0,INFY
Infosys Ltd.,2024-01-11,1.0,2,2,0,0,INFY
Infosys Ltd.,2024-01-17,1.0,2,2,0,0,INFY
Infosys Ltd.,2024-02-06,0.0,2,0,2,0,INFY
Infosys Ltd.,2024-02-17,0.0,2,0,2,0,INFY
Infosys Ltd.,2024-03-01,-1.0,2,0,0,2,INFY
Infosys Ltd.,2024-03-19,0.0,2,0,2,0,INFY
Infosys Ltd.,2024-03-27,0.0,2,0,2,0,INFY
Infosys Ltd.,2024-03-29,0.0,2,0,2,0,INFY
Infosys Ltd.,2024-04-01,0.0,1,0,1,0,INFY
Infosys Ltd.,2024-04-10,-1.0,2,0,0,2,INFY
Infosys Ltd.,2024-04-18,1.0,6,6,0,0,INFY
Infosys Ltd.,2024-04-19,0.0,6,0,6,0,INFY
Infosys Ltd.,2024-04-22,0.0,2,0,2,0,INFY
Infosys Ltd.,2024-04-24,0.0,2,0,2,0,INFY
Infosys Ltd.,2024-05-05,0.0,2,0,2,0,INFY
Infosys Ltd.,2024-05-07,0.0,2,0,2,0,INFY
Infosys Ltd.,2024-05-15,0.0,2,0,2,0,INFY
Infosys Ltd.,2024-05-21,1.0,2,2,0,0,INFY
Infosys Ltd.,2024-05-26,0.0,1,0,1,0,INFY
Infosys Ltd.,2024-06-17,0.0,4,0,4,0,INFY
Infosys Ltd.,2024-06-21,0.0,2,0,2,0,INFY
Infosys Ltd.,2024-06-27,1.0,2,2,0,0,INFY
Infosys Ltd.,2024-07-02,1.0,2,2,0,0,INFY
Infosys Ltd.,2024-07-09,0.0,2,0,2,0,INFY
Infosys Ltd.,2024-07-12,1.0,2,2,0,0,INFY
Infosys Ltd.,2024-07-15,1.0,2,2,0,0,INFY
Infosys Ltd.,2024-07-18,0.0,2,0,2,0,INFY
Infosys Ltd.,2024-07-19,1.0,6,6,0,0,INFY
Infosys Ltd.,2024-08-01,-1.0,2,0,0,2,INFY
Infosys Ltd.,2024-09-03,0.0,2,0,2,0,INFY
Infosys Ltd.,2024-09-05,0.0,1,0,1,0,INFY
Infosys Ltd.,2024-09-06,0.0,2,0,2,0,INFY
Infosys Ltd.,2024-09-11,0.0,4,0,4,0,INFY
Infosys Ltd.,2024-10-17,-1.0,2,0,0,2,INFY
Infosys Ltd.,2024-10-18,0.0,2,0,2,0,INFY
Infosys Ltd.,2024-10-25,-1.0,13,0,0,13,INFY
Infosys Ltd.,2024-10-26,-1.0,3,0,0,3,INFY
Infosys Ltd.,2024-10-27,-1.0,1,0,0,1,INFY
Infosys Ltd.,2024-10-28,-1.0,8,0,0,8,INFY
Infosys Ltd.,2024-10-29,-1.0,2,0,0,2,INFY
Infosys Ltd.,2024-10-30,0.0,4,0,4,0,INFY
Infosys Ltd.,2024-10-31,0.0,6,0,6,0,INFY
Infosys Ltd.,2024-11-02,0.0,1,0,1,0,INFY
Infosys Ltd.,2024-11-03,0.0,1,0,1,0,INFY
Infosys Ltd.,2024-11-04,1.0,4,4,0,0,INFY
Infosys Ltd.,2024-11-05,-1.0,2,0,0,2,INFY
Infosys Ltd.,2024-11-06,1.0,6,6,0,0,INFY
Infosys Ltd.,2024-11-07,1.0,7,7,0,0,INFY
Infosys Ltd.,2024-11-08,0.0,5,0,5,0,INFY
Infosys Ltd.,2024-11-10,0.0,2,0,2,0,INFY
Infosys Ltd.,2024-11-11,0.0,1,0,1,0,INFY
Infosys Ltd.,2024-11-12,0.0,4,0,4,0,INFY
Infosys Ltd.,2024-11-13,-1.0,4,0,0,4,INFY
Infosys Ltd.,2024-11-14,0.0,3,0,3,0,INFY
Infosys Ltd.,2024-11-15,0.0,1,0,1,0,INFY
Infosys Ltd.,2024-11-17,0.0,1,0,1,0,INFY
Infosys Ltd.,2024-11-18,0.0,10,0,10,0,INFY
Infosys Ltd.,2024-11-19,1.0,2,2,0,0,INFY
Infosys Ltd.,2024-11-20,1.0,1,1,0,0,INFY
Infosys Ltd.,2024-11-21,0.0,6,0,6,0,INFY
Infosys Ltd.,2024-11-22,0.0,1,0,1,0,INFY
Infosys Ltd.,2024-11-23,0.0,2,0,2,0,INFY
Infosys Ltd.,2024-12-05,0.0,2,0,2,0,INFY
Infosys Ltd.,2025-01-02,0.0,2,0,2,0,INFY
Infosys Ltd.,2025-01-03,0.0,2,0,2,0,INFY
JSW Steel Ltd.,2016-09-02,0.0,2,0,2,0,JSWSTEEL
JSW Steel Ltd.,2017-03-07,0.0,2,0,2,0,JSWSTEEL
JSW Steel Ltd.,2017-11-12,0.0,1,0,1,0,JSWSTEEL
JSW Steel Ltd.,2018-06-23,0.0,1,0,1,0,JSWSTEEL
JSW Steel Ltd.,2018-08-16,1.0,2,2,0,0,JSWSTEEL
JSW Steel Ltd.,2019-01-10,-1.0,2,0,0,2,JSWSTEEL
JSW Steel Ltd.,2022-04-24,0.0,1,0,1,0,JSWSTEEL
JSW Steel Ltd.,2023-06-21,0.0,2,0,2,0,JSWSTEEL
JSW Steel Ltd.,2023-06-28,1.0,2,2,0,0,JSWSTEEL
JSW Steel Ltd.,2023-07-03,0.0,2,0,2,0,JSWSTEEL
JSW Steel Ltd.,2023-08-10,-1.0,2,0,0,2,JSWSTEEL
JSW Steel Ltd.,2023-09-14,0.0,2,0,2,0,JSWSTEEL
JSW Steel Ltd.,2023-09-18,-1.0,2,0,0,2,JSWSTEEL
JSW Steel Ltd.,2023-09-20,0.0,2,0,2,0,JSWSTEEL
JSW Steel Ltd.,2023-09-25,0.0,2,0,2,0,JSWSTEEL
JSW Steel Ltd.,2023-10-03,0.0,2,0,2,0,JSWSTEEL
JSW Steel Ltd.,2023-10-11,0.0,2,0,2,0,JSWSTEEL
JSW Steel Ltd.,2023-10-12,1.0,2,2,0,0,JSWSTEEL
JSW Steel Ltd.,2023-10-22,0.0,2,0,2,0,JSWSTEEL
JSW Steel Ltd.,2023-11-16,0.0,4,0,4,0,JSWSTEEL
JSW Steel Ltd.,2023-11-24,1.0,2,2,0,0,JSWSTEEL
JSW Steel Ltd.,2024-07-22,-1.0,4,0,0,4,JSWSTEEL
JSW Steel Ltd.,2024-10-03,-1.0,4,0,0,4,JSWSTEEL
JSW Steel Ltd.,2024-10-09,0.0,2,0,2,0,JSWSTEEL
JSW Steel Ltd.,2024-10-10,0.0,2,0,2,0,JSWSTEEL
JSW Steel Ltd.,2024-10-25,0.0,9,0,9,0,JSWSTEEL
JSW Steel Ltd.,2024-10-26,0.0,2,0,2,0,JSWSTEEL
JSW Steel Ltd.,2024-10-27,0.0,2,0,2,0,JSWSTEEL
JSW Steel Ltd.,2024-10-28,0.0,7,0,7,0,JSWSTEEL
JSW Steel Ltd.,2024-10-29,0.0,9,0,9,0,JSWSTEEL
JSW Steel Ltd.,2024-10-30,0.0,7,0,7,0,JSWSTEEL
JSW Steel Ltd.,2024-10-31,-1.0,3,0,0,3,JSWSTEEL
JSW Steel Ltd.,2024-11-01,1.0,3,3,0,0,JSWSTEEL
JSW Steel Ltd.,2024-11-02,1.0,1,1,0,0,JSWSTEEL
JSW Steel Ltd.,2024-11-04,0.0,5,0,5,0,JSWSTEEL
JSW Steel Ltd.,2024-11-05,-1.0,9,0,0,9,JSWSTEEL
JSW Steel Ltd.,2024-11-06,0.0,4,0,4,0,JSWSTEEL
JSW Steel Ltd.,2024-11-07,-1.0,3,0,0,3,JSWSTEEL
JSW Steel Ltd.,2024-11-08,-1.0,1,0,0,1,JSWSTEEL
JSW Steel Ltd.,2024-11-09,-1.0,2,0,0,2,JSWSTEEL
JSW Steel Ltd.,2024-11-11,-1.0,3,0,0,3,JSWSTEEL
JSW Steel Ltd.,2024-11-12,0.0,3,0,3,0,JSWSTEEL
JSW Steel Ltd.,2024-11-13,1.0,4,4,0,0,JSWSTEEL
JSW Steel Ltd.,2024-11-14,0.0,3,0,3,0,JSWSTEEL
JSW Steel Ltd.,2024-11-15,0.0,2,0,2,0,JSWSTEEL
JSW Steel Ltd.,2024-11-16,0.0,1,0,1,0,JSWSTEEL
JSW Steel Ltd.,2024-11-17,0.0,1,0,1,0,JSWSTEEL
JSW Steel Ltd.,2024-11-19,1.0,2,2,0,0,JSWSTEEL
JSW Steel Ltd.,2024-11-20,1.0,3,3,0,0,JSWSTEEL
JSW Steel Ltd.,2024-11-21,0.0,5,0,5,0,JSWSTEEL
JSW Steel Ltd.,2024-11-22,0.0,6,0,6,0,JSWSTEEL
Kotak Mahindra Bank Ltd.,2017-01-02,-1.0,2,0,0,2,KOTAKBANK
Kotak Mahindra Bank Ltd.,2018-04-03,1.0,2,2,0,0,KOTAKBANK
Kotak Mahindra Bank Ltd.,2018-08-28,0.0,2,0,2,0,KOTAKBANK
Kotak Mahindra Bank Ltd.,2018-09-28,-1.0,2,0,0,2,KOTAKBANK
Kotak Mahindra Bank Ltd.,2022-07-14,1.0,2,2,0,0,KOTAKBANK
Kotak Mahindra Bank Ltd.,2023-01-23,0.0,2,0,2,0,KOTAKBANK
Kotak Mahindra Bank Ltd.,2023-06-15,-1.0,2,0,0,2,KOTAKBANK
Kotak Mahindra Bank Ltd.,2023-08-31,0.0,2,0,2,0,KOTAKBANK
Kotak Mahindra Bank Ltd.,2023-09-04,0.0,2,0,2,0,KOTAKBANK
Kotak Mahindra Bank Ltd.,2023-09-13,0.0,2,0,2,0,KOTAKBANK
Kotak Mahindra Bank Ltd.,2023-09-20,0.0,2,0,2,0,KOTAKBANK
Kotak Mahindra Bank Ltd.,2023-09-21,1.0,4,4,0,0,KOTAKBANK
Kotak Mahindra Bank Ltd.,2023-09-25,0.0,4,0,4,0,KOTAKBANK
Kotak Mahindra Bank Ltd.,2023-09-29,0.0,4,0,4,0,KOTAKBANK
Kotak Mahindra Bank Ltd.,2023-10-02,0.0,2,0,2,0,KOTAKBANK
Kotak Mahindra Bank Ltd.,2023-10-05,-1.0,2,0,0,2,KOTAKBANK
Kotak Mahindra Bank Ltd.,2023-10-06,1.0,2,2,0,0,KOTAKBANK
Kotak Mahindra Bank Ltd.,2023-10-09,0.0,2,0,2,0,KOTAKBANK
Kotak Mahindra Bank Ltd.,2023-10-10,0.0,2,0,2,0,KOTAKBANK
Kotak Mahindra Bank Ltd.,2023-10-12,0.0,2,0,2,0,KOTAKBANK
Kotak Mahindra Bank Ltd.,2023-10-14,0.0,2,0,2,0,KOTAKBANK
Kotak Mahindra Bank Ltd.,2023-10-17,0.0,2,0,2,0,KOTAKBANK
Kotak Mahindra Bank Ltd.,2023-10-18,1.0,4,4,0,0,KOTAKBANK
Kotak Mahindra Bank Ltd.,2023-10-20,0.0,4,0,4,0,KOTAKBANK
Kotak Mahindra Bank Ltd.,2023-10-22,0.0,16,0,16,0,KOTAKBANK
Kotak Mahindra Bank Ltd.,2023-10-23,-1.0,26,0,0,26,KOTAKBANK
Kotak Mahindra Bank Ltd.,2023-10-24,0.0,4,0,4,0,KOTAKBANK
Kotak Mahindra Bank Ltd.,2023-10-25,0.0,6,0,6,0,KOTAKBANK
Kotak Mahindra Bank Ltd.,2023-10-26,0.0,4,0,4,0,KOTAKBANK
Kotak Mahindra Bank Ltd.,2023-10-31,0.0,2,0,2,0,KOTAKBANK
Kotak Mahindra Bank Ltd.,2023-11-01,0.0,6,0,6,0,KOTAKBANK
Kotak Mahindra Bank Ltd.,2023-11-02,0.0,8,0,8,0,KOTAKBANK
Kotak Mahindra Bank Ltd.,2023-11-04,0.0,2,0,2,0,KOTAKBANK
Kotak Mahindra Bank Ltd.,2023-11-07,0.0,2,0,2,0,KOTAKBANK
Kotak Mahindra Bank Ltd.,2023-11-08,0.0,2,0,2,0,KOTAKBANK
Kotak Mahindra Bank Ltd.,2023-11-09,0.0,2,0,2,0,KOTAKBANK
Kotak Mahindra Bank Ltd.,2023-11-10,1.0,4,4,0,0,KOTAKBANK
Kotak Mahindra Bank Ltd.,2023-11-16,0.0,2,0,2,0,KOTAKBANK
Kotak Mahindra Bank Ltd.,2023-11-17,0.0,2,0,2,0,KOTAKBANK
Kotak Mahindra Bank Ltd.,2023-11-20,-1.0,4,0,0,4,KOTAKBANK
Kotak Mahindra Bank Ltd.,2023-11-22,0.0,2,0,2,0,KOTAKBANK
Kotak Mahindra Bank Ltd.,2023-11-23,0.0,4,0,4,0,KOTAKBANK
Kotak Mahindra Bank Ltd.,2024-03-25,0.0,1,0,1,0,KOTAKBANK
Kotak Mahindra Bank Ltd.,2024-04-29,-1.0,2,0,0,2,KOTAKBANK
Kotak Mahindra Bank Ltd.,2024-05-03,1.0,2,2,0,0,KOTAKBANK
Kotak Mahindra Bank Ltd.,2024-05-06,0.0,2,0,2,0,KOTAKBANK
Kotak Mahindra Bank Ltd.,2024-07-02,1.0,2,2,0,0,KOTAKBANK
Kotak Mahindra Bank Ltd.,2024-07-09,0.0,4,0,4,0,KOTAKBANK
Kotak Mahindra Bank Ltd.,2024-07-22,-1.0,4,0,0,4,KOTAKBANK
Kotak Mahindra Bank Ltd.,2024-08-28,0.0,2,0,2,0,KOTAKBANK
Kotak Mahindra Bank Ltd.,2024-10-25,0.0,10,0,10,0,KOTAKBANK
Kotak Mahindra Bank Ltd.,2024-10-26,0.0,2,0,2,0,KOTAKBANK
Kotak Mahindra Bank Ltd.,2024-10-27,0.0,1,0,1,0,KOTAKBANK
Kotak Mahindra Bank Ltd.,2024-10-28,-1.0,10,0,0,10,KOTAKBANK
Kotak Mahindra Bank Ltd.,2024-10-29,0.0,5,0,5,0,KOTAKBANK
Kotak Mahindra Bank Ltd.,2024-10-30,0.0,3,0,3,0,KOTAKBANK
Kotak Mahindra Bank Ltd.,2024-10-31,0.0,5,0,5,0,KOTAKBANK
Kotak Mahindra Bank Ltd.,2024-11-01,1.0,1,1,0,0,KOTAKBANK
Kotak Mahindra Bank Ltd.,2024-11-04,0.0,4,0,4,0,KOTAKBANK
Kotak Mahindra Bank Ltd.,2024-11-05,0.0,4,0,4,0,KOTAKBANK
Kotak Mahindra Bank Ltd.,2024-11-06,0.0,5,0,5,0,KOTAKBANK
Kotak Mahindra Bank Ltd.,2024-11-07,0.0,7,0,7,0,KOTAKBANK
Kotak Mahindra Bank Ltd.,2024-11-08,-1.0,7,0,0,7,KOTAKBANK
Kotak Mahindra Bank Ltd.,2024-11-11,-1.0,5,0,0,5,KOTAKBANK
Kotak Mahindra Bank Ltd.,2024-11-12,1.0,1,1,0,0,KOTAKBANK
Kotak Mahindra Bank Ltd.,2024-11-13,0.0,4,0,4,0,KOTAKBANK
Kotak Mahindra Bank Ltd.,2024-11-14,0.0,5,0,5,0,KOTAKBANK
Kotak Mahindra Bank Ltd.,2024-11-16,0.0,3,0,3,0,KOTAKBANK
Kotak Mahindra Bank Ltd.,2024-11-19,1.0,6,6,0,0,KOTAKBANK
Kotak Mahindra Bank Ltd.,2024-11-20,1.0,4,4,0,0,KOTAKBANK
Kotak Mahindra Bank Ltd.,2024-11-21,0.0,5,0,5,0,KOTAKBANK
Kotak Mahindra Bank Ltd.,2024-11-22,0.0,2,0,2,0,KOTAKBANK
Kotak Mahindra Bank Ltd.,2024-11-23,0.0,1,0,1,0,KOTAKBANK
Kotak Mahindra Bank Ltd.,2025-01-02,-1.0,4,0,0,4,KOTAKBANK
Larsen & Toubro Ltd.,2008-08-10,0.0,1,0,1,0,LT
Larsen & Toubro Ltd.,2009-09-09,1.0,1,1,0,0,LT
Larsen & Toubro Ltd.,2010-02-24,1.0,1,1,0,0,LT
Larsen & Toubro Ltd.,2010-11-28,0.0,1,0,1,0,LT
Larsen & Toubro Ltd.,2011-02-09,1.0,1,1,0,0,LT
Larsen & Toubro Ltd.,2011-02-13,0.0,1,0,1,0,LT
Larsen & Toubro Ltd.,2011-03-07,0.0,1,0,1,0,LT
Larsen & Toubro Ltd.,2012-01-03,1.0,1,1,0,0,LT
Larsen & Toubro Ltd.,2012-02-15,0.0,1,0,1,0,LT
Larsen & Toubro Ltd.,2012-04-17,0.0,1,0,1,0,LT
Larsen & Toubro Ltd.,2012-06-18,0.0,1,0,1,0,LT
Larsen & Toubro Ltd.,2012-07-27,0.0,1,0,1,0,LT
Larsen & Toubro Ltd.,2013-02-25,1.0,1,1,0,0,LT
Larsen & Toubro Ltd.,2014-06-27,1.0,1,1,0,0,LT
Larsen & Toubro Ltd.,2014-07-13,0.0,1,0,1,0,LT
Larsen & Toubro Ltd.,2014-07-15,0.0,1,0,1,0,LT
Larsen & Toubro Ltd.,2014-09-23,-1.0,1,0,0,1,LT
Larsen & Toubro Ltd.,2014-10-06,0.0,1,0,1,0,LT
Larsen & Toubro Ltd.,2014-11-08,0.0,1,0,1,0,LT
Larsen & Toubro Ltd.,2014-12-31,1.0,1,1,0,0,LT
Larsen & Toubro Ltd.,2015-01-15,1.0,1,1,0,0,LT
Larsen & Toubro Ltd.,2015-01-20,0.0,1,0,1,0,LT
Larsen & Toubro Ltd.,2015-08-07,-1.0,1,0,0,1,LT
Larsen & Toubro Ltd.,2016-03-22,-1.0,1,0,0,1,LT
Larsen & Toubro Ltd.,2016-06-16,1.0,1,1,0,0,LT
Larsen & Toubro Ltd.,2016-07-01,0.0,1,0,1,0,LT
Larsen & Toubro Ltd.,2016-10-03,0.0,2,0,2,0,LT
Larsen & Toubro Ltd.,2016-12-13,0.0,1,0,1,0,LT
Larsen & Toubro Ltd.,2017-01-27,0.0,1,0,1,0,LT
Larsen & Toubro Ltd.,2017-02-23,0.0,1,0,1,0,LT
Larsen & Toubro Ltd.,2017-02-26,0.0,1,0,1,0,LT
Larsen & Toubro Ltd.,2017-03-17,0.0,1,0,1,0,LT
Larsen & Toubro Ltd.,2017-03-25,0.0,1,0,1,0,LT
Larsen & Toubro Ltd.,2017-05-23,1.0,1,1,0,0,LT
Larsen & Toubro Ltd.,2017-07-02,0.0,2,0,2,0,LT
Larsen & Toubro Ltd.,2017-08-17,0.0,2,0,2,0,LT
Larsen & Toubro Ltd.,2017-10-17,0.0,1,0,1,0,LT
Larsen & Toubro Ltd.,2017-10-29,0.0,1,0,1,0,LT
Larsen & Toubro Ltd.,2017-11-10,-1.0,1,0,0,1,LT
Larsen & Toubro Ltd.,2018-04-18,-1.0,1,0,0,1,LT
Larsen & Toubro Ltd.,2018-08-09,0.0,1,0,1,0,LT
Larsen & Toubro Ltd.,2019-01-17,0.0,1,0,1,0,LT
Larsen & Toubro Ltd.,2019-02-20,0.0,1,0,1,0,LT
Larsen & Toubro Ltd.,2019-03-25,0.0,1,0,1,0,LT
Larsen & Toubro Ltd.,2019-04-01,-1.0,1,0,0,1,LT
Larsen & Toubro Ltd.,2019-06-09,0.0,1,0,1,0,LT
Larsen & Toubro Ltd.,2019-06-28,0.0,1,0,1,0,LT
Larsen & Toubro Ltd.,2019-07-30,-1.0,2,0,0,2,LT
Larsen & Toubro Ltd.,2019-10-10,0.0,1,0,1,0,LT
Larsen & Toubro Ltd.,2019-11-11,0.0,1,0,1,0,LT
Larsen & Toubro Ltd.,2019-11-14,0.0,1,0,1,0,LT
Larsen & Toubro Ltd.,2020-01-09,0.0,1,0,1,0,LT
Larsen & Toubro Ltd.,2020-01-10,0.0,1,0,1,0,LT
Larsen & Toubro Ltd.,2020-01-16,0.0,1,0,1,0,LT
Larsen & Toubro Ltd.,2020-03-23,1.0,1,1,0,0,LT
Larsen & Toubro Ltd.,2020-03-30,-1.0,1,0,0,1,LT
Larsen & Toubro Ltd.,2020-04-17,-1.0,1,0,0,1,LT
Larsen & Toubro Ltd.,2020-04-27,1.0,1,1,0,0,LT
Larsen & Toubro Ltd.,2020-06-23,-1.0,2,0,0,2,LT
Larsen & Toubro Ltd.,2020-06-26,0.0,1,0,1,0,LT
Larsen & Toubro Ltd.,2020-06-29,-1.0,1,0,0,1,LT
Larsen & Toubro Ltd.,2020-07-25,0.0,1,0,1,0,LT
Larsen & Toubro Ltd.,2020-07-30,0.0,1,0,1,0,LT
Larsen & Toubro Ltd.,2020-08-07,0.0,1,0,1,0,LT
Larsen & Toubro Ltd.,2020-09-18,-1.0,1,0,0,1,LT
Larsen & Toubro Ltd.,2020-09-19,0.0,2,0,2,0,LT
Larsen & Toubro Ltd.,2020-10-30,1.0,1,1,0,0,LT
Larsen & Toubro Ltd.,2020-11-01,0.0,1,0,1,0,LT
Larsen & Toubro Ltd.,2020-12-15,0.0,1,0,1,0,LT
Larsen & Toubro Ltd.,2021-01-15,1.0,1,1,0,0,LT
Larsen & Toubro Ltd.,2021-01-19,0.0,1,0,1,0,LT
Larsen & Toubro Ltd.,2021-04-08,-1.0,1,0,0,1,LT
Larsen & Toubro Ltd.,2021-04-10,0.0,1,0,1,0,LT
Larsen & Toubro Ltd.,2021-04-11,0.0,1,0,1,0,LT
Larsen & Toubro Ltd.,2021-04-23,1.0,1,1,0,0,LT
Larsen & Toubro Ltd.,2021-05-10,0.0,1,0,1,0,LT
Larsen & Toubro Ltd.,2021-05-21,0.0,1,0,1,0,LT
Larsen & Toubro Ltd.,2021-09-16,0.0,1,0,1,0,LT
Larsen & Toubro Ltd.,2021-09-25,0.0,1,0,1,0,LT
Larsen & Toubro Ltd.,2021-10-29,1.0,1,1,0,0,LT
Larsen & Toubro Ltd.,2022-01-01,0.0,1,0,1,0,LT
Larsen & Toubro Ltd.,2022-01-02,0.0,1,0,1,0,LT
Larsen & Toubro Ltd.,2022-01-09,0.0,1,0,1,0,LT
Larsen & Toubro Ltd.,2022-01-25,0.0,1,0,1,0,LT
Larsen & Toubro Ltd.,2022-01-29,0.0,1,0,1,0,LT
Larsen & Toubro Ltd.,2022-02-10,-1.0,1,0,0,1,LT
Larsen & Toubro Ltd.,2022-02-11,1.0,1,1,0,0,LT
Larsen & Toubro Ltd.,2022-02-25,-1.0,2,0,0,2,LT
Larsen & Toubro Ltd.,2022-02-28,-1.0,1,0,0,1,LT
Larsen & Toubro Ltd.,2022-03-03,-1.0,1,0,0,1,LT
Larsen & Toubro Ltd.,2022-03-21,0.0,1,0,1,0,LT
Larsen & Toubro Ltd.,2022-03-25,0.0,1,0,1,0,LT
Larsen & Toubro Ltd.,2022-03-28,1.0,2,2,0,0,LT
Larsen & Toubro Ltd.,2022-04-01,0.0,1,0,1,0,LT
Larsen & Toubro Ltd.,2022-04-07,-1.0,1,0,0,1,LT
Larsen & Toubro Ltd.,2022-04-12,-1.0,1,0,0,1,LT
Larsen & Toubro Ltd.,2022-04-23,0.0,1,0,1,0,LT
Larsen & Toubro Ltd.,2022-05-01,0.0,1,0,1,0,LT
Larsen & Toubro Ltd.,2022-05-03,0.0,1,0,1,0,LT
Larsen & Toubro Ltd.,2022-05-19,1.0,1,1,0,0,LT
Larsen & Toubro Ltd.,2022-05-20,-1.0,1,0,0,1,LT
Larsen & Toubro Ltd.,2022-05-27,0.0,1,0,1,0,LT
Larsen & Toubro Ltd.,2022-06-04,0.0,1,0,1,0,LT
Larsen & Toubro Ltd.,2022-06-24,1.0,1,1,0,0,LT
Larsen & Toubro Ltd.,2022-07-08,0.0,2,0,2,0,LT
Larsen & Toubro Ltd.,2022-07-12,0.0,1,0,1,0,LT
Larsen & Toubro Ltd.,2022-08-19,0.0,3,0,3,0,LT
Larsen & Toubro Ltd.,2022-09-24,0.0,1,0,1,0,LT
Larsen & Toubro Ltd.,2022-11-06,0.0,1,0,1,0,LT
Larsen & Toubro Ltd.,2022-11-18,0.0,1,0,1,0,LT
Larsen & Toubro Ltd.,2022-11-24,0.0,1,0,1,0,LT
Larsen & Toubro Ltd.,2022-12-31,0.0,1,0,1,0,LT
Larsen & Toubro Ltd.,2023-01-22,0.0,1,0,1,0,LT
Larsen & Toubro Ltd.,2023-04-09,0.0,1,0,1,0,LT
Larsen & Toubro Ltd.,2023-04-20,0.0,1,0,1,0,LT
Larsen & Toubro Ltd.,2023-05-03,0.0,1,0,1,0,LT
Larsen & Toubro Ltd.,2023-05-31,1.0,1,1,0,0,LT
Larsen & Toubro Ltd.,2023-06-10,0.0,1,0,1,0,LT
Larsen & Toubro Ltd.,2023-06-15,0.0,1,0,1,0,LT
Larsen & Toubro Ltd.,2023-06-19,0.0,2,0,2,0,LT
Larsen & Toubro Ltd.,2023-06-20,0.0,1,0,1,0,LT
Larsen & Toubro Ltd.,2023-06-21,-1.0,2,0,0,2,LT
Larsen & Toubro Ltd.,2023-06-30,0.0,1,0,1,0,LT
Larsen & Toubro Ltd.,2023-07-03,0.0,1,0,1,0,LT
Larsen & Toubro Ltd.,2023-07-08,0.0,1,0,1,0,LT
Larsen & Toubro Ltd.,2023-07-11,0.0,1,0,1,0,LT
Larsen & Toubro Ltd.,2023-07-13,0.0,1,0,1,0,LT
Larsen & Toubro Ltd.,2023-07-14,0.0,2,0,2,0,LT
Larsen & Toubro Ltd.,2023-07-16,0.0,1,0,1,0,LT
Larsen & Toubro Ltd.,2023-07-26,0.0,5,0,5,0,LT
Larsen & Toubro Ltd.,2023-07-28,0.0,1,0,1,0,LT
Larsen & Toubro Ltd.,2023-07-31,-1.0,1,0,0,1,LT
Larsen & Toubro Ltd.,2023-08-02,1.0,1,1,0,0,LT
Larsen & Toubro Ltd.,2023-08-05,0.0,1,0,1,0,LT
Larsen & Toubro Ltd.,2023-08-20,0.0,1,0,1,0,LT
Larsen & Toubro Ltd.,2023-08-24,1.0,1,1,0,0,LT
Larsen & Toubro Ltd.,2023-08-25,0.0,2,0,2,0,LT
Larsen & Toubro Ltd.,2023-08-28,0.0,2,0,2,0,LT
Larsen & Toubro Ltd.,2023-09-05,1.0,1,1,0,0,LT
Larsen & Toubro Ltd.,2023-09-06,1.0,2,2,0,0,LT
Larsen & Toubro Ltd.,2023-09-12,0.0,2,0,2,0,LT
Larsen & Toubro Ltd.,2023-09-17,0.0,2,0,2,0,LT
Larsen & Toubro Ltd.,2023-09-21,0.0,2,0,2,0,LT
Larsen & Toubro Ltd.,2023-09-23,0.0,1,0,1,0,LT
Larsen & Toubro Ltd.,2023-09-29,-1.0,1,0,0,1,LT
Larsen & Toubro Ltd.,2023-10-03,1.0,2,2,0,0,LT
Larsen & Toubro Ltd.,2023-10-04,0.0,4,0,4,0,LT
Larsen & Toubro Ltd.,2023-10-05,0.0,4,0,4,0,LT
Larsen & Toubro Ltd.,2023-10-11,0.0,6,0,6,0,LT
Larsen & Toubro Ltd.,2023-10-12,0.0,1,0,1,0,LT
Larsen & Toubro Ltd.,2023-10-26,0.0,1,0,1,0,LT
Larsen & Toubro Ltd.,2023-10-29,0.0,3,0,3,0,LT
Larsen & Toubro Ltd.,2023-10-30,-1.0,2,0,0,2,LT
Larsen & Toubro Ltd.,2023-11-01,0.0,8,0,8,0,LT
Larsen & Toubro Ltd.,2023-11-03,0.0,2,0,2,0,LT
Larsen & Toubro Ltd.,2023-11-08,0.0,3,0,3,0,LT
Larsen & Toubro Ltd.,2023-11-09,0.0,2,0,2,0,LT
Larsen & Toubro Ltd.,2023-11-18,0.0,2,0,2,0,LT
Larsen & Toubro Ltd.,2023-11-20,0.0,2,0,2,0,LT
Larsen & Toubro Ltd.,2023-12-04,1.0,1,1,0,0,LT
Larsen & Toubro Ltd.,2023-12-07,0.0,1,0,1,0,LT
Larsen & Toubro Ltd.,2023-12-19,0.0,1,0,1,0,LT
Larsen & Toubro Ltd.,2024-01-03,1.0,1,1,0,0,LT
Larsen & Toubro Ltd.,2024-01-06,0.0,1,0,1,0,LT
Larsen & Toubro Ltd.,2024-01-09,-1.0,1,0,0,1,LT
Larsen & Toubro Ltd.,2024-01-18,-1.0,1,0,0,1,LT
Larsen & Toubro Ltd.,2024-01-19,1.0,1,1,0,0,LT
Larsen & Toubro Ltd.,2024-01-30,-1.0,2,0,0,2,LT
Larsen & Toubro Ltd.,2024-02-06,-1.0,1,0,0,1,LT
Larsen & Toubro Ltd.,2024-02-27,0.0,1,0,1,0,LT
Larsen & Toubro Ltd.,2024-03-01,0.0,1,0,1,0,LT
Larsen & Toubro Ltd.,2024-04-02,0.0,1,0,1,0,LT
Larsen & Toubro Ltd.,2024-04-04,1.0,1,1,0,0,LT
Larsen & Toubro Ltd.,2024-04-05,0.0,1,0,1,0,LT
Larsen & Toubro Ltd.,2024-04-06,0.0,1,0,1,0,LT
Larsen & Toubro Ltd.,2024-04-18,1.0,2,2,0,0,LT
Larsen & Toubro Ltd.,2024-04-24,-1.0,1,0,0,1,LT
Larsen & Toubro Ltd.,2024-05-18,0.0,2,0,2,0,LT
Larsen & Toubro Ltd.,2024-05-19,0.0,1,0,1,0,LT
Larsen & Toubro Ltd.,2024-05-23,0.0,1,0,1,0,LT
Larsen & Toubro Ltd.,2024-05-24,0.0,1,0,1,0,LT
Larsen & Toubro Ltd.,2024-06-03,0.0,1,0,1,0,LT
Larsen & Toubro Ltd.,2024-06-05,1.0,3,3,0,0,LT
Larsen & Toubro Ltd.,2024-06-10,0.0,3,0,3,0,LT
Larsen & Toubro Ltd.,2024-06-13,0.0,1,0,1,0,LT
Larsen & Toubro Ltd.,2024-06-16,0.0,1,0,1,0,LT
Larsen & Toubro Ltd.,2024-06-20,0.0,2,0,2,0,LT
Larsen & Toubro Ltd.,2024-06-21,1.0,2,2,0,0,LT
Larsen & Toubro Ltd.,2024-06-23,0.0,1,0,1,0,LT
Larsen & Toubro Ltd.,2024-06-30,0.0,1,0,1,0,LT
Larsen & Toubro Ltd.,2024-07-01,0.0,2,0,2,0,LT
Larsen & Toubro Ltd.,2024-07-02,-1.0,2,0,0,2,LT
Larsen & Toubro Ltd.,2024-07-03,1.0,2,2,0,0,LT
Larsen & Toubro Ltd.,2024-07-05,0.0,1,0,1,0,LT
Larsen & Toubro Ltd.,2024-07-06,0.0,1,0,1,0,LT
Larsen & Toubro Ltd.,2024-07-10,0.0,2,0,2,0,LT
Larsen & Toubro Ltd.,2024-07-13,0.0,1,0,1,0,LT
Larsen & Toubro Ltd.,2024-07-18,0.0,2,0,2,0,LT
Larsen & Toubro Ltd.,2024-07-23,1.0,2,2,0,0,LT
Larsen & Toubro Ltd.,2024-07-25,1.0,6,6,0,0,LT
Larsen & Toubro Ltd.,2024-08-01,-1.0,1,0,0,1,LT
Larsen & Toubro Ltd.,2024-08-06,-1.0,1,0,0,1,LT
Larsen & Toubro Ltd.,2024-08-12,0.0,1,0,1,0,LT
Larsen & Toubro Ltd.,2024-08-15,0.0,1,0,1,0,LT
Larsen & Toubro Ltd.,2024-08-16,0.0,1,0,1,0,LT
Larsen & Toubro Ltd.,2024-08-19,0.0,1,0,1,0,LT
Larsen & Toubro Ltd.,2024-09-04,-1.0,2,0,0,2,LT
Larsen & Toubro Ltd.,2024-09-07,0.0,1,0,1,0,LT
Larsen & Toubro Ltd.,2024-09-16,0.0,1,0,1,0,LT
Larsen & Toubro Ltd.,2024-09-24,0.0,1,0,1,0,LT
Larsen & Toubro Ltd.,2024-09-26,0.0,2,0,2,0,LT
Larsen & Toubro Ltd.,2024-09-27,0.0,2,0,2,0,LT
Larsen & Toubro Ltd.,2024-10-02,0.0,1,0,1,0,LT
Larsen & Toubro Ltd.,2024-10-03,0.0,2,0,2,0,LT
Larsen & Toubro Ltd.,2024-10-05,0.0,1,0,1,0,LT
Larsen & Toubro Ltd.,2024-10-09,0.0,1,0,1,0,LT
Larsen & Toubro Ltd.,2024-10-14,0.0,2,0,2,0,LT
Larsen & Toubro Ltd.,2024-10-18,-1.0,1,0,0,1,LT
Larsen & Toubro Ltd.,2024-10-19,0.0,1,0,1,0,LT
Larsen & Toubro Ltd.,2024-10-21,-1.0,1,0,0,1,LT
Larsen & Toubro Ltd.,2024-10-22,0.0,1,0,1,0,LT
Larsen & Toubro Ltd.,2024-10-25,1.0,3,3,0,0,LT
Larsen & Toubro Ltd.,2024-10-26,1.0,4,4,0,0,LT
Larsen & Toubro Ltd.,2024-10-27,0.0,1,0,1,0,LT
Larsen & Toubro Ltd.,2024-10-28,0.0,6,0,6,0,LT
Larsen & Toubro Ltd.,2024-10-29,1.0,5,5,0,0,LT
Larsen & Toubro Ltd.,2024-10-30,0.0,4,0,4,0,LT
Larsen & Toubro Ltd.,2024-10-31,-1.0,8,0,0,8,LT
Larsen & Toubro Ltd.,2024-11-01,0.0,7,0,7,0,LT
Larsen & Toubro Ltd.,2024-11-02,0.0,3,0,3,0,LT
Larsen & Toubro Ltd.,2024-11-03,0.0,4,0,4,0,LT
Larsen & Toubro Ltd.,2024-11-04,1.0,4,4,0,0,LT
Larsen & Toubro Ltd.,2024-11-05,0.0,5,0,5,0,LT
Larsen & Toubro Ltd.,2024-11-06,0.0,2,0,2,0,LT
Larsen & Toubro Ltd.,2024-11-07,0.0,3,0,3,0,LT
Larsen & Toubro Ltd.,2024-11-08,-1.0,2,0,0,2,LT
Larsen & Toubro Ltd.,2024-11-09,-0.6666666666666666,3,0,1,2,LT
Larsen & Toubro Ltd.,2024-11-10,-0.3333333333333333,3,0,2,1,LT
Larsen & Toubro Ltd.,2024-11-11,-1.0,5,0,0,5,LT
Larsen & Toubro Ltd.,2024-11-12,0.0,4,0,4,0,LT
Larsen & Toubro Ltd.,2024-11-13,0.0,8,0,8,0,LT
Larsen & Toubro Ltd.,2024-11-14,-1.0,14,0,0,14,LT
Larsen & Toubro Ltd.,2024-11-15,-0.6,5,0,2,3,LT
Larsen & Toubro Ltd.,2024-11-16,-0.4444444444444444,9,0,5,4,LT
Larsen & Toubro Ltd.,2024-11-17,-0.5,4,0,2,2,LT
Larsen & Toubro Ltd.,2024-11-18,0.0,9,0,9,0,LT
Larsen & Toubro Ltd.,2024-11-19,1.0,14,14,0,0,LT
Larsen & Toubro Ltd.,2024-11-20,0.6666666666666666,9,6,3,0,LT
Larsen & Toubro Ltd.,2024-11-21,0.3,10,3,7,0,LT
Larsen & Toubro Ltd.,2024-11-22,-0.2222222222222222,9,0,7,2,LT
Larsen & Toubro Ltd.,2024-11-23,0.0,4,0,4,0,LT
Larsen & Toubro Ltd.,2024-11-24,0.0,3,0,3,0,LT
Mahindra & Mahindra Ltd.,2008-06-07,0.0,1,0,1,0,M&M
Mahindra & Mahindra Ltd.,2009-04-09,1.0,1,1,0,0,M&M
Mahindra & Mahindra Ltd.,2014-08-26,0.0,2,0,2,0,M&M
Mahindra & Mahindra Ltd.,2014-09-11,-1.0,2,0,0,2,M&M
Mahindra & Mahindra Ltd.,2014-12-30,0.0,1,0,1,0,M&M
Mahindra & Mahindra Ltd.,2015-12-14,-1.0,2,0,0,2,M&M
Mahindra & Mahindra Ltd.,2016-02-01,0.0,1,0,1,0,M&M
Mahindra & Mahindra Ltd.,2016-03-07,0.0,2,0,2,0,M&M
Mahindra & Mahindra Ltd.,2016-03-08,0.0,2,0,2,0,M&M
Mahindra & Mahindra Ltd.,2016-05-18,-1.0,2,0,0,2,M&M
Mahindra & Mahindra Ltd.,2016-09-07,-1.0,2,0,0,2,M&M
Mahindra & Mahindra Ltd.,2016-10-25,0.0,2,0,2,0,M&M
Mahindra & Mahindra Ltd.,2017-01-11,0.0,2,0,2,0,M&M
Mahindra & Mahindra Ltd.,2017-05-03,-1.0,1,0,0,1,M&M
Mahindra & Mahindra Ltd.,2017-10-03,0.0,4,0,4,0,M&M
Mahindra & Mahindra Ltd.,2017-10-21,0.0,1,0,1,0,M&M
Mahindra & Mahindra Ltd.,2017-11-20,0.0,3,0,3,0,M&M
Mahindra & Mahindra Ltd.,2017-11-24,0.0,1,0,1,0,M&M
Mahindra & Mahindra Ltd.,2018-03-22,1.0,2,2,0,0,M&M
Mahindra & Mahindra Ltd.,2018-06-19,-1.0,2,0,0,2,M&M
Mahindra & Mahindra Ltd.,2018-08-29,-1.0,2,0,0,2,M&M
Mahindra & Mahindra Ltd.,2018-09-12,0.0,1,0,1,0,M&M
Mahindra & Mahindra Ltd.,2018-09-26,-1.0,2,0,0,2,M&M
Mahindra & Mahindra Ltd.,2018-10-26,0.0,1,0,1,0,M&M
Mahindra & Mahindra Ltd.,2019-03-11,0.0,1,0,1,0,M&M
Mahindra & Mahindra Ltd.,2019-07-22,-1.0,2,0,0,2,M&M
Mahindra & Mahindra Ltd.,2019-07-26,0.0,2,0,2,0,M&M
Mahindra & Mahindra Ltd.,2019-08-04,0.0,2,0,2,0,M&M
Mahindra & Mahindra Ltd.,2019-08-06,1.0,2,2,0,0,M&M
Mahindra & Mahindra Ltd.,2019-08-07,1.0,2,2,0,0,M&M
Mahindra & Mahindra Ltd.,2019-08-13,0.0,2,0,2,0,M&M
Mahindra & Mahindra Ltd.,2019-09-05,0.0,2,0,2,0,M&M
Mahindra & Mahindra Ltd.,2019-10-01,0.0,2,0,2,0,M&M
Mahindra & Mahindra Ltd.,2020-01-23,1.0,2,2,0,0,M&M
Mahindra & Mahindra Ltd.,2020-01-27,0.0,2,0,2,0,M&M
Mahindra & Mahindra Ltd.,2020-02-04,0.0,2,0,2,0,M&M
Mahindra & Mahindra Ltd.,2020-02-27,0.0,2,0,2,0,M&M
Mahindra & Mahindra Ltd.,2020-02-28,1.0,2,2,0,0,M&M
Mahindra & Mahindra Ltd.,2020-03-01,0.0,2,0,2,0,M&M
Mahindra & Mahindra Ltd.,2020-03-09,-1.0,2,0,0,2,M&M
Mahindra & Mahindra Ltd.,2020-03-22,0.0,2,0,2,0,M&M
Mahindra & Mahindra Ltd.,2020-03-27,1.0,1,1,0,0,M&M
Mahindra & Mahindra Ltd.,2020-06-12,0.0,4,0,4,0,M&M
Mahindra & Mahindra Ltd.,2020-09-25,0.0,2,0,2,0,M&M
Mahindra & Mahindra Ltd.,2021-01-02,0.0,1,0,1,0,M&M
Mahindra & Mahindra Ltd.,2023-06-15,0.0,2,0,2,0,M&M
Mahindra & Mahindra Ltd.,2023-06-20,0.0,2,0,2,0,M&M
Mahindra & Mahindra Ltd.,2023-06-30,0.0,4,0,4,0,M&M
Mahindra & Mahindra Ltd.,2023-07-21,1.0,2,2,0,0,M&M
Mahindra & Mahindra Ltd.,2023-07-26,1.0,2,2,0,0,M&M
Mahindra & Mahindra Ltd.,2023-08-25,0.0,2,0,2,0,M&M
Mahindra & Mahindra Ltd.,2023-08-28,1.0,2,2,0,0,M&M
Mahindra & Mahindra Ltd.,2023-09-04,0.0,2,0,2,0,M&M
Mahindra & Mahindra Ltd.,2023-09-11,-1.0,2,0,0,2,M&M
Mahindra & Mahindra Ltd.,2023-09-12,1.0,4,4,0,0,M&M
Mahindra & Mahindra Ltd.,2023-09-14,1.0,2,2,0,0,M&M
Mahindra & Mahindra Ltd.,2023-09-21,-1.0,2,0,0,2,M&M
Mahindra & Mahindra Ltd.,2023-09-25,0.0,4,0,4,0,M&M
Mahindra & Mahindra Ltd.,2023-09-28,-1.0,2,0,0,2,M&M
Mahindra & Mahindra Ltd.,2023-09-29,0.0,2,0,2,0,M&M
Mahindra & Mahindra Ltd.,2023-10-02,0.0,2,0,2,0,M&M
Mahindra & Mahindra Ltd.,2023-10-04,0.0,2,0,2,0,M&M
Mahindra & Mahindra Ltd.,2023-10-10,0.0,2,0,2,0,M&M
Mahindra & Mahindra Ltd.,2023-10-11,0.0,2,0,2,0,M&M
Mahindra & Mahindra Ltd.,2023-10-12,0.0,2,0,2,0,M&M
Mahindra & Mahindra Ltd.,2023-10-13,0.0,2,0,2,0,M&M
Mahindra & Mahindra Ltd.,2023-10-23,-1.0,2,0,0,2,M&M
Mahindra & Mahindra Ltd.,2023-10-24,0.0,2,0,2,0,M&M
Mahindra & Mahindra Ltd.,2023-11-01,0.0,2,0,2,0,M&M
Mahindra & Mahindra Ltd.,2023-11-03,0.0,2,0,2,0,M&M
Mahindra & Mahindra Ltd.,2023-11-06,0.0,2,0,2,0,M&M
Mahindra & Mahindra Ltd.,2023-11-09,1.0,2,2,0,0,M&M
Mahindra & Mahindra Ltd.,2023-11-10,0.0,2,0,2,0,M&M
Mahindra & Mahindra Ltd.,2023-11-14,0.0,2,0,2,0,M&M
Mahindra & Mahindra Ltd.,2024-01-01,0.0,2,0,2,0,M&M
Mahindra & Mahindra Ltd.,2024-05-16,0.0,2,0,2,0,M&M
Mahindra & Mahindra Ltd.,2024-05-17,0.0,8,0,8,0,M&M
Mahindra & Mahindra Ltd.,2024-05-31,-1.0,2,0,0,2,M&M
Mahindra & Mahindra Ltd.,2024-06-17,0.0,6,0,6,0,M&M
Mahindra & Mahindra Ltd.,2024-06-18,-1.0,2,0,0,2,M&M
Mahindra & Mahindra Ltd.,2024-06-27,0.0,2,0,2,0,M&M
Mahindra & Mahindra Ltd.,2024-07-26,0.0,2,0,2,0,M&M
Mahindra & Mahindra Ltd.,2024-08-01,-1.0,2,0,0,2,M&M
Mahindra & Mahindra Ltd.,2024-08-09,0.0,2,0,2,0,M&M
Mahindra & Mahindra Ltd.,2024-09-20,0.0,2,0,2,0,M&M
Mahindra & Mahindra Ltd.,2024-10-09,-1.0,2,0,0,2,M&M
Mahindra & Mahindra Ltd.,2024-10-25,-1.0,4,0,0,4,M&M
Mahindra & Mahindra Ltd.,2024-10-26,-1.0,3,0,0,3,M&M
Mahindra & Mahindra Ltd.,2024-10-28,-1.0,7,0,0,7,M&M
Mahindra & Mahindra Ltd.,2024-10-29,0.0,1,0,1,0,M&M
Mahindra & Mahindra Ltd.,2024-10-30,1.0,2,2,0,0,M&M
Mahindra & Mahindra Ltd.,2024-10-31,1.0,6,6,0,0,M&M
Mahindra & Mahindra Ltd.,2024-11-01,0.0,8,0,8,0,M&M
Mahindra & Mahindra Ltd.,2024-11-02,0.0,1,0,1,0,M&M
Mahindra & Mahindra Ltd.,2024-11-03,0.0,1,0,1,0,M&M
Mahindra & Mahindra Ltd.,2024-11-04,1.0,7,7,0,0,M&M
Mahindra & Mahindra Ltd.,2024-11-05,-1.0,4,0,0,4,M&M
Mahindra & Mahindra Ltd.,2024-11-06,1.0,4,4,0,0,M&M
Mahindra & Mahindra Ltd.,2024-11-07,-1.0,8,0,0,8,M&M
Mahindra & Mahindra Ltd.,2024-11-08,-1.0,15,0,0,15,M&M
Mahindra & Mahindra Ltd.,2024-11-09,-1.0,1,0,0,1,M&M
Mahindra & Mahindra Ltd.,2024-11-11,-1.0,4,0,0,4,M&M
Mahindra & Mahindra Ltd.,2024-11-12,0.0,2,0,2,0,M&M
Mahindra & Mahindra Ltd.,2024-11-13,1.0,4,4,0,0,M&M
Mahindra & Mahindra Ltd.,2024-11-14,1.0,2,2,0,0,M&M
Mahindra & Mahindra Ltd.,2024-11-15,1.0,4,4,0,0,M&M
Mahindra & Mahindra Ltd.,2024-11-18,0.0,4,0,4,0,M&M
Mahindra & Mahindra Ltd.,2024-11-19,1.0,3,3,0,0,M&M
Mahindra & Mahindra Ltd.,2024-11-20,1.0,2,2,0,0,M&M
Mahindra & Mahindra Ltd.,2024-11-21,0.0,5,0,5,0,M&M
Mahindra & Mahindra Ltd.,2024-11-22,0.0,5,0,5,0,M&M
Mahindra & Mahindra Ltd.,2024-11-23,0.0,1,0,1,0,M&M
Maruti Suzuki India Ltd.,2011-11-06,0.0,1,0,1,0,MARUTI
Maruti Suzuki India Ltd.,2012-07-23,0.0,1,0,1,0,MARUTI
Maruti Suzuki India Ltd.,2013-06-27,1.0,1,1,0,0,MARUTI
Maruti Suzuki India Ltd.,2014-06-03,0.0,2,0,2,0,MARUTI
Maruti Suzuki India Ltd.,2014-08-26,0.0,2,0,2,0,MARUTI
Maruti Suzuki India Ltd.,2014-11-06,0.0,2,0,2,0,MARUTI
Maruti Suzuki India Ltd.,2015-07-26,0.0,2,0,2,0,MARUTI
Maruti Suzuki India Ltd.,2015-08-11,0.0,2,0,2,0,MARUTI
Maruti Suzuki India Ltd.,2015-08-18,0.0,2,0,2,0,MARUTI
Maruti Suzuki India Ltd.,2015-08-25,0.0,2,0,2,0,MARUTI
Maruti Suzuki India Ltd.,2015-08-26,0.0,2,0,2,0,MARUTI
Maruti Suzuki India Ltd.,2015-09-02,-1.0,2,0,0,2,MARUTI
Maruti Suzuki India Ltd.,2016-02-03,-1.0,2,0,0,2,MARUTI
Maruti Suzuki India Ltd.,2016-02-21,0.0,1,0,1,0,MARUTI
Maruti Suzuki India Ltd.,2016-03-16,0.0,2,0,2,0,MARUTI
Maruti Suzuki India Ltd.,2016-05-18,0.0,2,0,2,0,MARUTI
Maruti Suzuki India Ltd.,2016-07-25,1.0,2,2,0,0,MARUTI
Maruti Suzuki India Ltd.,2016-09-02,0.0,2,0,2,0,MARUTI
Maruti Suzuki India Ltd.,2016-11-08,-1.0,2,0,0,2,MARUTI
Maruti Suzuki India Ltd.,2017-02-06,0.0,2,0,2,0,MARUTI
Maruti Suzuki India Ltd.,2017-03-10,0.0,2,0,2,0,MARUTI
Maruti Suzuki India Ltd.,2017-05-30,0.0,2,0,2,0,MARUTI
Maruti Suzuki India Ltd.,2017-07-01,0.0,2,0,2,0,MARUTI
Maruti Suzuki India Ltd.,2017-07-05,0.0,2,0,2,0,MARUTI
Maruti Suzuki India Ltd.,2017-08-01,0.0,2,0,2,0,MARUTI
Maruti Suzuki India Ltd.,2017-08-10,1.0,2,2,0,0,MARUTI
Maruti Suzuki India Ltd.,2018-06-13,0.0,2,0,2,0,MARUTI
Maruti Suzuki India Ltd.,2018-10-15,-1.0,2,0,0,2,MARUTI
Maruti Suzuki India Ltd.,2018-11-06,1.0,2,2,0,0,MARUTI
Maruti Suzuki India Ltd.,2019-01-10,1.0,2,2,0,0,MARUTI
Maruti Suzuki India Ltd.,2019-04-26,0.0,1,0,1,0,MARUTI
Maruti Suzuki India Ltd.,2019-08-02,1.0,2,2,0,0,MARUTI
Maruti Suzuki India Ltd.,2019-08-04,0.0,2,0,2,0,MARUTI
Maruti Suzuki India Ltd.,2019-08-06,1.0,2,2,0,0,MARUTI
Maruti Suzuki India Ltd.,2019-08-07,1.0,2,2,0,0,MARUTI
Maruti Suzuki India Ltd.,2019-08-22,0.0,2,0,2,0,MARUTI
Maruti Suzuki India Ltd.,2019-09-04,1.0,2,2,0,0,MARUTI
Maruti Suzuki India Ltd.,2019-09-05,1.0,2,2,0,0,MARUTI
Maruti Suzuki India Ltd.,2019-09-25,-1.0,2,0,0,2,MARUTI
Maruti Suzuki India Ltd.,2019-10-01,-1.0,2,0,0,2,MARUTI
Maruti Suzuki India Ltd.,2019-12-19,1.0,2,2,0,0,MARUTI
Maruti Suzuki India Ltd.,2020-01-09,0.0,4,0,4,0,MARUTI
Maruti Suzuki India Ltd.,2020-02-04,0.0,2,0,2,0,MARUTI
Maruti Suzuki India Ltd.,2020-03-01,0.0,2,0,2,0,MARUTI
Maruti Suzuki India Ltd.,2020-03-22,0.0,2,0,2,0,MARUTI
Maruti Suzuki India Ltd.,2020-04-17,-1.0,2,0,0,2,MARUTI
Maruti Suzuki India Ltd.,2020-06-25,-1.0,2,0,0,2,MARUTI
Maruti Suzuki India Ltd.,2020-06-29,0.0,2,0,2,0,MARUTI
Maruti Suzuki India Ltd.,2020-07-14,1.0,2,2,0,0,MARUTI
Maruti Suzuki India Ltd.,2020-08-18,0.0,2,0,2,0,MARUTI
Maruti Suzuki India Ltd.,2020-10-29,-1.0,1,0,0,1,MARUTI
Maruti Suzuki India Ltd.,2021-06-15,-1.0,1,0,0,1,MARUTI
Maruti Suzuki India Ltd.,2022-03-19,0.0,1,0,1,0,MARUTI
Maruti Suzuki India Ltd.,2023-06-15,0.0,2,0,2,0,MARUTI
Maruti Suzuki India Ltd.,2023-06-30,0.0,2,0,2,0,MARUTI
Maruti Suzuki India Ltd.,2023-07-03,1.0,2,2,0,0,MARUTI
Maruti Suzuki India Ltd.,2023-09-11,0.0,2,0,2,0,MARUTI
Maruti Suzuki India Ltd.,2023-09-12,0.0,2,0,2,0,MARUTI
Maruti Suzuki India Ltd.,2023-09-22,0.0,2,0,2,0,MARUTI
Maruti Suzuki India Ltd.,2023-09-25,1.0,2,2,0,0,MARUTI
Maruti Suzuki India Ltd.,2023-09-28,-1.0,2,0,0,2,MARUTI
Maruti Suzuki India Ltd.,2023-10-02,0.0,2,0,2,0,MARUTI
Maruti Suzuki India Ltd.,2023-10-04,0.0,2,0,2,0,MARUTI
Maruti Suzuki India Ltd.,2023-10-09,0.0,4,0,4,0,MARUTI
Maruti Suzuki India Ltd.,2023-10-11,1.0,4,4,0,0,MARUTI
Maruti Suzuki India Ltd.,2023-10-12,0.0,2,0,2,0,MARUTI
Maruti Suzuki India Ltd.,2023-10-22,0.0,2,0,2,0,MARUTI
Maruti Suzuki India Ltd.,2023-10-24,0.0,2,0,2,0,MARUTI
Maruti Suzuki India Ltd.,2023-10-27,0.0,2,0,2,0,MARUTI
Maruti Suzuki India Ltd.,2023-10-30,-1.0,2,0,0,2,MARUTI
Maruti Suzuki India Ltd.,2023-10-31,0.0,2,0,2,0,MARUTI
Maruti Suzuki India Ltd.,2023-11-01,0.0,6,0,6,0,MARUTI
Maruti Suzuki India Ltd.,2023-11-06,0.0,2,0,2,0,MARUTI
Maruti Suzuki India Ltd.,2023-11-07,0.0,2,0,2,0,MARUTI
Maruti Suzuki India Ltd.,2023-11-09,0.0,2,0,2,0,MARUTI
Maruti Suzuki India Ltd.,2023-11-21,0.0,2,0,2,0,MARUTI
Maruti Suzuki India Ltd.,2023-11-24,0.0,4,0,4,0,MARUTI
Maruti Suzuki India Ltd.,2023-11-28,0.0,2,0,2,0,MARUTI
Maruti Suzuki India Ltd.,2024-01-01,-1.0,2,0,0,2,MARUTI
Maruti Suzuki India Ltd.,2024-03-15,0.0,2,0,2,0,MARUTI
Maruti Suzuki India Ltd.,2024-04-18,0.0,2,0,2,0,MARUTI
Maruti Suzuki India Ltd.,2024-06-10,0.0,2,0,2,0,MARUTI
Maruti Suzuki India Ltd.,2024-06-27,0.0,2,0,2,0,MARUTI
Maruti Suzuki India Ltd.,2024-08-28,0.0,2,0,2,0,MARUTI
Maruti Suzuki India Ltd.,2024-08-30,0.0,4,0,4,0,MARUTI
Maruti Suzuki India Ltd.,2024-09-26,-1.0,2,0,0,2,MARUTI
Maruti Suzuki India Ltd.,2024-10-09,-1.0,2,0,0,2,MARUTI
Maruti Suzuki India Ltd.,2024-10-22,-1.0,2,0,0,2,MARUTI
Maruti Suzuki India Ltd.,2024-10-30,0.0,8,0,8,0,MARUTI
NTPC Ltd.,2016-07-31,0.0,1,0,1,0,NTPC
NTPC Ltd.,2016-10-31,0.0,2,0,2,0,NTPC
NTPC Ltd.,2017-07-04,0.0,2,0,2,0,NTPC
NTPC Ltd.,2017-10-20,0.0,1,0,1,0,NTPC
NTPC Ltd.,2017-11-02,-1.0,3,0,0,3,NTPC
NTPC Ltd.,2017-12-06,0.0,1,0,1,0,NTPC
NTPC Ltd.,2019-07-12,1.0,2,2,0,0,NTPC
NTPC Ltd.,2021-07-15,1.0,1,1,0,0,NTPC
NTPC Ltd.,2023-06-14,0.0,2,0,2,0,NTPC
NTPC Ltd.,2023-06-26,1.0,2,2,0,0,NTPC
NTPC Ltd.,2023-06-30,1.0,2,2,0,0,NTPC
NTPC Ltd.,2023-08-02,0.0,2,0,2,0,NTPC
NTPC Ltd.,2023-09-05,0.0,2,0,2,0,NTPC
NTPC Ltd.,2023-09-21,0.0,2,0,2,0,NTPC
NTPC Ltd.,2023-09-25,0.0,2,0,2,0,NTPC
NTPC Ltd.,2023-10-04,0.0,2,0,2,0,NTPC
NTPC Ltd.,2023-10-05,0.0,4,0,4,0,NTPC
NTPC Ltd.,2023-10-16,-1.0,2,0,0,2,NTPC
NTPC Ltd.,2023-10-22,0.0,2,0,2,0,NTPC
NTPC Ltd.,2023-10-23,0.0,2,0,2,0,NTPC
NTPC Ltd.,2023-11-01,0.0,2,0,2,0,NTPC
NTPC Ltd.,2023-11-24,0.0,2,0,2,0,NTPC
NTPC Ltd.,2023-12-05,0.0,2,0,2,0,NTPC
NTPC Ltd.,2024-05-27,0.0,2,0,2,0,NTPC
NTPC Ltd.,2024-07-03,1.0,2,2,0,0,NTPC
NTPC Ltd.,2024-09-26,1.0,2,2,0,0,NTPC
NTPC Ltd.,2024-10-09,0.0,2,0,2,0,NTPC
NTPC Ltd.,2024-10-25,1.0,4,4,0,0,NTPC
NTPC Ltd.,2024-10-26,1.0,1,1,0,0,NTPC
NTPC Ltd.,2024-10-27,1.0,3,3,0,0,NTPC
NTPC Ltd.,2024-10-28,0.0,7,0,7,0,NTPC
NTPC Ltd.,2024-10-29,0.0,5,0,5,0,NTPC
NTPC Ltd.,2024-10-30,0.0,5,0,5,0,NTPC
NTPC Ltd.,2024-10-31,-1.0,1,0,0,1,NTPC
NTPC Ltd.,2024-11-02,0.0,1,0,1,0,NTPC
NTPC Ltd.,2024-11-04,1.0,2,2,0,0,NTPC
NTPC Ltd.,2024-11-06,-1.0,1,0,0,1,NTPC
NTPC Ltd.,2024-11-07,-1.0,5,0,0,5,NTPC
NTPC Ltd.,2024-11-08,-1.0,3,0,0,3,NTPC
NTPC Ltd.,2024-11-09,-1.0,1,0,0,1,NTPC
NTPC Ltd.,2024-11-12,-1.0,5,0,0,5,NTPC
NTPC Ltd.,2024-11-13,-1.0,10,0,0,10,NTPC
NTPC Ltd.,2024-11-14,0.0,2,0,2,0,NTPC
NTPC Ltd.,2024-11-16,0.0,4,0,4,0,NTPC
NTPC Ltd.,2024-11-17,0.0,1,0,1,0,NTPC
NTPC Ltd.,2024-11-18,-1.0,7,0,0,7,NTPC
NTPC Ltd.,2024-11-19,1.0,12,12,0,0,NTPC
NTPC Ltd.,2024-11-20,1.0,5,5,0,0,NTPC
NTPC Ltd.,2024-11-21,0.0,6,0,6,0,NTPC
NTPC Ltd.,2024-11-22,0.0,7,0,7,0,NTPC
NTPC Ltd.,2024-11-23,0.0,2,0,2,0,NTPC
NTPC Ltd.,2024-12-11,0.0,2,0,2,0,NTPC
Nestle India Ltd.,2012-07-15,0.0,1,0,1,0,NESTLEIND
Nestle India Ltd.,2012-10-18,0.0,6,0,6,0,NESTLEIND
Nestle India Ltd.,2013-05-09,-1.0,1,0,0,1,NESTLEIND
Nestle India Ltd.,2013-06-02,0.0,1,0,1,0,NESTLEIND
Nestle India Ltd.,2013-06-06,-1.0,1,0,0,1,NESTLEIND
Nestle India Ltd.,2013-06-14,0.0,4,0,4,0,NESTLEIND
Nestle India Ltd.,2013-09-26,1.0,1,1,0,0,NESTLEIND
Nestle India Ltd.,2013-10-30,1.0,1,1,0,0,NESTLEIND
Nestle India Ltd.,2013-11-27,-1.0,1,0,0,1,NESTLEIND
Nestle India Ltd.,2014-02-02,0.0,1,0,1,0,NESTLEIND
Nestle India Ltd.,2014-06-30,1.0,1,1,0,0,NESTLEIND
Nestle India Ltd.,2014-07-14,0.0,1,0,1,0,NESTLEIND
Nestle India Ltd.,2014-07-30,1.0,1,1,0,0,NESTLEIND
Nestle India Ltd.,2014-08-08,0.0,1,0,1,0,NESTLEIND
Nestle India Ltd.,2014-09-01,0.0,1,0,1,0,NESTLEIND
Nestle India Ltd.,2014-11-11,0.0,1,0,1,0,NESTLEIND
Nestle India Ltd.,2015-01-27,-1.0,1,0,0,1,NESTLEIND
Nestle India Ltd.,2015-03-06,0.0,1,0,1,0,NESTLEIND
Nestle India Ltd.,2015-03-19,-1.0,1,0,0,1,NESTLEIND
Nestle India Ltd.,2015-03-20,-1.0,1,0,0,1,NESTLEIND
Nestle India Ltd.,2015-05-14,0.0,1,0,1,0,NESTLEIND
Nestle India Ltd.,2015-05-31,0.0,1,0,1,0,NESTLEIND
Nestle India Ltd.,2015-06-01,-1.0,2,0,0,2,NESTLEIND
Nestle India Ltd.,2015-06-16,1.0,1,1,0,0,NESTLEIND
Nestle India Ltd.,2015-06-21,0.0,2,0,2,0,NESTLEIND
Nestle India Ltd.,2015-08-12,0.0,1,0,1,0,NESTLEIND
Nestle India Ltd.,2015-08-30,0.0,1,0,1,0,NESTLEIND
Nestle India Ltd.,2015-10-16,0.0,2,0,2,0,NESTLEIND
Nestle India Ltd.,2015-11-11,0.0,1,0,1,0,NESTLEIND
Nestle India Ltd.,2015-11-23,0.0,1,0,1,0,NESTLEIND
Nestle India Ltd.,2015-11-27,0.0,1,0,1,0,NESTLEIND
Nestle India Ltd.,2016-01-02,0.0,1,0,1,0,NESTLEIND
Nestle India Ltd.,2016-01-11,1.0,1,1,0,0,NESTLEIND
Nestle India Ltd.,2016-01-12,1.0,1,1,0,0,NESTLEIND
Nestle India Ltd.,2016-02-01,0.0,2,0,2,0,NESTLEIND
Nestle India Ltd.,2016-02-18,1.0,1,1,0,0,NESTLEIND
Nestle India Ltd.,2016-03-02,1.0,1,1,0,0,NESTLEIND
Nestle India Ltd.,2016-04-02,0.0,1,0,1,0,NESTLEIND
Nestle India Ltd.,2016-06-07,0.0,1,0,1,0,NESTLEIND
Nestle India Ltd.,2016-08-21,0.0,1,0,1,0,NESTLEIND
Nestle India Ltd.,2016-08-31,0.0,1,0,1,0,NESTLEIND
Nestle India Ltd.,2016-09-18,0.0,1,0,1,0,NESTLEIND
Nestle India Ltd.,2016-09-24,0.0,1,0,1,0,NESTLEIND
Nestle India Ltd.,2016-10-27,-1.0,1,0,0,1,NESTLEIND
Nestle India Ltd.,2016-11-18,0.0,1,0,1,0,NESTLEIND
Nestle India Ltd.,2016-11-30,0.0,1,0,1,0,NESTLEIND
Nestle India Ltd.,2016-12-02,0.0,1,0,1,0,NESTLEIND
Nestle India Ltd.,2017-01-19,0.0,1,0,1,0,NESTLEIND
Nestle India Ltd.,2017-02-16,0.0,1,0,1,0,NESTLEIND
Nestle India Ltd.,2017-03-16,1.0,1,1,0,0,NESTLEIND
Nestle India Ltd.,2017-04-03,0.0,1,0,1,0,NESTLEIND
Nestle India Ltd.,2017-06-26,0.0,1,0,1,0,NESTLEIND
Nestle India Ltd.,2017-07-22,0.0,1,0,1,0,NESTLEIND
Nestle India Ltd.,2017-08-10,1.0,1,1,0,0,NESTLEIND
Nestle India Ltd.,2017-09-17,0.0,1,0,1,0,NESTLEIND
Nestle India Ltd.,2017-09-28,1.0,1,1,0,0,NESTLEIND
Nestle India Ltd.,2017-10-04,1.0,1,1,0,0,NESTLEIND
Nestle India Ltd.,2017-10-20,0.0,1,0,1,0,NESTLEIND
Nestle India Ltd.,2017-10-27,0.0,1,0,1,0,NESTLEIND
Nestle India Ltd.,2017-11-03,1.0,1,1,0,0,NESTLEIND
Nestle India Ltd.,2017-12-28,0.0,1,0,1,0,NESTLEIND
Nestle India Ltd.,2018-03-27,1.0,2,2,0,0,NESTLEIND
Nestle India Ltd.,2018-04-02,0.0,1,0,1,0,NESTLEIND
Nestle India Ltd.,2018-04-29,0.0,1,0,1,0,NESTLEIND
Nestle India Ltd.,2018-06-02,0.0,1,0,1,0,NESTLEIND
Nestle India Ltd.,2018-06-27,0.0,1,0,1,0,NESTLEIND
Nestle India Ltd.,2018-06-30,0.0,1,0,1,0,NESTLEIND
Nestle India Ltd.,2018-07-08,0.0,1,0,1,0,NESTLEIND
Nestle India Ltd.,2018-07-10,-1.0,1,0,0,1,NESTLEIND
Nestle India Ltd.,2018-08-06,1.0,1,1,0,0,NESTLEIND
Nestle India Ltd.,2018-09-04,0.0,1,0,1,0,NESTLEIND
Nestle India Ltd.,2018-09-15,0.0,1,0,1,0,NESTLEIND
Nestle India Ltd.,2018-09-21,0.0,1,0,1,0,NESTLEIND
Nestle India Ltd.,2018-09-23,0.0,1,0,1,0,NESTLEIND
Nestle India Ltd.,2018-10-09,-1.0,1,0,0,1,NESTLEIND
Nestle India Ltd.,2018-10-11,0.0,1,0,1,0,NESTLEIND
Nestle India Ltd.,2018-10-29,1.0,1,1,0,0,NESTLEIND
Nestle India Ltd.,2018-10-31,1.0,1,1,0,0,NESTLEIND
Nestle India Ltd.,2018-11-15,-1.0,1,0,0,1,NESTLEIND
Nestle India Ltd.,2018-11-27,0.0,1,0,1,0,NESTLEIND
Nestle India Ltd.,2018-12-07,1.0,1,1,0,0,NESTLEIND
Nestle India Ltd.,2018-12-21,-1.0,1,0,0,1,NESTLEIND
Nestle India Ltd.,2019-01-03,0.0,1,0,1,0,NESTLEIND
Nestle India Ltd.,2019-01-09,-1.0,1,0,0,1,NESTLEIND
Nestle India Ltd.,2019-04-10,1.0,1,1,0,0,NESTLEIND
Nestle India Ltd.,2019-06-11,0.0,1,0,1,0,NESTLEIND
Nestle India Ltd.,2019-07-04,-1.0,1,0,0,1,NESTLEIND
Nestle India Ltd.,2019-07-19,1.0,1,1,0,0,NESTLEIND
Nestle India Ltd.,2019-07-26,0.0,1,0,1,0,NESTLEIND
Nestle India Ltd.,2019-09-01,0.0,1,0,1,0,NESTLEIND
Nestle India Ltd.,2019-09-08,0.0,1,0,1,0,NESTLEIND
Nestle India Ltd.,2019-09-30,0.0,1,0,1,0,NESTLEIND
Nestle India Ltd.,2019-10-09,1.0,1,1,0,0,NESTLEIND
Nestle India Ltd.,2019-10-21,0.0,1,0,1,0,NESTLEIND
Nestle India Ltd.,2019-11-03,0.0,1,0,1,0,NESTLEIND
Nestle India Ltd.,2019-11-09,0.0,1,0,1,0,NESTLEIND
Nestle India Ltd.,2019-12-12,-1.0,1,0,0,1,NESTLEIND
Nestle India Ltd.,2019-12-19,-1.0,1,0,0,1,NESTLEIND
Nestle India Ltd.,2019-12-21,0.0,1,0,1,0,NESTLEIND
Nestle India Ltd.,2019-12-29,0.0,1,0,1,0,NESTLEIND
Nestle India Ltd.,2020-01-04,0.0,1,0,1,0,NESTLEIND
Nestle India Ltd.,2020-01-07,1.0,1,1,0,0,NESTLEIND
Nestle India Ltd.,2020-01-11,0.0,1,0,1,0,NESTLEIND
Nestle India Ltd.,2020-01-16,0.0,1,0,1,0,NESTLEIND
Nestle India Ltd.,2020-01-21,0.0,1,0,1,0,NESTLEIND
Nestle India Ltd.,2020-03-02,1.0,1,1,0,0,NESTLEIND
Nestle India Ltd.,2020-04-22,0.0,1,0,1,0,NESTLEIND
Nestle India Ltd.,2020-05-27,1.0,1,1,0,0,NESTLEIND
Nestle India Ltd.,2020-07-03,0.0,1,0,1,0,NESTLEIND
Nestle India Ltd.,2020-07-13,0.0,1,0,1,0,NESTLEIND
Nestle India Ltd.,2020-08-14,0.0,1,0,1,0,NESTLEIND
Nestle India Ltd.,2020-08-17,-1.0,1,0,0,1,NESTLEIND
Nestle India Ltd.,2020-08-27,0.0,1,0,1,0,NESTLEIND
Nestle India Ltd.,2020-09-13,0.0,1,0,1,0,NESTLEIND
Nestle India Ltd.,2020-09-27,0.0,1,0,1,0,NESTLEIND
Nestle India Ltd.,2020-10-26,0.0,1,0,1,0,NESTLEIND
Nestle India Ltd.,2020-11-06,-1.0,1,0,0,1,NESTLEIND
Nestle India Ltd.,2020-11-13,0.0,2,0,2,0,NESTLEIND
Nestle India Ltd.,2020-12-07,0.0,1,0,1,0,NESTLEIND
Nestle India Ltd.,2020-12-13,0.0,1,0,1,0,NESTLEIND
Nestle India Ltd.,2020-12-15,0.0,2,0,2,0,NESTLEIND
Nestle India Ltd.,2020-12-24,-1.0,1,0,0,1,NESTLEIND
Nestle India Ltd.,2021-01-01,0.0,1,0,1,0,NESTLEIND
Nestle India Ltd.,2021-01-13,-1.0,1,0,0,1,NESTLEIND
Nestle India Ltd.,2021-02-10,0.0,1,0,1,0,NESTLEIND
Nestle India Ltd.,2021-02-12,-1.0,1,0,0,1,NESTLEIND
Nestle India Ltd.,2021-02-16,-1.0,1,0,0,1,NESTLEIND
Nestle India Ltd.,2021-02-21,0.0,1,0,1,0,NESTLEIND
Nestle India Ltd.,2021-02-23,-1.0,1,0,0,1,NESTLEIND
Nestle India Ltd.,2021-03-19,0.0,1,0,1,0,NESTLEIND
Nestle India Ltd.,2021-04-27,0.0,1,0,1,0,NESTLEIND
Nestle India Ltd.,2021-04-29,1.0,1,1,0,0,NESTLEIND
Nestle India Ltd.,2021-05-01,0.0,1,0,1,0,NESTLEIND
Nestle India Ltd.,2021-05-13,0.0,1,0,1,0,NESTLEIND
Nestle India Ltd.,2021-05-27,1.0,1,1,0,0,NESTLEIND
Nestle India Ltd.,2021-05-28,0.0,1,0,1,0,NESTLEIND
Nestle India Ltd.,2021-05-31,0.0,1,0,1,0,NESTLEIND
Nestle India Ltd.,2021-06-01,0.0,1,0,1,0,NESTLEIND
Nestle India Ltd.,2021-06-20,0.0,1,0,1,0,NESTLEIND
Nestle India Ltd.,2021-06-24,0.0,1,0,1,0,NESTLEIND
Nestle India Ltd.,2021-06-30,0.0,1,0,1,0,NESTLEIND
Nestle India Ltd.,2021-07-25,0.0,1,0,1,0,NESTLEIND
Nestle India Ltd.,2021-08-01,0.0,1,0,1,0,NESTLEIND
Nestle India Ltd.,2021-08-11,0.0,1,0,1,0,NESTLEIND
Nestle India Ltd.,2021-08-12,0.0,1,0,1,0,NESTLEIND
Nestle India Ltd.,2021-09-11,0.0,1,0,1,0,NESTLEIND
Nestle India Ltd.,2021-09-13,0.0,1,0,1,0,NESTLEIND
Nestle India Ltd.,2021-10-07,0.0,1,0,1,0,NESTLEIND
Nestle India Ltd.,2021-10-08,1.0,1,1,0,0,NESTLEIND
Nestle India Ltd.,2021-10-13,0.0,1,0,1,0,NESTLEIND
Nestle India Ltd.,2021-10-30,0.0,1,0,1,0,NESTLEIND
Nestle India Ltd.,2021-11-01,0.0,1,0,1,0,NESTLEIND
Nestle India Ltd.,2021-11-03,0.0,1,0,1,0,NESTLEIND
Nestle India Ltd.,2021-12-17,1.0,1,1,0,0,NESTLEIND
Nestle India Ltd.,2021-12-26,0.0,1,0,1,0,NESTLEIND
Nestle India Ltd.,2021-12-30,0.0,1,0,1,0,NESTLEIND
Nestle India Ltd.,2022-02-02,0.0,1,0,1,0,NESTLEIND
Nestle India Ltd.,2022-02-28,-1.0,1,0,0,1,NESTLEIND
Nestle India Ltd.,2022-03-05,0.0,1,0,1,0,NESTLEIND
Nestle India Ltd.,2022-03-08,1.0,1,1,0,0,NESTLEIND
Nestle India Ltd.,2022-03-09,-1.0,1,0,0,1,NESTLEIND
Nestle India Ltd.,2022-03-10,0.0,1,0,1,0,NESTLEIND
Nestle India Ltd.,2022-03-17,-1.0,1,0,0,1,NESTLEIND
Nestle India Ltd.,2022-03-18,0.0,2,0,2,0,NESTLEIND
Nestle India Ltd.,2022-03-19,0.0,1,0,1,0,NESTLEIND
Nestle India Ltd.,2022-03-20,0.0,5,0,5,0,NESTLEIND
Nestle India Ltd.,2022-03-21,0.0,3,0,3,0,NESTLEIND
Nestle India Ltd.,2022-03-22,0.0,3,0,3,0,NESTLEIND
Nestle India Ltd.,2022-03-23,-1.0,3,0,0,3,NESTLEIND
Nestle India Ltd.,2022-03-25,0.0,1,0,1,0,NESTLEIND
Nestle India Ltd.,2022-03-26,0.0,1,0,1,0,NESTLEIND
Nestle India Ltd.,2022-04-07,0.0,1,0,1,0,NESTLEIND
Nestle India Ltd.,2022-04-10,0.0,1,0,1,0,NESTLEIND
Nestle India Ltd.,2022-04-14,0.0,1,0,1,0,NESTLEIND
Nestle India Ltd.,2022-04-19,0.0,2,0,2,0,NESTLEIND
Nestle India Ltd.,2022-04-21,0.0,1,0,1,0,NESTLEIND
Nestle India Ltd.,2022-04-24,0.0,1,0,1,0,NESTLEIND
Nestle India Ltd.,2022-05-03,0.0,1,0,1,0,NESTLEIND
Nestle India Ltd.,2022-05-11,1.0,1,1,0,0,NESTLEIND
Nestle India Ltd.,2022-05-12,-1.0,1,0,0,1,NESTLEIND
Nestle India Ltd.,2022-05-13,0.0,1,0,1,0,NESTLEIND
Nestle India Ltd.,2022-05-17,-1.0,1,0,0,1,NESTLEIND
Nestle India Ltd.,2022-05-19,0.0,1,0,1,0,NESTLEIND
Nestle India Ltd.,2022-05-27,0.0,1,0,1,0,NESTLEIND
Nestle India Ltd.,2022-06-11,0.0,1,0,1,0,NESTLEIND
Nestle India Ltd.,2022-06-12,0.0,1,0,1,0,NESTLEIND
Nestle India Ltd.,2022-06-17,0.0,1,0,1,0,NESTLEIND
Nestle India Ltd.,2022-06-20,-1.0,1,0,0,1,NESTLEIND
Nestle India Ltd.,2022-06-29,1.0,1,1,0,0,NESTLEIND
Nestle India Ltd.,2022-07-10,0.0,1,0,1,0,NESTLEIND
Nestle India Ltd.,2022-07-24,0.0,1,0,1,0,NESTLEIND
Nestle India Ltd.,2022-07-27,1.0,1,1,0,0,NESTLEIND
Nestle India Ltd.,2022-09-14,-1.0,1,0,0,1,NESTLEIND
Nestle India Ltd.,2022-10-20,1.0,2,2,0,0,NESTLEIND
Nestle India Ltd.,2022-11-08,0.0,1,0,1,0,NESTLEIND
Nestle India Ltd.,2022-11-09,0.0,2,0,2,0,NESTLEIND
Nestle India Ltd.,2022-11-13,0.0,1,0,1,0,NESTLEIND
Nestle India Ltd.,2022-11-21,0.0,1,0,1,0,NESTLEIND
Nestle India Ltd.,2022-12-09,0.0,1,0,1,0,NESTLEIND
Nestle India Ltd.,2022-12-12,-1.0,1,0,0,1,NESTLEIND
Nestle India Ltd.,2022-12-13,-1.0,1,0,0,1,NESTLEIND
Nestle India Ltd.,2022-12-29,0.0,1,0,1,0,NESTLEIND
Nestle India Ltd.,2023-01-05,1.0,1,1,0,0,NESTLEIND
Nestle India Ltd.,2023-01-12,0.0,1,0,1,0,NESTLEIND
Nestle India Ltd.,2023-01-31,0.0,1,0,1,0,NESTLEIND
Nestle India Ltd.,2023-02-17,0.0,1,0,1,0,NESTLEIND
Nestle India Ltd.,2023-02-19,0.0,1,0,1,0,NESTLEIND
Nestle India Ltd.,2023-03-07,0.0,1,0,1,0,NESTLEIND
Nestle India Ltd.,2023-03-11,0.0,1,0,1,0,NESTLEIND
Nestle India Ltd.,2023-03-12,0.0,1,0,1,0,NESTLEIND
Nestle India Ltd.,2023-03-27,0.0,1,0,1,0,NESTLEIND
Nestle India Ltd.,2023-04-07,0.0,1,0,1,0,NESTLEIND
Nestle India Ltd.,2023-04-19,0.0,1,0,1,0,NESTLEIND
Nestle India Ltd.,2023-04-25,0.0,1,0,1,0,NESTLEIND
Nestle India Ltd.,2023-05-04,0.0,1,0,1,0,NESTLEIND
Nestle India Ltd.,2023-05-07,0.0,1,0,1,0,NESTLEIND
Nestle India Ltd.,2023-06-08,0.0,1,0,1,0,NESTLEIND
Nestle India Ltd.,2023-06-10,0.0,1,0,1,0,NESTLEIND
Nestle India Ltd.,2023-07-03,1.0,1,1,0,0,NESTLEIND
Nestle India Ltd.,2023-07-06,-1.0,1,0,0,1,NESTLEIND
Nestle India Ltd.,2023-07-20,0.0,1,0,1,0,NESTLEIND
Nestle India Ltd.,2023-07-24,0.0,1,0,1,0,NESTLEIND
Nestle India Ltd.,2023-08-01,-1.0,1,0,0,1,NESTLEIND
Nestle India Ltd.,2023-08-02,0.0,2,0,2,0,NESTLEIND
Nestle India Ltd.,2023-08-17,0.0,2,0,2,0,NESTLEIND
Nestle India Ltd.,2023-08-23,0.0,1,0,1,0,NESTLEIND
Nestle India Ltd.,2023-08-29,0.0,2,0,2,0,NESTLEIND
Nestle India Ltd.,2023-09-02,0.0,1,0,1,0,NESTLEIND
Nestle India Ltd.,2023-09-06,0.0,2,0,2,0,NESTLEIND
Nestle India Ltd.,2023-09-07,1.0,2,2,0,0,NESTLEIND
Nestle India Ltd.,2023-09-28,0.0,1,0,1,0,NESTLEIND
Nestle India Ltd.,2023-09-30,0.0,1,0,1,0,NESTLEIND
Nestle India Ltd.,2023-10-03,0.0,3,0,3,0,NESTLEIND
Nestle India Ltd.,2023-10-19,0.0,8,0,8,0,NESTLEIND
Nestle India Ltd.,2023-10-20,0.0,10,0,10,0,NESTLEIND
Nestle India Ltd.,2023-10-23,-1.0,4,0,0,4,NESTLEIND
Nestle India Ltd.,2023-10-26,0.0,2,0,2,0,NESTLEIND
Nestle India Ltd.,2023-10-27,0.0,2,0,2,0,NESTLEIND
Nestle India Ltd.,2023-10-30,0.0,2,0,2,0,NESTLEIND
Nestle India Ltd.,2023-10-31,1.0,2,2,0,0,NESTLEIND
Nestle India Ltd.,2023-11-01,0.0,4,0,4,0,NESTLEIND
Nestle India Ltd.,2023-11-02,1.0,1,1,0,0,NESTLEIND
Nestle India Ltd.,2023-11-04,0.0,1,0,1,0,NESTLEIND
Nestle India Ltd.,2023-11-07,0.0,4,0,4,0,NESTLEIND
Nestle India Ltd.,2023-11-08,0.0,1,0,1,0,NESTLEIND
Nestle India Ltd.,2023-11-12,0.0,1,0,1,0,NESTLEIND
Nestle India Ltd.,2023-11-30,0.0,1,0,1,0,NESTLEIND
Nestle India Ltd.,2023-12-09,0.0,1,0,1,0,NESTLEIND
Nestle India Ltd.,2023-12-24,0.0,2,0,2,0,NESTLEIND
Nestle India Ltd.,2024-01-08,0.0,1,0,1,0,NESTLEIND
Nestle India Ltd.,2024-01-21,0.0,1,0,1,0,NESTLEIND
Nestle India Ltd.,2024-01-25,0.0,1,0,1,0,NESTLEIND
Nestle India Ltd.,2024-01-31,0.0,1,0,1,0,NESTLEIND
Nestle India Ltd.,2024-03-17,0.0,1,0,1,0,NESTLEIND
Nestle India Ltd.,2024-03-20,0.0,1,0,1,0,NESTLEIND
Nestle India Ltd.,2024-04-17,0.0,2,0,2,0,NESTLEIND
Nestle India Ltd.,2024-04-18,0.0,1,0,1,0,NESTLEIND
Nestle India Ltd.,2024-04-19,1.0,2,2,0,0,NESTLEIND
Nestle India Ltd.,2024-05-11,0.0,1,0,1,0,NESTLEIND
Nestle India Ltd.,2024-05-14,0.0,1,0,1,0,NESTLEIND
Nestle India Ltd.,2024-06-11,0.0,1,0,1,0,NESTLEIND
Nestle India Ltd.,2024-06-17,0.0,1,0,1,0,NESTLEIND
Nestle India Ltd.,2024-06-19,-1.0,1,0,0,1,NESTLEIND
Nestle India Ltd.,2024-07-06,0.0,1,0,1,0,NESTLEIND
Nestle India Ltd.,2024-07-08,0.0,1,0,1,0,NESTLEIND
Nestle India Ltd.,2024-07-25,0.0,3,0,3,0,NESTLEIND
Nestle India Ltd.,2024-08-17,0.0,1,0,1,0,NESTLEIND
Nestle India Ltd.,2024-09-02,0.0,1,0,1,0,NESTLEIND
Nestle India Ltd.,2024-09-09,0.0,1,0,1,0,NESTLEIND
Nestle India Ltd.,2024-09-11,0.0,1,0,1,0,NESTLEIND
Nestle India Ltd.,2024-09-16,1.0,1,1,0,0,NESTLEIND
Nestle India Ltd.,2024-09-17,1.0,1,1,0,0,NESTLEIND
Nestle India Ltd.,2024-10-18,0.0,2,0,2,0,NESTLEIND
Nestle India Ltd.,2024-10-25,0.0,4,0,4,0,NESTLEIND
Nestle India Ltd.,2024-10-26,0.0,1,0,1,0,NESTLEIND
Nestle India Ltd.,2024-10-27,0.0,2,0,2,0,NESTLEIND
Nestle India Ltd.,2024-10-28,0.0,4,0,4,0,NESTLEIND
Nestle India Ltd.,2024-10-29,0.0,6,0,6,0,NESTLEIND
Nestle India Ltd.,2024-10-30,0.0,3,0,3,0,NESTLEIND
Nestle India Ltd.,2024-10-31,-1.0,3,0,0,3,NESTLEIND
Nestle India Ltd.,2024-11-01,0.0,5,0,5,0,NESTLEIND
Nestle India Ltd.,2024-11-03,0.0,2,0,2,0,NESTLEIND
Nestle India Ltd.,2024-11-04,0.0,3,0,3,0,NESTLEIND
Nestle India Ltd.,2024-11-05,0.0,1,0,1,0,NESTLEIND
Nestle India Ltd.,2024-11-06,1.0,1,1,0,0,NESTLEIND
Nestle India Ltd.,2024-11-07,0.0,7,0,7,0,NESTLEIND
Nestle India Ltd.,2024-11-08,-1.0,4,0,0,4,NESTLEIND
Nestle India Ltd.,2024-11-09,-1.0,1,0,0,1,NESTLEIND
Nestle India Ltd.,2024-11-10,-1.0,1,0,0,1,NESTLEIND
Nestle India Ltd.,2024-11-11,0.0,7,0,7,0,NESTLEIND
Nestle India Ltd.,2024-11-12,-1.0,4,0,0,4,NESTLEIND
Nestle India Ltd.,2024-11-13,1.0,5,5,0,0,NESTLEIND
Nestle India Ltd.,2024-11-14,0.0,8,0,8,0,NESTLEIND
Nestle India Ltd.,2024-11-15,0.0,4,0,4,0,NESTLEIND
Nestle India Ltd.,2024-11-16,0.0,2,0,2,0,NESTLEIND
Nestle India Ltd.,2024-11-18,0.0,9,0,9,0,NESTLEIND
Nestle India Ltd.,2024-11-19,1.0,17,17,0,0,NESTLEIND
Nestle India Ltd.,2024-11-20,1.0,2,2,0,0,NESTLEIND
Nestle India Ltd.,2024-11-21,0.0,2,0,2,0,NESTLEIND
Nestle India Ltd.,2024-11-22,0.0,1,0,1,0,NESTLEIND
Nestle India Ltd.,2024-11-24,0.0,2,0,2,0,NESTLEIND
Nestle India Ltd.,2024-12-02,0.0,2,0,2,0,NESTLEIND
Nestle India Ltd.,2024-12-11,1.0,2,2,0,0,NESTLEIND
Oil & Natural Gas Corporation Ltd.,2014-10-20,-1.0,1,0,0,1,ONGC
Oil & Natural Gas Corporation Ltd.,2015-03-13,0.0,2,0,2,0,ONGC
Oil & Natural Gas Corporation Ltd.,2015-06-06,0.0,1,0,1,0,ONGC
Oil & Natural Gas Corporation Ltd.,2015-09-04,1.0,1,1,0,0,ONGC
Oil & Natural Gas Corporation Ltd.,2016-01-27,1.0,1,1,0,0,ONGC
Oil & Natural Gas Corporation Ltd.,2016-03-13,0.0,1,0,1,0,ONGC
Oil & Natural Gas Corporation Ltd.,2016-10-31,0.0,2,0,2,0,ONGC
Oil & Natural Gas Corporation Ltd.,2017-07-07,-1.0,2,0,0,2,ONGC
Oil & Natural Gas Corporation Ltd.,2017-07-08,0.0,2,0,2,0,ONGC
Oil & Natural Gas Corporation Ltd.,2017-11-09,-1.0,2,0,0,2,ONGC
Oil & Natural Gas Corporation Ltd.,2018-01-28,0.0,2,0,2,0,ONGC
Oil & Natural Gas Corporation Ltd.,2018-07-24,1.0,2,2,0,0,ONGC
Oil & Natural Gas Corporation Ltd.,2018-10-23,-1.0,2,0,0,2,ONGC
Oil & Natural Gas Corporation Ltd.,2019-07-12,1.0,2,2,0,0,ONGC
Oil & Natural Gas Corporation Ltd.,2019-07-17,0.0,2,0,2,0,ONGC
Oil & Natural Gas Corporation Ltd.,2019-07-18,1.0,2,2,0,0,ONGC
Oil & Natural Gas Corporation Ltd.,2019-07-30,-1.0,2,0,0,2,ONGC
Oil & Natural Gas Corporation Ltd.,2019-08-14,-1.0,2,0,0,2,ONGC
Oil & Natural Gas Corporation Ltd.,2019-08-21,1.0,1,1,0,0,ONGC
Oil & Natural Gas Corporation Ltd.,2019-09-03,1.0,1,1,0,0,ONGC
Oil & Natural Gas Corporation Ltd.,2020-05-17,0.0,1,0,1,0,ONGC
Oil & Natural Gas Corporation Ltd.,2020-09-24,1.0,1,1,0,0,ONGC
Oil & Natural Gas Corporation Ltd.,2021-04-27,0.0,1,0,1,0,ONGC
Oil & Natural Gas Corporation Ltd.,2022-10-18,1.0,1,1,0,0,ONGC
Oil & Natural Gas Corporation Ltd.,2023-05-13,0.0,1,0,1,0,ONGC
Oil & Natural Gas Corporation Ltd.,2023-06-21,-1.0,2,0,0,2,ONGC
Oil & Natural Gas Corporation Ltd.,2023-08-10,0.0,2,0,2,0,ONGC
Oil & Natural Gas Corporation Ltd.,2023-09-18,0.0,1,0,1,0,ONGC
Oil & Natural Gas Corporation Ltd.,2023-09-20,0.0,2,0,2,0,ONGC
Oil & Natural Gas Corporation Ltd.,2023-10-03,0.0,2,0,2,0,ONGC
Oil & Natural Gas Corporation Ltd.,2023-10-11,0.0,4,0,4,0,ONGC
Oil & Natural Gas Corporation Ltd.,2023-10-23,-1.0,2,0,0,2,ONGC
Oil & Natural Gas Corporation Ltd.,2023-11-01,1.0,4,4,0,0,ONGC
Oil & Natural Gas Corporation Ltd.,2023-11-16,0.0,2,0,2,0,ONGC
Oil & Natural Gas Corporation Ltd.,2023-11-17,0.0,2,0,2,0,ONGC
Oil & Natural Gas Corporation Ltd.,2023-11-20,0.0,2,0,2,0,ONGC
Oil & Natural Gas Corporation Ltd.,2023-11-22,0.0,2,0,2,0,ONGC
Oil & Natural Gas Corporation Ltd.,2023-11-28,1.0,2,2,0,0,ONGC
Oil & Natural Gas Corporation Ltd.,2024-08-07,1.0,2,2,0,0,ONGC
Oil & Natural Gas Corporation Ltd.,2024-09-18,0.0,2,0,2,0,ONGC
Oil & Natural Gas Corporation Ltd.,2024-10-25,0.0,2,0,2,0,ONGC
Oil & Natural Gas Corporation Ltd.,2024-10-26,0.0,1,0,1,0,ONGC
Oil & Natural Gas Corporation Ltd.,2024-10-27,0.0,3,0,3,0,ONGC
Oil & Natural Gas Corporation Ltd.,2024-10-28,-1.0,3,0,0,3,ONGC
Oil & Natural Gas Corporation Ltd.,2024-10-30,1.0,1,1,0,0,ONGC
Oil & Natural Gas Corporation Ltd.,2024-10-31,-1.0,2,0,0,2,ONGC
Oil & Natural Gas Corporation Ltd.,2024-11-01,0.0,2,0,2,0,ONGC
Oil & Natural Gas Corporation Ltd.,2024-11-03,0.0,4,0,4,0,ONGC
Oil & Natural Gas Corporation Ltd.,2024-11-04,0.0,7,0,7,0,ONGC
Oil & Natural Gas Corporation Ltd.,2024-11-05,-1.0,2,0,0,2,ONGC
Oil & Natural Gas Corporation Ltd.,2024-11-06,0.0,4,0,4,0,ONGC
Oil & Natural Gas Corporation Ltd.,2024-11-07,-1.0,1,0,0,1,ONGC
Oil & Natural Gas Corporation Ltd.,2024-11-08,0.0,4,0,4,0,ONGC
Oil & Natural Gas Corporation Ltd.,2024-11-10,0.0,3,0,3,0,ONGC
Oil & Natural Gas Corporation Ltd.,2024-11-11,-1.0,10,0,0,10,ONGC
Oil & Natural Gas Corporation Ltd.,2024-11-12,0.0,7,0,7,0,ONGC
Oil & Natural Gas Corporation Ltd.,2024-11-13,0.0,2,0,2,0,ONGC
Oil & Natural Gas Corporation Ltd.,2024-11-14,-1.0,3,0,0,3,ONGC
Oil & Natural Gas Corporation Ltd.,2024-11-15,-1.0,2,0,0,2,ONGC
Oil & Natural Gas Corporation Ltd.,2024-11-16,-1.0,1,0,0,1,ONGC
Oil & Natural Gas Corporation Ltd.,2024-11-17,-1.0,3,0,0,3,ONGC
Oil & Natural Gas Corporation Ltd.,2024-11-18,-1.0,12,0,0,12,ONGC
Oil & Natural Gas Corporation Ltd.,2024-11-19,1.0,5,5,0,0,ONGC
Oil & Natural Gas Corporation Ltd.,2024-11-20,1.0,1,1,0,0,ONGC
Oil & Natural Gas Corporation Ltd.,2024-11-21,0.0,1,0,1,0,ONGC
Oil & Natural Gas Corporation Ltd.,2024-11-22,0.0,3,0,3,0,ONGC
Oil & Natural Gas Corporation Ltd.,2024-11-23,0.0,3,0,3,0,ONGC
Reliance Industries Ltd.,2010-01-31,0.0,1,0,1,0,RELIANCE
Reliance Industries Ltd.,2010-04-10,0.0,1,0,1,0,RELIANCE
Reliance Industries Ltd.,2011-08-08,0.0,1,0,1,0,RELIANCE
Reliance Industries Ltd.,2012-11-17,0.0,1,0,1,0,RELIANCE
Reliance Industries Ltd.,2013-02-18,1.0,1,1,0,0,RELIANCE
Reliance Industries Ltd.,2013-03-18,0.0,1,0,1,0,RELIANCE
Reliance Industries Ltd.,2013-06-14,0.0,1,0,1,0,RELIANCE
Reliance Industries Ltd.,2014-03-07,-1.0,1,0,0,1,RELIANCE
Reliance Industries Ltd.,2014-04-09,-1.0,1,0,0,1,RELIANCE
Reliance Industries Ltd.,2014-04-14,0.0,1,0,1,0,RELIANCE
Reliance Industries Ltd.,2014-04-27,0.0,1,0,1,0,RELIANCE
Reliance Industries Ltd.,2014-05-17,0.0,1,0,1,0,RELIANCE
Reliance Industries Ltd.,2014-05-20,1.0,2,2,0,0,RELIANCE
Reliance Industries Ltd.,2014-05-29,1.0,2,2,0,0,RELIANCE
Reliance Industries Ltd.,2014-09-19,-1.0,1,0,0,1,RELIANCE
Reliance Industries Ltd.,2014-10-10,0.0,2,0,2,0,RELIANCE
Reliance Industries Ltd.,2014-11-09,0.0,1,0,1,0,RELIANCE
Reliance Industries Ltd.,2014-12-04,-1.0,1,0,0,1,RELIANCE
Reliance Industries Ltd.,2015-01-11,0.0,2,0,2,0,RELIANCE
Reliance Industries Ltd.,2015-03-02,-1.0,1,0,0,1,RELIANCE
Reliance Industries Ltd.,2015-06-22,0.0,2,0,2,0,RELIANCE
Reliance Industries Ltd.,2015-06-27,0.0,1,0,1,0,RELIANCE
Reliance Industries Ltd.,2015-07-06,0.0,1,0,1,0,RELIANCE
Reliance Industries Ltd.,2015-07-25,0.0,2,0,2,0,RELIANCE
Reliance Industries Ltd.,2015-12-31,-1.0,1,0,0,1,RELIANCE
Reliance Industries Ltd.,2016-02-08,0.0,1,0,1,0,RELIANCE
Reliance Industries Ltd.,2016-02-11,1.0,1,1,0,0,RELIANCE
Reliance Industries Ltd.,2016-02-27,0.0,2,0,2,0,RELIANCE
Reliance Industries Ltd.,2016-04-21,-1.0,1,0,0,1,RELIANCE
Reliance Industries Ltd.,2016-06-08,0.0,1,0,1,0,RELIANCE
Reliance Industries Ltd.,2016-06-26,0.0,1,0,1,0,RELIANCE
Reliance Industries Ltd.,2016-07-15,1.0,2,2,0,0,RELIANCE
Reliance Industries Ltd.,2016-08-21,0.0,2,0,2,0,RELIANCE
Reliance Industries Ltd.,2016-09-01,0.0,2,0,2,0,RELIANCE
Reliance Industries Ltd.,2016-09-09,0.0,1,0,1,0,RELIANCE
Reliance Industries Ltd.,2016-11-15,0.0,1,0,1,0,RELIANCE
Reliance Industries Ltd.,2016-11-23,0.0,1,0,1,0,RELIANCE
Reliance Industries Ltd.,2016-12-17,0.0,1,0,1,0,RELIANCE
Reliance Industries Ltd.,2017-02-09,0.0,2,0,2,0,RELIANCE
Reliance Industries Ltd.,2017-03-21,1.0,2,2,0,0,RELIANCE
Reliance Industries Ltd.,2017-05-13,0.0,1,0,1,0,RELIANCE
Reliance Industries Ltd.,2017-06-15,1.0,2,2,0,0,RELIANCE
Reliance Industries Ltd.,2017-07-05,1.0,2,2,0,0,RELIANCE
Reliance Industries Ltd.,2017-07-12,0.0,2,0,2,0,RELIANCE
Reliance Industries Ltd.,2017-07-21,0.0,2,0,2,0,RELIANCE
Reliance Industries Ltd.,2017-08-15,0.0,1,0,1,0,RELIANCE
Reliance Industries Ltd.,2017-09-06,0.0,2,0,2,0,RELIANCE
Reliance Industries Ltd.,2017-09-17,0.0,1,0,1,0,RELIANCE
Reliance Industries Ltd.,2017-10-27,0.0,2,0,2,0,RELIANCE
Reliance Industries Ltd.,2017-11-09,0.0,2,0,2,0,RELIANCE
Reliance Industries Ltd.,2017-12-08,0.0,1,0,1,0,RELIANCE
Reliance Industries Ltd.,2018-01-07,0.0,1,0,1,0,RELIANCE
Reliance Industries Ltd.,2018-02-03,0.0,1,0,1,0,RELIANCE
Reliance Industries Ltd.,2018-02-10,0.0,1,0,1,0,RELIANCE
Reliance Industries Ltd.,2018-02-19,0.0,1,0,1,0,RELIANCE
Reliance Industries Ltd.,2018-04-08,0.0,2,0,2,0,RELIANCE
Reliance Industries Ltd.,2018-04-18,-1.0,2,0,0,2,RELIANCE
Reliance Industries Ltd.,2018-05-26,0.0,1,0,1,0,RELIANCE
Reliance Industries Ltd.,2018-05-28,0.0,2,0,2,0,RELIANCE
Reliance Industries Ltd.,2018-06-28,-1.0,2,0,0,2,RELIANCE
Reliance Industries Ltd.,2018-07-12,-1.0,2,0,0,2,RELIANCE
Reliance Industries Ltd.,2018-07-18,1.0,1,1,0,0,RELIANCE
Reliance Industries Ltd.,2018-08-03,0.0,1,0,1,0,RELIANCE
Reliance Industries Ltd.,2018-08-19,0.0,1,0,1,0,RELIANCE
Reliance Industries Ltd.,2018-09-08,0.0,1,0,1,0,RELIANCE
Reliance Industries Ltd.,2018-09-14,0.0,2,0,2,0,RELIANCE
Reliance Industries Ltd.,2018-09-19,1.0,2,2,0,0,RELIANCE
Reliance Industries Ltd.,2018-10-02,0.0,1,0,1,0,RELIANCE
Reliance Industries Ltd.,2018-10-09,-1.0,1,0,0,1,RELIANCE
Reliance Industries Ltd.,2018-10-11,1.0,2,2,0,0,RELIANCE
Reliance Industries Ltd.,2018-10-29,0.0,2,0,2,0,RELIANCE
Reliance Industries Ltd.,2019-01-09,0.0,3,0,3,0,RELIANCE
Reliance Industries Ltd.,2019-01-16,1.0,2,2,0,0,RELIANCE
Reliance Industries Ltd.,2019-05-14,0.0,1,0,1,0,RELIANCE
Reliance Industries Ltd.,2019-06-08,0.0,1,0,1,0,RELIANCE
Reliance Industries Ltd.,2019-06-28,0.0,2,0,2,0,RELIANCE
Reliance Industries Ltd.,2019-07-20,0.0,1,0,1,0,RELIANCE
Reliance Industries Ltd.,2019-08-01,-1.0,2,0,0,2,RELIANCE
Reliance Industries Ltd.,2019-08-02,-1.0,2,0,0,2,RELIANCE
Reliance Industries Ltd.,2019-08-06,1.0,2,2,0,0,RELIANCE
Reliance Industries Ltd.,2019-08-07,0.0,2,0,2,0,RELIANCE
Reliance Industries Ltd.,2019-08-12,0.0,4,0,4,0,RELIANCE
Reliance Industries Ltd.,2019-08-13,0.0,6,0,6,0,RELIANCE
Reliance Industries Ltd.,2019-08-23,0.0,1,0,1,0,RELIANCE
Reliance Industries Ltd.,2019-09-19,-1.0,4,0,0,4,RELIANCE
Reliance Industries Ltd.,2019-09-27,-1.0,2,0,0,2,RELIANCE
Reliance Industries Ltd.,2019-09-30,0.0,2,0,2,0,RELIANCE
Reliance Industries Ltd.,2019-10-09,0.0,3,0,3,0,RELIANCE
Reliance Industries Ltd.,2019-10-15,1.0,2,2,0,0,RELIANCE
Reliance Industries Ltd.,2019-10-22,1.0,2,2,0,0,RELIANCE
Reliance Industries Ltd.,2019-10-24,0.0,4,0,4,0,RELIANCE
Reliance Industries Ltd.,2019-11-18,1.0,1,1,0,0,RELIANCE
Reliance Industries Ltd.,2019-11-25,0.0,2,0,2,0,RELIANCE
Reliance Industries Ltd.,2019-11-28,1.0,2,2,0,0,RELIANCE
Reliance Industries Ltd.,2019-12-03,0.0,1,0,1,0,RELIANCE
Reliance Industries Ltd.,2020-02-04,0.0,2,0,2,0,RELIANCE
Reliance Industries Ltd.,2020-02-05,-1.0,2,0,0,2,RELIANCE
Reliance Industries Ltd.,2020-02-06,0.0,2,0,2,0,RELIANCE
Reliance Industries Ltd.,2020-02-07,1.0,2,2,0,0,RELIANCE
Reliance Industries Ltd.,2020-02-14,0.0,4,0,4,0,RELIANCE
Reliance Industries Ltd.,2020-02-19,-1.0,2,0,0,2,RELIANCE
Reliance Industries Ltd.,2020-02-24,-1.0,2,0,0,2,RELIANCE
Reliance Industries Ltd.,2020-03-06,1.0,4,4,0,0,RELIANCE
Reliance Industries Ltd.,2020-03-12,-1.0,1,0,0,1,RELIANCE
Reliance Industries Ltd.,2020-03-24,-1.0,2,0,0,2,RELIANCE
Reliance Industries Ltd.,2020-03-25,0.0,2,0,2,0,RELIANCE
Reliance Industries Ltd.,2020-03-27,1.0,2,2,0,0,RELIANCE
Reliance Industries Ltd.,2020-03-31,0.0,2,0,2,0,RELIANCE
Reliance Industries Ltd.,2020-04-08,-1.0,4,0,0,4,RELIANCE
Reliance Industries Ltd.,2020-04-16,1.0,1,1,0,0,RELIANCE
Reliance Industries Ltd.,2020-04-22,1.0,2,2,0,0,RELIANCE
Reliance Industries Ltd.,2020-04-24,0.0,5,0,5,0,RELIANCE
Reliance Industries Ltd.,2020-05-04,0.0,2,0,2,0,RELIANCE
Reliance Industries Ltd.,2020-05-07,0.0,2,0,2,0,RELIANCE
Reliance Industries Ltd.,2020-05-11,1.0,1,1,0,0,RELIANCE
Reliance Industries Ltd.,2020-05-12,-1.0,2,0,0,2,RELIANCE
Reliance Industries Ltd.,2020-05-15,-1.0,2,0,0,2,RELIANCE
Reliance Industries Ltd.,2020-05-17,0.0,2,0,2,0,RELIANCE
Reliance Industries Ltd.,2020-05-19,0.0,2,0,2,0,RELIANCE
Reliance Industries Ltd.,2020-05-22,1.0,1,1,0,0,RELIANCE
Reliance Industries Ltd.,2020-05-24,0.0,3,0,3,0,RELIANCE
Reliance Industries Ltd.,2020-05-27,0.0,1,0,1,0,RELIANCE
Reliance Industries Ltd.,2020-05-28,1.0,1,1,0,0,RELIANCE
Reliance Industries Ltd.,2020-05-29,1.0,1,1,0,0,RELIANCE
Reliance Industries Ltd.,2020-06-01,0.0,2,0,2,0,RELIANCE
Reliance Industries Ltd.,2020-06-04,0.0,6,0,6,0,RELIANCE
Reliance Industries Ltd.,2020-06-05,-1.0,2,0,0,2,RELIANCE
Reliance Industries Ltd.,2020-06-10,1.0,3,3,0,0,RELIANCE
Reliance Industries Ltd.,2020-06-12,0.0,2,0,2,0,RELIANCE
Reliance Industries Ltd.,2020-06-15,0.0,4,0,4,0,RELIANCE
Reliance Industries Ltd.,2020-06-17,1.0,1,1,0,0,RELIANCE
Reliance Industries Ltd.,2020-06-18,0.0,2,0,2,0,RELIANCE
Reliance Industries Ltd.,2020-07-03,-1.0,2,0,0,2,RELIANCE
Reliance Industries Ltd.,2020-07-04,0.0,1,0,1,0,RELIANCE
Reliance Industries Ltd.,2020-07-14,0.0,2,0,2,0,RELIANCE
Reliance Industries Ltd.,2020-07-15,1.0,2,2,0,0,RELIANCE
Reliance Industries Ltd.,2020-07-16,0.0,3,0,3,0,RELIANCE
Reliance Industries Ltd.,2020-07-20,1.0,2,2,0,0,RELIANCE
Reliance Industries Ltd.,2020-07-21,1.0,2,2,0,0,RELIANCE
Reliance Industries Ltd.,2020-08-02,0.0,2,0,2,0,RELIANCE
Reliance Industries Ltd.,2020-08-10,0.0,1,0,1,0,RELIANCE
Reliance Industries Ltd.,2020-08-12,0.0,2,0,2,0,RELIANCE
Reliance Industries Ltd.,2020-08-16,0.0,2,0,2,0,RELIANCE
Reliance Industries Ltd.,2020-08-17,0.0,2,0,2,0,RELIANCE
Reliance Industries Ltd.,2020-08-18,-1.0,2,0,0,2,RELIANCE
Reliance Industries Ltd.,2020-08-19,0.0,2,0,2,0,RELIANCE
Reliance Industries Ltd.,2020-08-26,0.0,2,0,2,0,RELIANCE
Reliance Industries Ltd.,2020-08-27,-1.0,2,0,0,2,RELIANCE
Reliance Industries Ltd.,2020-08-29,0.0,2,0,2,0,RELIANCE
Reliance Industries Ltd.,2020-08-31,1.0,2,2,0,0,RELIANCE
Reliance Industries Ltd.,2020-09-02,-1.0,2,0,0,2,RELIANCE
Reliance Industries Ltd.,2020-09-03,0.0,2,0,2,0,RELIANCE
Reliance Industries Ltd.,2020-09-08,1.0,2,2,0,0,RELIANCE
Reliance Industries Ltd.,2020-09-09,0.0,2,0,2,0,RELIANCE
Reliance Industries Ltd.,2020-09-10,0.0,3,0,3,0,RELIANCE
Reliance Industries Ltd.,2020-09-12,0.0,2,0,2,0,RELIANCE
Reliance Industries Ltd.,2020-09-13,0.0,2,0,2,0,RELIANCE
Reliance Industries Ltd.,2020-09-15,-1.0,2,0,0,2,RELIANCE
Reliance Industries Ltd.,2020-09-16,0.0,2,0,2,0,RELIANCE
Reliance Industries Ltd.,2020-09-22,-1.0,2,0,0,2,RELIANCE
Reliance Industries Ltd.,2020-09-23,0.0,4,0,4,0,RELIANCE
Reliance Industries Ltd.,2020-09-25,1.0,2,2,0,0,RELIANCE
Reliance Industries Ltd.,2020-09-29,0.0,2,0,2,0,RELIANCE
Reliance Industries Ltd.,2020-09-30,0.0,4,0,4,0,RELIANCE
Reliance Industries Ltd.,2020-10-01,0.0,4,0,4,0,RELIANCE
Reliance Industries Ltd.,2020-10-06,0.0,2,0,2,0,RELIANCE
Reliance Industries Ltd.,2020-10-07,0.0,2,0,2,0,RELIANCE
Reliance Industries Ltd.,2020-10-09,1.0,2,2,0,0,RELIANCE
Reliance Industries Ltd.,2020-10-16,0.0,1,0,1,0,RELIANCE
Reliance Industries Ltd.,2020-10-21,0.0,2,0,2,0,RELIANCE
Reliance Industries Ltd.,2020-10-30,-1.0,2,0,0,2,RELIANCE
Reliance Industries Ltd.,2020-10-31,0.0,2,0,2,0,RELIANCE
Reliance Industries Ltd.,2020-11-11,0.0,2,0,2,0,RELIANCE
Reliance Industries Ltd.,2020-11-17,0.0,1,0,1,0,RELIANCE
Reliance Industries Ltd.,2020-11-20,0.0,1,0,1,0,RELIANCE
Reliance Industries Ltd.,2020-12-02,0.0,1,0,1,0,RELIANCE
Reliance Industries Ltd.,2020-12-06,0.0,1,0,1,0,RELIANCE
Reliance Industries Ltd.,2021-01-09,0.0,1,0,1,0,RELIANCE
Reliance Industries Ltd.,2021-04-12,0.0,2,0,2,0,RELIANCE
Reliance Industries Ltd.,2021-04-23,1.0,2,2,0,0,RELIANCE
Reliance Industries Ltd.,2021-05-18,0.0,1,0,1,0,RELIANCE
Reliance Industries Ltd.,2021-05-29,0.0,1,0,1,0,RELIANCE
Reliance Industries Ltd.,2021-06-18,0.0,1,0,1,0,RELIANCE
Reliance Industries Ltd.,2021-08-15,0.0,1,0,1,0,RELIANCE
Reliance Industries Ltd.,2021-09-11,0.0,1,0,1,0,RELIANCE
Reliance Industries Ltd.,2021-09-23,1.0,1,1,0,0,RELIANCE
Reliance Industries Ltd.,2021-09-30,1.0,1,1,0,0,RELIANCE
Reliance Industries Ltd.,2021-10-13,0.0,1,0,1,0,RELIANCE
Reliance Industries Ltd.,2021-12-14,1.0,1,1,0,0,RELIANCE
Reliance Industries Ltd.,2022-01-02,0.0,1,0,1,0,RELIANCE
Reliance Industries Ltd.,2022-01-25,0.0,1,0,1,0,RELIANCE
Reliance Industries Ltd.,2022-02-19,0.0,1,0,1,0,RELIANCE
Reliance Industries Ltd.,2022-03-01,0.0,1,0,1,0,RELIANCE
Reliance Industries Ltd.,2022-03-02,-1.0,2,0,0,2,RELIANCE
Reliance Industries Ltd.,2022-03-09,0.0,1,0,1,0,RELIANCE
Reliance Industries Ltd.,2022-03-11,-1.0,1,0,0,1,RELIANCE
Reliance Industries Ltd.,2022-03-13,0.0,1,0,1,0,RELIANCE
Reliance Industries Ltd.,2022-03-14,1.0,1,1,0,0,RELIANCE
Reliance Industries Ltd.,2022-03-16,0.0,1,0,1,0,RELIANCE
Reliance Industries Ltd.,2022-03-17,1.0,1,1,0,0,RELIANCE
Reliance Industries Ltd.,2022-03-18,0.0,1,0,1,0,RELIANCE
Reliance Industries Ltd.,2022-03-19,0.0,1,0,1,0,RELIANCE
Reliance Industries Ltd.,2022-03-20,0.0,1,0,1,0,RELIANCE
Reliance Industries Ltd.,2022-03-25,0.0,5,0,5,0,RELIANCE
Reliance Industries Ltd.,2022-03-26,0.0,1,0,1,0,RELIANCE
Reliance Industries Ltd.,2022-03-27,0.0,1,0,1,0,RELIANCE
Reliance Industries Ltd.,2022-04-01,-1.0,1,0,0,1,RELIANCE
Reliance Industries Ltd.,2022-04-06,1.0,1,1,0,0,RELIANCE
Reliance Industries Ltd.,2022-04-11,0.0,2,0,2,0,RELIANCE
Reliance Industries Ltd.,2022-04-12,0.0,1,0,1,0,RELIANCE
Reliance Industries Ltd.,2022-04-14,0.0,1,0,1,0,RELIANCE
Reliance Industries Ltd.,2022-04-19,1.0,1,1,0,0,RELIANCE
Reliance Industries Ltd.,2022-04-20,0.0,1,0,1,0,RELIANCE
Reliance Industries Ltd.,2022-04-21,-1.0,1,0,0,1,RELIANCE
Reliance Industries Ltd.,2022-04-23,0.0,2,0,2,0,RELIANCE
Reliance Industries Ltd.,2022-04-25,0.0,1,0,1,0,RELIANCE
Reliance Industries Ltd.,2022-04-27,-1.0,1,0,0,1,RELIANCE
Reliance Industries Ltd.,2022-05-01,0.0,1,0,1,0,RELIANCE
Reliance Industries Ltd.,2022-05-03,0.0,1,0,1,0,RELIANCE
Reliance Industries Ltd.,2022-05-08,0.0,1,0,1,0,RELIANCE
Reliance Industries Ltd.,2022-05-12,0.0,1,0,1,0,RELIANCE
Reliance Industries Ltd.,2022-05-17,-1.0,1,0,0,1,RELIANCE
Reliance Industries Ltd.,2022-05-18,1.0,1,1,0,0,RELIANCE
Reliance Industries Ltd.,2022-05-19,0.0,2,0,2,0,RELIANCE
Reliance Industries Ltd.,2022-06-02,0.0,1,0,1,0,RELIANCE
Reliance Industries Ltd.,2022-06-07,1.0,1,1,0,0,RELIANCE
Reliance Industries Ltd.,2022-06-14,-1.0,1,0,0,1,RELIANCE
Reliance Industries Ltd.,2022-06-15,1.0,2,2,0,0,RELIANCE
Reliance Industries Ltd.,2022-06-16,-1.0,1,0,0,1,RELIANCE
Reliance Industries Ltd.,2022-06-17,1.0,4,4,0,0,RELIANCE
Reliance Industries Ltd.,2022-06-30,0.0,2,0,2,0,RELIANCE
Reliance Industries Ltd.,2022-07-05,0.0,1,0,1,0,RELIANCE
Reliance Industries Ltd.,2022-07-24,0.0,1,0,1,0,RELIANCE
Reliance Industries Ltd.,2022-08-12,0.0,1,0,1,0,RELIANCE
Reliance Industries Ltd.,2022-08-29,-1.0,2,0,0,2,RELIANCE
Reliance Industries Ltd.,2022-09-07,0.0,2,0,2,0,RELIANCE
Reliance Industries Ltd.,2022-09-21,-1.0,1,0,0,1,RELIANCE
Reliance Industries Ltd.,2022-09-28,1.0,1,1,0,0,RELIANCE
Reliance Industries Ltd.,2022-10-08,0.0,2,0,2,0,RELIANCE
Reliance Industries Ltd.,2022-10-20,0.0,1,0,1,0,RELIANCE
Reliance Industries Ltd.,2022-10-21,-1.0,1,0,0,1,RELIANCE
Reliance Industries Ltd.,2022-10-28,0.0,2,0,2,0,RELIANCE
Reliance Industries Ltd.,2022-11-08,0.0,1,0,1,0,RELIANCE
Reliance Industries Ltd.,2022-11-17,-1.0,1,0,0,1,RELIANCE
Reliance Industries Ltd.,2022-11-21,0.0,1,0,1,0,RELIANCE
Reliance Industries Ltd.,2022-12-07,-1.0,1,0,0,1,RELIANCE
Reliance Industries Ltd.,2022-12-09,0.0,1,0,1,0,RELIANCE
Reliance Industries Ltd.,2022-12-17,0.0,1,0,1,0,RELIANCE
Reliance Industries Ltd.,2023-01-23,-1.0,2,0,0,2,RELIANCE
Reliance Industries Ltd.,2023-01-24,-1.0,1,0,0,1,RELIANCE
Reliance Industries Ltd.,2023-03-03,0.0,1,0,1,0,RELIANCE
Reliance Industries Ltd.,2023-03-20,0.0,1,0,1,0,RELIANCE
Reliance Industries Ltd.,2023-04-03,0.0,1,0,1,0,RELIANCE
Reliance Industries Ltd.,2023-04-14,0.0,1,0,1,0,RELIANCE
Reliance Industries Ltd.,2023-04-16,0.0,1,0,1,0,RELIANCE
Reliance Industries Ltd.,2023-04-26,1.0,1,1,0,0,RELIANCE
Reliance Industries Ltd.,2023-04-28,0.0,1,0,1,0,RELIANCE
Reliance Industries Ltd.,2023-04-29,0.0,1,0,1,0,RELIANCE
Reliance Industries Ltd.,2023-05-04,1.0,1,1,0,0,RELIANCE
Reliance Industries Ltd.,2023-05-12,-1.0,1,0,0,1,RELIANCE
Reliance Industries Ltd.,2023-05-18,0.0,1,0,1,0,RELIANCE
Reliance Industries Ltd.,2023-05-22,0.0,1,0,1,0,RELIANCE
Reliance Industries Ltd.,2023-05-27,0.0,1,0,1,0,RELIANCE
Reliance Industries Ltd.,2023-06-26,1.0,1,1,0,0,RELIANCE
Reliance Industries Ltd.,2023-07-03,0.0,1,0,1,0,RELIANCE
Reliance Industries Ltd.,2023-07-04,1.0,1,1,0,0,RELIANCE
Reliance Industries Ltd.,2023-07-07,1.0,1,1,0,0,RELIANCE
Reliance Industries Ltd.,2023-07-08,0.0,1,0,1,0,RELIANCE
Reliance Industries Ltd.,2023-07-17,0.0,2,0,2,0,RELIANCE
Reliance Industries Ltd.,2023-07-18,0.0,2,0,2,0,RELIANCE
Reliance Industries Ltd.,2023-07-20,-1.0,2,0,0,2,RELIANCE
Reliance Industries Ltd.,2023-07-24,1.0,1,1,0,0,RELIANCE
Reliance Industries Ltd.,2023-07-26,1.0,4,4,0,0,RELIANCE
Reliance Industries Ltd.,2023-07-30,0.0,1,0,1,0,RELIANCE
Reliance Industries Ltd.,2023-07-31,-1.0,1,0,0,1,RELIANCE
Reliance Industries Ltd.,2023-08-07,0.0,1,0,1,0,RELIANCE
Reliance Industries Ltd.,2023-08-09,0.0,2,0,2,0,RELIANCE
Reliance Industries Ltd.,2023-08-10,1.0,1,1,0,0,RELIANCE
Reliance Industries Ltd.,2023-08-14,-1.0,1,0,0,1,RELIANCE
Reliance Industries Ltd.,2023-08-23,0.0,2,0,2,0,RELIANCE
Reliance Industries Ltd.,2023-08-28,0.0,2,0,2,0,RELIANCE
Reliance Industries Ltd.,2023-08-30,0.0,2,0,2,0,RELIANCE
Reliance Industries Ltd.,2023-09-02,0.0,1,0,1,0,RELIANCE
Reliance Industries Ltd.,2023-09-04,0.0,2,0,2,0,RELIANCE
Reliance Industries Ltd.,2023-09-05,0.0,6,0,6,0,RELIANCE
Reliance Industries Ltd.,2023-09-06,0.0,4,0,4,0,RELIANCE
Reliance Industries Ltd.,2023-09-08,-1.0,4,0,0,4,RELIANCE
Reliance Industries Ltd.,2023-09-09,0.0,1,0,1,0,RELIANCE
Reliance Industries Ltd.,2023-09-12,0.0,2,0,2,0,RELIANCE
Reliance Industries Ltd.,2023-09-14,0.0,1,0,1,0,RELIANCE
Reliance Industries Ltd.,2023-09-19,0.0,2,0,2,0,RELIANCE
Reliance Industries Ltd.,2023-09-20,0.0,8,0,8,0,RELIANCE
Reliance Industries Ltd.,2023-09-25,1.0,3,3,0,0,RELIANCE
Reliance Industries Ltd.,2023-09-29,0.0,2,0,2,0,RELIANCE
Reliance Industries Ltd.,2023-10-04,0.0,3,0,3,0,RELIANCE
Reliance Industries Ltd.,2023-10-07,0.0,1,0,1,0,RELIANCE
Reliance Industries Ltd.,2023-10-10,0.0,2,0,2,0,RELIANCE
Reliance Industries Ltd.,2023-10-11,0.0,4,0,4,0,RELIANCE
Reliance Industries Ltd.,2023-10-12,0.0,1,0,1,0,RELIANCE
Reliance Industries Ltd.,2023-10-18,0.0,3,0,3,0,RELIANCE
Reliance Industries Ltd.,2023-10-22,0.0,2,0,2,0,RELIANCE
Reliance Industries Ltd.,2023-10-24,0.0,3,0,3,0,RELIANCE
Reliance Industries Ltd.,2023-10-26,1.0,1,1,0,0,RELIANCE
Reliance Industries Ltd.,2023-10-27,-1.0,4,0,0,4,RELIANCE
Reliance Industries Ltd.,2023-10-30,0.0,6,0,6,0,RELIANCE
Reliance Industries Ltd.,2023-10-31,0.0,2,0,2,0,RELIANCE
Reliance Industries Ltd.,2023-11-01,0.0,8,0,8,0,RELIANCE
Reliance Industries Ltd.,2023-11-02,0.0,4,0,4,0,RELIANCE
Reliance Industries Ltd.,2023-11-03,0.0,5,0,5,0,RELIANCE
Reliance Industries Ltd.,2023-11-06,0.0,6,0,6,0,RELIANCE
Reliance Industries Ltd.,2023-11-12,0.0,2,0,2,0,RELIANCE
Reliance Industries Ltd.,2023-11-14,0.0,1,0,1,0,RELIANCE
Reliance Industries Ltd.,2023-11-21,0.0,2,0,2,0,RELIANCE
Reliance Industries Ltd.,2023-11-22,0.0,2,0,2,0,RELIANCE
Reliance Industries Ltd.,2023-11-23,0.0,2,0,2,0,RELIANCE
Reliance Industries Ltd.,2023-11-28,0.0,4,0,4,0,RELIANCE
Reliance Industries Ltd.,2023-11-29,0.0,1,0,1,0,RELIANCE
Reliance Industries Ltd.,2023-12-06,0.0,1,0,1,0,RELIANCE
Reliance Industries Ltd.,2023-12-10,0.0,2,0,2,0,RELIANCE
Reliance Industries Ltd.,2023-12-12,1.0,2,2,0,0,RELIANCE
Reliance Industries Ltd.,2023-12-15,1.0,3,3,0,0,RELIANCE
Reliance Industries Ltd.,2024-01-10,0.0,1,0,1,0,RELIANCE
Reliance Industries Ltd.,2024-01-14,0.0,2,0,2,0,RELIANCE
Reliance Industries Ltd.,2024-01-15,0.0,1,0,1,0,RELIANCE
Reliance Industries Ltd.,2024-01-20,0.0,1,0,1,0,RELIANCE
Reliance Industries Ltd.,2024-02-09,0.0,1,0,1,0,RELIANCE
Reliance Industries Ltd.,2024-02-10,0.0,1,0,1,0,RELIANCE
Reliance Industries Ltd.,2024-02-15,0.0,2,0,2,0,RELIANCE
Reliance Industries Ltd.,2024-02-26,-1.0,1,0,0,1,RELIANCE
Reliance Industries Ltd.,2024-02-28,1.0,8,8,0,0,RELIANCE
Reliance Industries Ltd.,2024-02-29,1.0,2,2,0,0,RELIANCE
Reliance Industries Ltd.,2024-03-01,0.0,2,0,2,0,RELIANCE
Reliance Industries Ltd.,2024-03-13,0.0,2,0,2,0,RELIANCE
Reliance Industries Ltd.,2024-03-19,0.0,1,0,1,0,RELIANCE
Reliance Industries Ltd.,2024-03-30,0.0,1,0,1,0,RELIANCE
Reliance Industries Ltd.,2024-04-09,0.0,2,0,2,0,RELIANCE
Reliance Industries Ltd.,2024-04-23,0.0,3,0,3,0,RELIANCE
Reliance Industries Ltd.,2024-04-25,0.0,1,0,1,0,RELIANCE
Reliance Industries Ltd.,2024-05-04,0.0,1,0,1,0,RELIANCE
Reliance Industries Ltd.,2024-05-08,0.0,1,0,1,0,RELIANCE
Reliance Industries Ltd.,2024-05-09,0.0,1,0,1,0,RELIANCE
Reliance Industries Ltd.,2024-05-21,1.0,1,1,0,0,RELIANCE
Reliance Industries Ltd.,2024-05-23,0.0,4,0,4,0,RELIANCE
Reliance Industries Ltd.,2024-05-27,-1.0,2,0,0,2,RELIANCE
Reliance Industries Ltd.,2024-05-29,0.0,1,0,1,0,RELIANCE
Reliance Industries Ltd.,2024-06-04,0.0,1,0,1,0,RELIANCE
Reliance Industries Ltd.,2024-06-05,1.0,2,2,0,0,RELIANCE
Reliance Industries Ltd.,2024-06-07,-1.0,1,0,0,1,RELIANCE
Reliance Industries Ltd.,2024-06-14,-1.0,1,0,0,1,RELIANCE
Reliance Industries Ltd.,2024-06-17,0.0,1,0,1,0,RELIANCE
Reliance Industries Ltd.,2024-06-20,0.0,1,0,1,0,RELIANCE
Reliance Industries Ltd.,2024-06-22,0.0,1,0,1,0,RELIANCE
Reliance Industries Ltd.,2024-06-25,1.0,5,5,0,0,RELIANCE
Reliance Industries Ltd.,2024-06-27,0.0,1,0,1,0,RELIANCE
Reliance Industries Ltd.,2024-06-28,0.0,2,0,2,0,RELIANCE
Reliance Industries Ltd.,2024-07-02,0.0,2,0,2,0,RELIANCE
Reliance Industries Ltd.,2024-07-11,0.0,1,0,1,0,RELIANCE
Reliance Industries Ltd.,2024-07-13,0.0,1,0,1,0,RELIANCE
Reliance Industries Ltd.,2024-07-15,0.0,1,0,1,0,RELIANCE
Reliance Industries Ltd.,2024-07-19,0.0,2,0,2,0,RELIANCE
Reliance Industries Ltd.,2024-07-22,0.0,2,0,2,0,RELIANCE
Reliance Industries Ltd.,2024-07-24,1.0,1,1,0,0,RELIANCE
Reliance Industries Ltd.,2024-07-25,0.0,1,0,1,0,RELIANCE
Reliance Industries Ltd.,2024-07-26,0.0,1,0,1,0,RELIANCE
Reliance Industries Ltd.,2024-08-07,1.0,2,2,0,0,RELIANCE
Reliance Industries Ltd.,2024-08-11,0.0,1,0,1,0,RELIANCE
Reliance Industries Ltd.,2024-08-17,0.0,1,0,1,0,RELIANCE
Reliance Industries Ltd.,2024-08-19,0.0,1,0,1,0,RELIANCE
Reliance Industries Ltd.,2024-08-21,0.0,1,0,1,0,RELIANCE
Reliance Industries Ltd.,2024-08-22,0.0,3,0,3,0,RELIANCE
Reliance Industries Ltd.,2024-08-25,0.0,1,0,1,0,RELIANCE
Reliance Industries Ltd.,2024-08-28,0.0,2,0,2,0,RELIANCE
Reliance Industries Ltd.,2024-08-29,0.0,2,0,2,0,RELIANCE
Reliance Industries Ltd.,2024-08-30,0.0,2,0,2,0,RELIANCE
Reliance Industries Ltd.,2024-09-02,0.0,1,0,1,0,RELIANCE
Reliance Industries Ltd.,2024-09-04,-1.0,1,0,0,1,RELIANCE
Reliance Industries Ltd.,2024-09-05,0.0,1,0,1,0,RELIANCE
Reliance Industries Ltd.,2024-09-06,0.0,1,0,1,0,RELIANCE
Reliance Industries Ltd.,2024-09-09,0.0,2,0,2,0,RELIANCE
Reliance Industries Ltd.,2024-09-13,0.0,1,0,1,0,RELIANCE
Reliance Industries Ltd.,2024-09-16,0.0,1,0,1,0,RELIANCE
Reliance Industries Ltd.,2024-09-24,0.0,1,0,1,0,RELIANCE
Reliance Industries Ltd.,2024-09-30,-1.0,3,0,0,3,RELIANCE
Reliance Industries Ltd.,2024-10-03,-1.0,2,0,0,2,RELIANCE
Reliance Industries Ltd.,2024-10-05,0.0,2,0,2,0,RELIANCE
Reliance Industries Ltd.,2024-10-08,0.0,2,0,2,0,RELIANCE
Reliance Industries Ltd.,2024-10-09,0.0,2,0,2,0,RELIANCE
Reliance Industries Ltd.,2024-10-14,0.0,3,0,3,0,RELIANCE
Reliance Industries Ltd.,2024-10-15,0.0,4,0,4,0,RELIANCE
Reliance Industries Ltd.,2024-10-18,-1.0,1,0,0,1,RELIANCE
Reliance Industries Ltd.,2024-10-22,0.0,1,0,1,0,RELIANCE
Reliance Industries Ltd.,2024-10-23,0.0,1,0,1,0,RELIANCE
Reliance Industries Ltd.,2024-10-25,0.0,3,0,3,0,RELIANCE
Reliance Industries Ltd.,2024-10-26,0.0,2,0,2,0,RELIANCE
Reliance Industries Ltd.,2024-10-27,0.0,3,0,3,0,RELIANCE
Reliance Industries Ltd.,2024-10-28,0.0,4,0,4,0,RELIANCE
Reliance Industries Ltd.,2024-10-29,0.0,5,0,5,0,RELIANCE
Reliance Industries Ltd.,2024-10-30,0.0,6,0,6,0,RELIANCE
Reliance Industries Ltd.,2024-10-31,-1.0,9,0,0,9,RELIANCE
Reliance Industries Ltd.,2024-11-01,0.0,3,0,3,0,RELIANCE
Reliance Industries Ltd.,2024-11-03,0.0,2,0,2,0,RELIANCE
Reliance Industries Ltd.,2024-11-04,1.0,6,6,0,0,RELIANCE
Reliance Industries Ltd.,2024-11-05,-1.0,4,0,0,4,RELIANCE
Reliance Industries Ltd.,2024-11-06,-1.0,1,0,0,1,RELIANCE
Reliance Industries Ltd.,2024-11-07,0.0,7,0,7,0,RELIANCE
Reliance Industries Ltd.,2024-11-08,0.0,4,0,4,0,RELIANCE
Reliance Industries Ltd.,2024-11-09,0.0,1,0,1,0,RELIANCE
Reliance Industries Ltd.,2024-11-10,0.0,2,0,2,0,RELIANCE
Reliance Industries Ltd.,2024-11-11,-1.0,4,0,0,4,RELIANCE
Reliance Industries Ltd.,2024-11-12,1.0,13,13,0,0,RELIANCE
Reliance Industries Ltd.,2024-11-13,0.0,1,0,1,0,RELIANCE
Reliance Industries Ltd.,2024-11-14,-1.0,6,0,0,6,RELIANCE
Reliance Industries Ltd.,2024-11-15,-1.0,5,0,0,5,RELIANCE
Reliance Industries Ltd.,2024-11-16,-0.5,2,0,1,1,RELIANCE
Reliance Industries Ltd.,2024-11-17,-1.0,3,0,0,3,RELIANCE
Reliance Industries Ltd.,2024-11-18,-1.0,6,0,0,6,RELIANCE
Reliance Industries Ltd.,2024-11-19,1.0,4,4,0,0,RELIANCE
Reliance Industries Ltd.,2024-11-20,0.6666666666666666,6,4,2,0,RELIANCE
Reliance Industries Ltd.,2024-11-21,0.16666666666666666,6,1,5,0,RELIANCE
Reliance Industries Ltd.,2024-11-22,0.0,5,0,5,0,RELIANCE
Reliance Industries Ltd.,2024-11-23,0.0,1,0,1,0,RELIANCE
Reliance Industries Ltd.,2024-11-28,1.0,2,2,0,0,RELIANCE
Reliance Industries Ltd.,2024-12-10,-1.0,2,0,0,2,RELIANCE
Reliance Industries Ltd.,2024-12-12,0.0,2,0,2,0,RELIANCE
Shriram Finance Ltd.,2024-10-25,0.0,1,0,1,0,SHRIRAMFIN
State Bank of India,2009-04-09,1.0,1,1,0,0,SBIN
State Bank of India,2010-02-24,1.0,1,1,0,0,SBIN
State Bank of India,2011-03-11,-1.0,1,0,0,1,SBIN
State Bank of India,2013-01-03,0.0,1,0,1,0,SBIN
State Bank of India,2014-02-09,0.0,1,0,1,0,SBIN
State Bank of India,2014-08-17,0.0,1,0,1,0,SBIN
State Bank of India,2015-07-28,1.0,1,1,0,0,SBIN
State Bank of India,2015-09-01,0.0,1,0,1,0,SBIN
State Bank of India,2015-10-20,1.0,1,1,0,0,SBIN
State Bank of India,2016-06-23,1.0,1,1,0,0,SBIN
State Bank of India,2016-10-20,1.0,1,1,0,0,SBIN
State Bank of India,2018-11-24,0.0,1,0,1,0,SBIN
State Bank of India,2019-01-30,-1.0,1,0,0,1,SBIN
State Bank of India,2020-01-29,1.0,1,1,0,0,SBIN
State Bank of India,2020-01-30,-1.0,1,0,0,1,SBIN
State Bank of India,2020-08-28,1.0,1,1,0,0,SBIN
State Bank of India,2020-09-03,0.0,1,0,1,0,SBIN
State Bank of India,2022-03-01,0.0,2,0,2,0,SBIN
State Bank of India,2022-08-11,0.0,1,0,1,0,SBIN
State Bank of India,2022-11-01,1.0,1,1,0,0,SBIN
State Bank of India,2022-12-09,0.0,1,0,1,0,SBIN
State Bank of India,2023-04-11,0.0,1,0,1,0,SBIN
State Bank of India,2023-05-21,0.0,1,0,1,0,SBIN
State Bank of India,2024-02-29,0.0,1,0,1,0,SBIN
State Bank of India,2024-03-26,1.0,1,1,0,0,SBIN
State Bank of India,2024-07-19,-1.0,1,0,0,1,SBIN
State Bank of India,2024-10-26,1.0,2,2,0,0,SBIN
State Bank of India,2024-10-27,1.0,4,4,0,0,SBIN
State Bank of India,2024-10-28,-1.0,4,0,0,4,SBIN
State Bank of India,2024-10-29,0.0,5,0,5,0,SBIN
State Bank of India,2024-10-30,0.0,11,0,11,0,SBIN
State Bank of India,2024-11-01,1.0,1,1,0,0,SBIN
State Bank of India,2024-11-02,1.0,4,4,0,0,SBIN
State Bank of India,2024-11-03,1.0,4,4,0,0,SBIN
State Bank of India,2024-11-04,0.0,5,0,5,0,SBIN
State Bank of India,2024-11-05,0.0,1,0,1,0,SBIN
State Bank of India,2024-11-06,-1.0,5,0,0,5,SBIN
State Bank of India,2024-11-07,0.0,6,0,6,0,SBIN
State Bank of India,2024-11-08,-1.0,9,0,0,9,SBIN
State Bank of India,2024-11-09,-1.0,1,0,0,1,SBIN
State Bank of India,2024-11-11,-1.0,2,0,0,2,SBIN
State Bank of India,2024-11-12,0.0,3,0,3,0,SBIN
State Bank of India,2024-11-13,1.0,6,6,0,0,SBIN
State Bank of India,2024-11-14,-1.0,2,0,0,2,SBIN
State Bank of India,2024-11-15,-1.0,4,0,0,4,SBIN
State Bank of India,2024-11-16,-1.0,1,0,0,1,SBIN
State Bank of India,2024-11-18,-1.0,3,0,0,3,SBIN
State Bank of India,2024-11-19,1.0,9,9,0,0,SBIN
State Bank of India,2024-11-20,1.0,3,3,0,0,SBIN
State Bank of India,2024-11-21,0.0,3,0,3,0,SBIN
State Bank of India,2024-11-22,0.0,1,0,1,0,SBIN
State Bank of India,2024-11-23,0.0,1,0,1,0,SBIN
Sun Pharmaceutical Industries Ltd.,2013-06-13,1.0,1,1,0,0,SUNPHARMA
Sun Pharmaceutical Industries Ltd.,2014-04-07,-1.0,2,0,0,2,SUNPHARMA
Sun Pharmaceutical Industries Ltd.,2014-06-27,-1.0,2,0,0,2,SUNPHARMA
Sun Pharmaceutical Industries Ltd.,2014-07-03,1.0,2,2,0,0,SUNPHARMA
Sun Pharmaceutical Industries Ltd.,2015-04-20,1.0,2,2,0,0,SUNPHARMA
Sun Pharmaceutical Industries Ltd.,2015-06-28,0.0,2,0,2,0,SUNPHARMA
Sun Pharmaceutical Industries Ltd.,2016-09-08,-1.0,2,0,0,2,SUNPHARMA
Sun Pharmaceutical Industries Ltd.,2018-07-12,-1.0,2,0,0,2,SUNPHARMA
Sun Pharmaceutical Industries Ltd.,2019-01-18,1.0,2,2,0,0,SUNPHARMA
Sun Pharmaceutical Industries Ltd.,2020-06-25,0.0,2,0,2,0,SUNPHARMA
Sun Pharmaceutical Industries Ltd.,2020-09-03,0.0,2,0,2,0,SUNPHARMA
Sun Pharmaceutical Industries Ltd.,2023-01-22,0.0,2,0,2,0,SUNPHARMA
Sun Pharmaceutical Industries Ltd.,2023-06-30,1.0,2,2,0,0,SUNPHARMA
Sun Pharmaceutical Industries Ltd.,2023-09-20,-1.0,2,0,0,2,SUNPHARMA
Sun Pharmaceutical Industries Ltd.,2023-09-28,-1.0,2,0,0,2,SUNPHARMA
Sun Pharmaceutical Industries Ltd.,2023-09-29,-1.0,4,0,0,4,SUNPHARMA
Sun Pharmaceutical Industries Ltd.,2023-10-03,0.0,2,0,2,0,SUNPHARMA
Sun Pharmaceutical Industries Ltd.,2023-10-04,0.0,2,0,2,0,SUNPHARMA
Sun Pharmaceutical Industries Ltd.,2023-10-16,1.0,2,2,0,0,SUNPHARMA
Sun Pharmaceutical Industries Ltd.,2023-10-29,0.0,2,0,2,0,SUNPHARMA
Sun Pharmaceutical Industries Ltd.,2023-11-01,0.0,4,0,4,0,SUNPHARMA
Sun Pharmaceutical Industries Ltd.,2023-11-07,0.0,2,0,2,0,SUNPHARMA
Sun Pharmaceutical Industries Ltd.,2024-01-17,0.0,2,0,2,0,SUNPHARMA
Sun Pharmaceutical Industries Ltd.,2024-03-17,0.0,2,0,2,0,SUNPHARMA
Sun Pharmaceutical Industries Ltd.,2024-03-31,0.0,1,0,1,0,SUNPHARMA
Sun Pharmaceutical Industries Ltd.,2024-04-18,1.0,2,2,0,0,SUNPHARMA
Sun Pharmaceutical Industries Ltd.,2024-08-02,0.0,2,0,2,0,SUNPHARMA
Sun Pharmaceutical Industries Ltd.,2024-09-26,-1.0,2,0,0,2,SUNPHARMA
Sun Pharmaceutical Industries Ltd.,2024-10-28,-1.0,3,0,0,3,SUNPHARMA
Sun Pharmaceutical Industries Ltd.,2024-10-29,0.0,4,0,4,0,SUNPHARMA
Tata Consultancy Services Ltd.,2010-10-26,0.0,1,0,1,0,TCS
Tata Consultancy Services Ltd.,2013-10-02,0.0,1,0,1,0,TCS
Tata Consultancy Services Ltd.,2014-12-18,0.0,2,0,2,0,TCS
Tata Consultancy Services Ltd.,2015-01-05,-1.0,2,0,0,2,TCS
Tata Consultancy Services Ltd.,2015-01-11,0.0,1,0,1,0,TCS
Tata Consultancy Services Ltd.,2015-06-19,0.0,1,0,1,0,TCS
Tata Consultancy Services Ltd.,2015-12-26,0.0,1,0,1,0,TCS
Tata Consultancy Services Ltd.,2016-03-17,0.0,2,0,2,0,TCS
Tata Consultancy Services Ltd.,2016-04-17,0.0,1,0,1,0,TCS
Tata Consultancy Services Ltd.,2016-05-06,0.0,2,0,2,0,TCS
Tata Consultancy Services Ltd.,2016-09-29,0.0,2,0,2,0,TCS
Tata Consultancy Services Ltd.,2016-10-14,1.0,2,2,0,0,TCS
Tata Consultancy Services Ltd.,2016-10-21,-1.0,2,0,0,2,TCS
Tata Consultancy Services Ltd.,2016-10-25,0.0,2,0,2,0,TCS
Tata Consultancy Services Ltd.,2016-10-28,-1.0,2,0,0,2,TCS
Tata Consultancy Services Ltd.,2016-11-04,0.0,2,0,2,0,TCS
Tata Consultancy Services Ltd.,2016-11-05,0.0,2,0,2,0,TCS
Tata Consultancy Services Ltd.,2016-11-08,0.0,2,0,2,0,TCS
Tata Consultancy Services Ltd.,2016-11-09,-1.0,2,0,0,2,TCS
Tata Consultancy Services Ltd.,2016-11-10,0.0,5,0,5,0,TCS
Tata Consultancy Services Ltd.,2016-11-11,1.0,2,2,0,0,TCS
Tata Consultancy Services Ltd.,2016-11-13,0.0,2,0,2,0,TCS
Tata Consultancy Services Ltd.,2016-11-22,1.0,2,2,0,0,TCS
Tata Consultancy Services Ltd.,2016-12-05,-1.0,2,0,0,2,TCS
Tata Consultancy Services Ltd.,2016-12-07,0.0,2,0,2,0,TCS
Tata Consultancy Services Ltd.,2016-12-15,0.0,2,0,2,0,TCS
Tata Consultancy Services Ltd.,2016-12-16,1.0,2,2,0,0,TCS
Tata Consultancy Services Ltd.,2017-01-12,0.0,2,0,2,0,TCS
Tata Consultancy Services Ltd.,2017-01-13,0.0,4,0,4,0,TCS
Tata Consultancy Services Ltd.,2017-01-14,0.0,2,0,2,0,TCS
Tata Consultancy Services Ltd.,2017-01-25,-1.0,1,0,0,1,TCS
Tata Consultancy Services Ltd.,2017-01-31,1.0,4,4,0,0,TCS
Tata Consultancy Services Ltd.,2017-02-01,1.0,2,2,0,0,TCS
Tata Consultancy Services Ltd.,2017-04-23,0.0,1,0,1,0,TCS
Tata Consultancy Services Ltd.,2017-04-29,0.0,1,0,1,0,TCS
Tata Consultancy Services Ltd.,2017-08-19,0.0,2,0,2,0,TCS
Tata Consultancy Services Ltd.,2017-09-01,1.0,2,2,0,0,TCS
Tata Consultancy Services Ltd.,2017-09-26,0.0,2,0,2,0,TCS
Tata Consultancy Services Ltd.,2017-10-11,0.0,2,0,2,0,TCS
Tata Consultancy Services Ltd.,2017-12-28,-1.0,1,0,0,1,TCS
Tata Consultancy Services Ltd.,2018-02-20,0.0,2,0,2,0,TCS
Tata Consultancy Services Ltd.,2018-05-03,-1.0,2,0,0,2,TCS
Tata Consultancy Services Ltd.,2018-08-16,0.0,2,0,2,0,TCS
Tata Consultancy Services Ltd.,2018-10-24,-1.0,1,0,0,1,TCS
Tata Consultancy Services Ltd.,2018-10-29,1.0,2,2,0,0,TCS
Tata Consultancy Services Ltd.,2018-11-06,-1.0,1,0,0,1,TCS
Tata Consultancy Services Ltd.,2018-12-07,1.0,2,2,0,0,TCS
Tata Consultancy Services Ltd.,2019-01-10,-1.0,2,0,0,2,TCS
Tata Consultancy Services Ltd.,2019-08-13,-1.0,2,0,0,2,TCS
Tata Consultancy Services Ltd.,2020-01-05,0.0,2,0,2,0,TCS
Tata Consultancy Services Ltd.,2020-01-28,0.0,2,0,2,0,TCS
Tata Consultancy Services Ltd.,2020-03-25,1.0,2,2,0,0,TCS
Tata Consultancy Services Ltd.,2020-04-25,0.0,1,0,1,0,TCS
Tata Consultancy Services Ltd.,2020-04-26,0.0,1,0,1,0,TCS
Tata Consultancy Services Ltd.,2020-09-29,1.0,2,2,0,0,TCS
Tata Consultancy Services Ltd.,2020-10-07,0.0,2,0,2,0,TCS
Tata Consultancy Services Ltd.,2021-04-05,0.0,1,0,1,0,TCS
Tata Consultancy Services Ltd.,2021-04-26,0.0,1,0,1,0,TCS
Tata Consultancy Services Ltd.,2021-05-04,0.0,1,0,1,0,TCS
Tata Consultancy Services Ltd.,2021-05-12,0.0,1,0,1,0,TCS
Tata Consultancy Services Ltd.,2021-05-26,-1.0,1,0,0,1,TCS
Tata Consultancy Services Ltd.,2023-07-13,0.0,2,0,2,0,TCS
Tata Consultancy Services Ltd.,2023-09-06,0.0,2,0,2,0,TCS
Tata Consultancy Services Ltd.,2023-09-25,0.0,4,0,4,0,TCS
Tata Consultancy Services Ltd.,2023-09-28,0.0,2,0,2,0,TCS
Tata Consultancy Services Ltd.,2023-09-29,0.0,6,0,6,0,TCS
Tata Consultancy Services Ltd.,2023-10-03,1.0,4,4,0,0,TCS
Tata Consultancy Services Ltd.,2023-10-04,0.0,2,0,2,0,TCS
Tata Consultancy Services Ltd.,2023-10-05,0.0,4,0,4,0,TCS
Tata Consultancy Services Ltd.,2023-10-11,0.0,6,0,6,0,TCS
Tata Consultancy Services Ltd.,2023-10-12,-1.0,2,0,0,2,TCS
Tata Consultancy Services Ltd.,2023-10-13,0.0,2,0,2,0,TCS
Tata Consultancy Services Ltd.,2023-10-27,0.0,2,0,2,0,TCS
Tata Consultancy Services Ltd.,2023-10-30,-1.0,2,0,0,2,TCS
Tata Consultancy Services Ltd.,2023-10-31,0.0,2,0,2,0,TCS
Tata Consultancy Services Ltd.,2023-11-01,0.0,4,0,4,0,TCS
Tata Consultancy Services Ltd.,2023-11-02,0.0,2,0,2,0,TCS
Tata Consultancy Services Ltd.,2023-11-03,0.0,2,0,2,0,TCS
Tata Consultancy Services Ltd.,2023-11-06,0.0,2,0,2,0,TCS
Tata Consultancy Services Ltd.,2023-11-09,0.0,2,0,2,0,TCS
Tata Consultancy Services Ltd.,2023-11-11,0.0,2,0,2,0,TCS
Tata Consultancy Services Ltd.,2023-11-12,0.0,2,0,2,0,TCS
Tata Consultancy Services Ltd.,2023-11-13,1.0,2,2,0,0,TCS
Tata Consultancy Services Ltd.,2023-11-14,0.0,2,0,2,0,TCS
Tata Consultancy Services Ltd.,2023-11-15,0.0,4,0,4,0,TCS
Tata Consultancy Services Ltd.,2023-11-19,0.0,2,0,2,0,TCS
Tata Consultancy Services Ltd.,2023-11-20,0.0,2,0,2,0,TCS
Tata Consultancy Services Ltd.,2023-11-21,0.0,2,0,2,0,TCS
Tata Consultancy Services Ltd.,2023-11-24,1.0,2,2,0,0,TCS
Tata Consultancy Services Ltd.,2023-12-07,0.0,2,0,2,0,TCS
Tata Consultancy Services Ltd.,2023-12-10,0.0,2,0,2,0,TCS
Tata Consultancy Services Ltd.,2024-02-06,1.0,2,2,0,0,TCS
Tata Consultancy Services Ltd.,2024-02-07,0.0,2,0,2,0,TCS
Tata Consultancy Services Ltd.,2024-04-12,-1.0,2,0,0,2,TCS
Tata Consultancy Services Ltd.,2024-05-05,0.0,2,0,2,0,TCS
Tata Consultancy Services Ltd.,2024-05-26,0.0,1,0,1,0,TCS
Tata Consultancy Services Ltd.,2024-06-09,0.0,2,0,2,0,TCS
Tata Consultancy Services Ltd.,2024-07-11,0.0,2,0,2,0,TCS
Tata Consultancy Services Ltd.,2024-07-12,0.0,2,0,2,0,TCS
Tata Consultancy Services Ltd.,2024-10-10,0.0,2,0,2,0,TCS
Tata Consultancy Services Ltd.,2024-10-25,0.0,2,0,2,0,TCS
Tata Consultancy Services Ltd.,2024-10-26,0.0,2,0,2,0,TCS
Tata Consultancy Services Ltd.,2024-10-27,0.0,1,0,1,0,TCS
Tata Consultancy Services Ltd.,2024-10-28,0.0,6,0,6,0,TCS
Tata Consultancy Services Ltd.,2024-10-29,-1.0,4,0,0,4,TCS
Tata Consultancy Services Ltd.,2024-10-30,0.0,6,0,6,0,TCS
Tata Consultancy Services Ltd.,2024-10-31,0.0,9,0,9,0,TCS
Tata Consultancy Services Ltd.,2024-11-01,0.0,2,0,2,0,TCS
Tata Consultancy Services Ltd.,2024-11-02,0.0,3,0,3,0,TCS
Tata Consultancy Services Ltd.,2024-11-03,0.0,8,0,8,0,TCS
Tata Consultancy Services Ltd.,2024-11-04,1.0,5,5,0,0,TCS
Tata Consultancy Services Ltd.,2024-11-05,0.0,4,0,4,0,TCS
Tata Consultancy Services Ltd.,2024-11-06,0.0,3,0,3,0,TCS
Tata Consultancy Services Ltd.,2024-11-07,1.0,4,4,0,0,TCS
Tata Consultancy Services Ltd.,2024-11-08,0.0,5,0,5,0,TCS
Tata Consultancy Services Ltd.,2024-11-10,0.0,2,0,2,0,TCS
Tata Consultancy Services Ltd.,2024-11-11,-1.0,5,0,0,5,TCS
Tata Consultancy Services Ltd.,2024-11-12,0.0,4,0,4,0,TCS
Tata Consultancy Services Ltd.,2024-11-13,-1.0,4,0,0,4,TCS
Tata Consultancy Services Ltd.,2024-11-15,0.0,1,0,1,0,TCS
Tata Consultancy Services Ltd.,2024-11-16,0.0,1,0,1,0,TCS
Tata Consultancy Services Ltd.,2024-11-17,0.0,3,0,3,0,TCS
Tata Consultancy Services Ltd.,2024-11-18,0.0,5,0,5,0,TCS
Tata Consultancy Services Ltd.,2024-11-19,1.0,4,4,0,0,TCS
Tata Consultancy Services Ltd.,2024-11-20,1.0,2,2,0,0,TCS
Tata Consultancy Services Ltd.,2024-11-21,0.0,1,0,1,0,TCS
Tata Consultancy Services Ltd.,2024-11-22,0.0,3,0,3,0,TCS
Tata Consultancy Services Ltd.,2024-11-23,0.0,1,0,1,0,TCS
Tata Consultancy Services Ltd.,2024-12-05,0.0,2,0,2,0,TCS
Tata Consultancy Services Ltd.,2025-01-02,0.0,2,0,2,0,TCS
Tata Consultancy Services Ltd.,2025-01-10,0.0,12,0,12,0,TCS
Tata Consumer Products Ltd.,2016-11-08,1.0,2,2,0,0,TATACONSUM
Tata Consumer Products Ltd.,2022-07-15,0.0,2,0,2,0,TATACONSUM
Tata Consumer Products Ltd.,2023-06-14,0.0,2,0,2,0,TATACONSUM
Tata Consumer Products Ltd.,2023-09-25,0.0,2,0,2,0,TATACONSUM
Tata Consumer Products Ltd.,2023-11-01,0.0,2,0,2,0,TATACONSUM
Tata Consumer Products Ltd.,2023-11-11,0.0,1,0,1,0,TATACONSUM
Tata Consumer Products Ltd.,2023-12-15,1.0,2,2,0,0,TATACONSUM
Tata Consumer Products Ltd.,2024-04-23,0.0,2,0,2,0,TATACONSUM
Tata Consumer Products Ltd.,2024-07-23,0.0,2,0,2,0,TATACONSUM
Tata Consumer Products Ltd.,2024-07-24,0.0,2,0,2,0,TATACONSUM
Tata Consumer Products Ltd.,2024-09-25,0.0,2,0,2,0,TATACONSUM
Tata Consumer Products Ltd.,2024-10-21,1.0,2,2,0,0,TATACONSUM
Tata Steel Ltd.,2015-10-20,0.0,2,0,2,0,TATASTEEL
Tata Steel Ltd.,2016-01-18,-1.0,5,0,0,5,TATASTEEL
Tata Steel Ltd.,2016-03-29,-1.0,1,0,0,1,TATASTEEL
Tata Steel Ltd.,2016-03-30,0.0,6,0,6,0,TATASTEEL
Tata Steel Ltd.,2016-03-31,0.0,3,0,3,0,TATASTEEL
Tata Steel Ltd.,2016-04-01,-1.0,1,0,0,1,TATASTEEL
Tata Steel Ltd.,2016-04-02,0.0,3,0,3,0,TATASTEEL
Tata Steel Ltd.,2016-04-03,0.0,3,0,3,0,TATASTEEL
Tata Steel Ltd.,2016-04-04,1.0,1,1,0,0,TATASTEEL
Tata Steel Ltd.,2016-04-06,0.0,2,0,2,0,TATASTEEL
Tata Steel Ltd.,2016-04-07,1.0,2,2,0,0,TATASTEEL
Tata Steel Ltd.,2016-04-09,0.0,4,0,4,0,TATASTEEL
Tata Steel Ltd.,2016-04-11,1.0,2,2,0,0,TATASTEEL
Tata Steel Ltd.,2016-04-20,0.0,1,0,1,0,TATASTEEL
Tata Steel Ltd.,2016-04-21,-1.0,2,0,0,2,TATASTEEL
Tata Steel Ltd.,2016-04-29,0.0,2,0,2,0,TATASTEEL
Tata Steel Ltd.,2016-05-01,0.0,2,0,2,0,TATASTEEL
Tata Steel Ltd.,2016-05-13,0.0,2,0,2,0,TATASTEEL
Tata Steel Ltd.,2016-05-22,0.0,1,0,1,0,TATASTEEL
Tata Steel Ltd.,2016-06-28,1.0,1,1,0,0,TATASTEEL
Tata Steel Ltd.,2016-07-10,0.0,2,0,2,0,TATASTEEL
Tata Steel Ltd.,2016-07-30,0.0,1,0,1,0,TATASTEEL
Tata Steel Ltd.,2016-09-02,1.0,2,2,0,0,TATASTEEL
Tata Steel Ltd.,2016-10-26,1.0,2,2,0,0,TATASTEEL
Tata Steel Ltd.,2016-10-27,1.0,2,2,0,0,TATASTEEL
Tata Steel Ltd.,2016-10-28,-1.0,2,0,0,2,TATASTEEL
Tata Steel Ltd.,2016-11-04,0.0,2,0,2,0,TATASTEEL
Tata Steel Ltd.,2016-11-05,0.0,2,0,2,0,TATASTEEL
Tata Steel Ltd.,2016-11-08,1.0,2,2,0,0,TATASTEEL
Tata Steel Ltd.,2016-11-10,-1.0,4,0,0,4,TATASTEEL
Tata Steel Ltd.,2016-11-11,0.0,2,0,2,0,TATASTEEL
Tata Steel Ltd.,2016-11-13,0.0,2,0,2,0,TATASTEEL
Tata Steel Ltd.,2016-11-25,0.0,2,0,2,0,TATASTEEL
Tata Steel Ltd.,2016-11-29,-1.0,4,0,0,4,TATASTEEL
Tata Steel Ltd.,2016-12-07,0.0,4,0,4,0,TATASTEEL
Tata Steel Ltd.,2016-12-08,-1.0,2,0,0,2,TATASTEEL
Tata Steel Ltd.,2016-12-16,-1.0,2,0,0,2,TATASTEEL
Tata Steel Ltd.,2016-12-22,-1.0,2,0,0,2,TATASTEEL
Tata Steel Ltd.,2016-12-23,1.0,2,2,0,0,TATASTEEL
Tata Steel Ltd.,2016-12-27,1.0,2,2,0,0,TATASTEEL
Tata Steel Ltd.,2017-01-14,0.0,2,0,2,0,TATASTEEL
Tata Steel Ltd.,2017-01-25,-1.0,1,0,0,1,TATASTEEL
Tata Steel Ltd.,2017-02-15,0.0,1,0,1,0,TATASTEEL
Tata Steel Ltd.,2017-03-07,0.0,2,0,2,0,TATASTEEL
Tata Steel Ltd.,2017-08-08,0.0,2,0,2,0,TATASTEEL
Tata Steel Ltd.,2017-09-20,-1.0,2,0,0,2,TATASTEEL
Tata Steel Ltd.,2017-09-23,0.0,2,0,2,0,TATASTEEL
Tata Steel Ltd.,2017-10-06,0.0,2,0,2,0,TATASTEEL
Tata Steel Ltd.,2017-11-21,0.0,4,0,4,0,TATASTEEL
Tata Steel Ltd.,2017-11-23,0.0,2,0,2,0,TATASTEEL
Tata Steel Ltd.,2017-12-05,1.0,2,2,0,0,TATASTEEL
Tata Steel Ltd.,2017-12-20,0.0,2,0,2,0,TATASTEEL
Tata Steel Ltd.,2018-02-14,-1.0,2,0,0,2,TATASTEEL
Tata Steel Ltd.,2018-05-24,1.0,2,2,0,0,TATASTEEL
Tata Steel Ltd.,2018-06-13,0.0,2,0,2,0,TATASTEEL
Tata Steel Ltd.,2018-06-28,-1.0,2,0,0,2,TATASTEEL
Tata Steel Ltd.,2018-06-29,0.0,2,0,2,0,TATASTEEL
Tata Steel Ltd.,2018-07-03,-1.0,2,0,0,2,TATASTEEL
Tata Steel Ltd.,2018-07-05,0.0,2,0,2,0,TATASTEEL
Tata Steel Ltd.,2018-07-06,1.0,2,2,0,0,TATASTEEL
Tata Steel Ltd.,2018-07-10,0.0,2,0,2,0,TATASTEEL
Tata Steel Ltd.,2018-07-15,0.0,2,0,2,0,TATASTEEL
Tata Steel Ltd.,2018-07-16,-1.0,2,0,0,2,TATASTEEL
Tata Steel Ltd.,2018-07-17,-1.0,2,0,0,2,TATASTEEL
Tata Steel Ltd.,2018-07-18,0.0,2,0,2,0,TATASTEEL
Tata Steel Ltd.,2018-07-19,1.0,2,2,0,0,TATASTEEL
Tata Steel Ltd.,2018-08-30,0.0,2,0,2,0,TATASTEEL
Tata Steel Ltd.,2018-09-20,0.0,2,0,2,0,TATASTEEL
Tata Steel Ltd.,2018-09-30,0.0,2,0,2,0,TATASTEEL
Tata Steel Ltd.,2018-12-05,0.0,2,0,2,0,TATASTEEL
Tata Steel Ltd.,2019-01-10,0.0,2,0,2,0,TATASTEEL
Tata Steel Ltd.,2019-04-02,0.0,2,0,2,0,TATASTEEL
Tata Steel Ltd.,2019-04-26,0.0,1,0,1,0,TATASTEEL
Tata Steel Ltd.,2019-05-10,0.0,2,0,2,0,TATASTEEL
Tata Steel Ltd.,2019-08-29,-1.0,2,0,0,2,TATASTEEL
Tata Steel Ltd.,2019-09-02,0.0,2,0,2,0,TATASTEEL
Tata Steel Ltd.,2019-09-25,-1.0,2,0,0,2,TATASTEEL
Tata Steel Ltd.,2019-10-11,1.0,2,2,0,0,TATASTEEL
Tata Steel Ltd.,2019-11-11,-1.0,2,0,0,2,TATASTEEL
Tata Steel Ltd.,2019-11-18,0.0,2,0,2,0,TATASTEEL
Tata Steel Ltd.,2019-11-25,0.0,2,0,2,0,TATASTEEL
Tata Steel Ltd.,2020-02-04,0.0,2,0,2,0,TATASTEEL
Tata Steel Ltd.,2020-02-27,-1.0,2,0,0,2,TATASTEEL
Tata Steel Ltd.,2020-05-18,1.0,2,2,0,0,TATASTEEL
Tata Steel Ltd.,2020-06-12,0.0,2,0,2,0,TATASTEEL
Tata Steel Ltd.,2020-06-15,0.0,2,0,2,0,TATASTEEL
Tata Steel Ltd.,2020-06-19,1.0,2,2,0,0,TATASTEEL
Tata Steel Ltd.,2020-07-03,-1.0,2,0,0,2,TATASTEEL
Tata Steel Ltd.,2020-07-09,1.0,2,2,0,0,TATASTEEL
Tata Steel Ltd.,2020-07-21,0.0,2,0,2,0,TATASTEEL
Tata Steel Ltd.,2020-07-22,-1.0,2,0,0,2,TATASTEEL
Tata Steel Ltd.,2020-07-23,1.0,2,2,0,0,TATASTEEL
Tata Steel Ltd.,2020-07-27,1.0,2,2,0,0,TATASTEEL
Tata Steel Ltd.,2020-07-28,-1.0,2,0,0,2,TATASTEEL
Tata Steel Ltd.,2020-08-13,1.0,2,2,0,0,TATASTEEL
Tata Steel Ltd.,2020-09-22,-1.0,2,0,0,2,TATASTEEL
Tata Steel Ltd.,2020-09-29,1.0,2,2,0,0,TATASTEEL
Tata Steel Ltd.,2020-10-15,0.0,2,0,2,0,TATASTEEL
Tata Steel Ltd.,2022-02-02,0.0,1,0,1,0,TATASTEEL
Tata Steel Ltd.,2022-04-20,-1.0,1,0,0,1,TATASTEEL
Tata Steel Ltd.,2022-04-21,-1.0,1,0,0,1,TATASTEEL
Tata Steel Ltd.,2022-08-18,-1.0,1,0,0,1,TATASTEEL
Tata Steel Ltd.,2023-08-02,0.0,2,0,2,0,TATASTEEL
Tata Steel Ltd.,2023-08-30,1.0,2,2,0,0,TATASTEEL
Tata Steel Ltd.,2023-09-06,0.0,2,0,2,0,TATASTEEL
Tata Steel Ltd.,2023-09-18,0.0,4,0,4,0,TATASTEEL
Tata Steel Ltd.,2023-09-25,0.0,2,0,2,0,TATASTEEL
Tata Steel Ltd.,2023-09-26,-1.0,2,0,0,2,TATASTEEL
Tata Steel Ltd.,2023-10-04,0.0,2,0,2,0,TATASTEEL
Tata Steel Ltd.,2023-10-10,0.0,4,0,4,0,TATASTEEL
Tata Steel Ltd.,2023-10-17,0.0,2,0,2,0,TATASTEEL
Tata Steel Ltd.,2023-10-30,-1.0,2,0,0,2,TATASTEEL
Tata Steel Ltd.,2023-10-31,1.0,2,2,0,0,TATASTEEL
Tata Steel Ltd.,2023-11-01,0.0,2,0,2,0,TATASTEEL
Tata Steel Ltd.,2023-11-02,1.0,6,6,0,0,TATASTEEL
Tata Steel Ltd.,2023-11-03,0.0,2,0,2,0,TATASTEEL
Tata Steel Ltd.,2023-11-23,0.0,4,0,4,0,TATASTEEL
Tata Steel Ltd.,2024-05-09,0.0,2,0,2,0,TATASTEEL
Tata Steel Ltd.,2024-05-16,1.0,2,2,0,0,TATASTEEL
Tata Steel Ltd.,2024-05-23,0.0,2,0,2,0,TATASTEEL
Tata Steel Ltd.,2024-06-27,0.0,2,0,2,0,TATASTEEL
Tata Steel Ltd.,2024-07-08,-1.0,2,0,0,2,TATASTEEL
Tata Steel Ltd.,2024-08-01,-1.0,2,0,0,2,TATASTEEL
Tata Steel Ltd.,2024-08-07,1.0,2,2,0,0,TATASTEEL
Tata Steel Ltd.,2024-10-10,-1.0,2,0,0,2,TATASTEEL
Tata Steel Ltd.,2024-11-05,-1.0,1,0,0,1,TATASTEEL
Tata Steel Ltd.,2024-11-08,0.0,2,0,2,0,TATASTEEL
Tata Steel Ltd.,2024-11-25,0.0,2,0,2,0,TATASTEEL
Tata Steel Ltd.,2024-12-10,0.0,2,0,2,0,TATASTEEL
Tech Mahindra Ltd.,2015-06-17,0.0,2,0,2,0,TECHM
Tech Mahindra Ltd.,2015-12-14,0.0,2,0,2,0,TECHM
Tech Mahindra Ltd.,2016-10-31,0.0,2,0,2,0,TECHM
Tech Mahindra Ltd.,2017-01-11,1.0,2,2,0,0,TECHM
Tech Mahindra Ltd.,2017-01-31,1.0,2,2,0,0,TECHM
Tech Mahindra Ltd.,2018-02-20,1.0,2,2,0,0,TECHM
Tech Mahindra Ltd.,2020-04-22,-1.0,2,0,0,2,TECHM
Tech Mahindra Ltd.,2022-07-18,1.0,2,2,0,0,TECHM
Tech Mahindra Ltd.,2023-07-13,1.0,2,2,0,0,TECHM
Tech Mahindra Ltd.,2023-09-21,0.0,2,0,2,0,TECHM
Tech Mahindra Ltd.,2023-10-12,0.0,2,0,2,0,TECHM
Tech Mahindra Ltd.,2023-10-22,0.0,4,0,4,0,TECHM
Tech Mahindra Ltd.,2023-10-25,0.0,4,0,4,0,TECHM
Tech Mahindra Ltd.,2023-10-26,0.0,4,0,4,0,TECHM
Tech Mahindra Ltd.,2023-10-30,0.0,2,0,2,0,TECHM
Tech Mahindra Ltd.,2023-11-02,0.0,2,0,2,0,TECHM
Tech Mahindra Ltd.,2023-11-22,-1.0,2,0,0,2,TECHM
Tech Mahindra Ltd.,2024-10-19,0.0,2,0,2,0,TECHM
Tech Mahindra Ltd.,2024-10-21,1.0,4,4,0,0,TECHM
Tech Mahindra Ltd.,2024-10-28,0.0,2,0,2,0,TECHM
Tech Mahindra Ltd.,2024-12-10,1.0,2,2,0,0,TECHM
Tech Mahindra Ltd.,2024-12-19,1.0,2,2,0,0,TECHM
Tech Mahindra Ltd.,2024-12-20,0.0,2,0,2,0,TECHM
Titan Company Ltd.,2011-09-17,0.0,1,0,1,0,TITAN
Titan Company Ltd.,2012-04-30,1.0,1,1,0,0,TITAN
Titan Company Ltd.,2013-08-09,0.0,1,0,1,0,TITAN
Titan Company Ltd.,2014-09-08,-1.0,1,0,0,1,TITAN
Titan Company Ltd.,2015-05-10,0.0,1,0,1,0,TITAN
Titan Company Ltd.,2016-04-02,0.0,1,0,1,0,TITAN
Titan Company Ltd.,2017-01-11,-1.0,1,0,0,1,TITAN
Titan Company Ltd.,2018-01-17,0.0,1,0,1,0,TITAN
Titan Company Ltd.,2018-05-10,-1.0,1,0,0,1,TITAN
Titan Company Ltd.,2018-05-18,0.0,1,0,1,0,TITAN
Titan Company Ltd.,2020-01-16,0.0,1,0,1,0,TITAN
Titan Company Ltd.,2020-03-25,0.0,1,0,1,0,TITAN
Titan Company Ltd.,2020-10-25,0.0,2,0,2,0,TITAN
Titan Company Ltd.,2020-12-30,0.0,1,0,1,0,TITAN
Titan Company Ltd.,2022-04-06,1.0,1,1,0,0,TITAN
Titan Company Ltd.,2022-04-16,0.0,1,0,1,0,TITAN
Titan Company Ltd.,2022-06-13,0.0,1,0,1,0,TITAN
Titan Company Ltd.,2022-08-07,0.0,1,0,1,0,TITAN
Titan Company Ltd.,2023-01-07,0.0,1,0,1,0,TITAN
Titan Company Ltd.,2023-03-31,1.0,1,1,0,0,TITAN
Titan Company Ltd.,2023-05-17,0.0,2,0,2,0,TITAN
Titan Company Ltd.,2023-06-19,0.0,4,0,4,0,TITAN
Titan Company Ltd.,2023-06-20,0.0,2,0,2,0,TITAN
Titan Company Ltd.,2023-06-21,-1.0,7,0,0,7,TITAN
Titan Company Ltd.,2023-06-22,1.0,3,3,0,0,TITAN
Titan Company Ltd.,2023-06-23,0.0,1,0,1,0,TITAN
Titan Company Ltd.,2023-06-24,0.0,1,0,1,0,TITAN
Titan Company Ltd.,2023-06-26,1.0,1,1,0,0,TITAN
Titan Company Ltd.,2023-06-28,0.0,1,0,1,0,TITAN
Titan Company Ltd.,2023-07-06,-1.0,1,0,0,1,TITAN
Titan Company Ltd.,2023-07-09,0.0,1,0,1,0,TITAN
Titan Company Ltd.,2023-07-26,0.0,2,0,2,0,TITAN
Titan Company Ltd.,2023-08-17,0.0,2,0,2,0,TITAN
Titan Company Ltd.,2023-09-13,0.0,2,0,2,0,TITAN
Titan Company Ltd.,2023-09-21,0.0,2,0,2,0,TITAN
Titan Company Ltd.,2023-10-03,1.0,3,3,0,0,TITAN
Titan Company Ltd.,2023-10-08,0.0,2,0,2,0,TITAN
Titan Company Ltd.,2023-10-11,0.0,3,0,3,0,TITAN
Titan Company Ltd.,2023-10-26,0.0,1,0,1,0,TITAN
Titan Company Ltd.,2023-10-31,0.0,1,0,1,0,TITAN
Titan Company Ltd.,2023-11-03,0.0,2,0,2,0,TITAN
Titan Company Ltd.,2023-11-06,1.0,4,4,0,0,TITAN
Titan Company Ltd.,2023-11-07,0.0,2,0,2,0,TITAN
Titan Company Ltd.,2023-11-16,0.0,1,0,1,0,TITAN
Titan Company Ltd.,2023-11-21,0.0,4,0,4,0,TITAN
Titan Company Ltd.,2024-01-06,0.0,1,0,1,0,TITAN
Titan Company Ltd.,2024-03-17,0.0,1,0,1,0,TITAN
Titan Company Ltd.,2024-03-25,0.0,2,0,2,0,TITAN
Titan Company Ltd.,2024-05-07,0.0,1,0,1,0,TITAN
Titan Company Ltd.,2024-07-02,0.0,1,0,1,0,TITAN
Titan Company Ltd.,2024-07-03,-1.0,1,0,0,1,TITAN
Titan Company Ltd.,2024-07-09,0.0,2,0,2,0,TITAN
Titan Company Ltd.,2024-08-03,0.0,1,0,1,0,TITAN
Titan Company Ltd.,2024-08-07,1.0,1,1,0,0,TITAN
Titan Company Ltd.,2024-08-16,0.0,1,0,1,0,TITAN
Titan Company Ltd.,2024-08-19,1.0,1,1,0,0,TITAN
Titan Company Ltd.,2024-08-23,-1.0,1,0,0,1,TITAN
Titan Company Ltd.,2024-08-24,0.0,1,0,1,0,TITAN
Titan Company Ltd.,2024-09-03,1.0,1,1,0,0,TITAN
Titan Company Ltd.,2024-09-13,0.0,1,0,1,0,TITAN
Titan Company Ltd.,2024-09-16,-1.0,1,0,0,1,TITAN
Titan Company Ltd.,2024-09-17,1.0,1,1,0,0,TITAN
Titan Company Ltd.,2024-09-20,0.0,1,0,1,0,TITAN
Titan Company Ltd.,2024-09-27,-1.0,1,0,0,1,TITAN
Titan Company Ltd.,2024-10-04,-1.0,1,0,0,1,TITAN
Titan Company Ltd.,2024-10-15,-1.0,1,0,0,1,TITAN
Titan Company Ltd.,2024-10-25,0.0,3,0,3,0,TITAN
Titan Company Ltd.,2024-10-28,0.0,1,0,1,0,TITAN
Titan Company Ltd.,2024-10-29,-1.0,3,0,0,3,TITAN
Titan Company Ltd.,2024-10-30,0.0,3,0,3,0,TITAN
Titan Company Ltd.,2024-10-31,-1.0,4,0,0,4,TITAN
Titan Company Ltd.,2024-11-01,0.0,3,0,3,0,TITAN
Titan Company Ltd.,2024-11-04,-1.0,18,0,0,18,TITAN
Titan Company Ltd.,2024-11-05,-1.0,7,0,0,7,TITAN
Titan Company Ltd.,2024-11-06,1.0,5,5,0,0,TITAN
Titan Company Ltd.,2024-11-07,0.0,4,0,4,0,TITAN
Titan Company Ltd.,2024-11-08,0.0,5,0,5,0,TITAN
Titan Company Ltd.,2024-11-09,0.0,2,0,2,0,TITAN
Titan Company Ltd.,2024-11-10,0.0,1,0,1,0,TITAN
Titan Company Ltd.,2024-11-11,0.0,2,0,2,0,TITAN
Titan Company Ltd.,2024-11-12,0.0,8,0,8,0,TITAN
Titan Company Ltd.,2024-11-13,0.0,5,0,5,0,TITAN
Titan Company Ltd.,2024-11-14,1.0,2,2,0,0,TITAN
Titan Company Ltd.,2024-11-15,0.8,5,4,1,0,TITAN
Titan Company Ltd.,2024-11-16,1.0,3,3,0,0,TITAN
Titan Company Ltd.,2024-11-17,0.0,1,0,1,0,TITAN
Titan Company Ltd.,2024-11-18,-1.0,3,0,0,3,TITAN
Titan Company Ltd.,2024-11-19,1.0,3,3,0,0,TITAN
Titan Company Ltd.,2024-11-20,1.0,6,6,0,0,TITAN
Titan Company Ltd.,2024-11-21,0.0,3,0,3,0,TITAN
Titan Company Ltd.,2024-11-22,0.0,4,0,4,0,TITAN
Titan Company Ltd.,2024-11-23,0.0,2,0,2,0,TITAN
Trent Ltd.,2009-06-18,0.0,1,0,1,0,TRENT
Trent Ltd.,2009-08-06,0.0,1,0,1,0,TRENT
Trent Ltd.,2010-01-11,0.0,1,0,1,0,TRENT
Trent Ltd.,2010-11-04,0.0,1,0,1,0,TRENT
Trent Ltd.,2010-11-08,0.0,1,0,1,0,TRENT
Trent Ltd.,2011-01-20,0.0,1,0,1,0,TRENT
Trent Ltd.,2011-02-10,0.0,1,0,1,0,TRENT
Trent Ltd.,2012-02-06,0.0,1,0,1,0,TRENT
Trent Ltd.,2012-04-10,0.0,1,0,1,0,TRENT
Trent Ltd.,2012-06-20,0.0,6,0,6,0,TRENT
Trent Ltd.,2013-05-14,0.0,4,0,4,0,TRENT
Trent Ltd.,2013-05-15,0.0,4,0,4,0,TRENT
Trent Ltd.,2013-06-10,0.0,4,0,4,0,TRENT
Trent Ltd.,2013-06-12,0.0,7,0,7,0,TRENT
Trent Ltd.,2013-06-14,0.0,1,0,1,0,TRENT
Trent Ltd.,2014-03-23,0.0,1,0,1,0,TRENT
Trent Ltd.,2014-08-10,0.0,1,0,1,0,TRENT
Trent Ltd.,2014-10-02,0.0,1,0,1,0,TRENT
Trent Ltd.,2015-04-21,0.0,1,0,1,0,TRENT
Trent Ltd.,2015-06-12,0.0,1,0,1,0,TRENT
Trent Ltd.,2016-04-22,0.0,1,0,1,0,TRENT
Trent Ltd.,2016-05-12,0.0,1,0,1,0,TRENT
Trent Ltd.,2016-08-26,0.0,1,0,1,0,TRENT
Trent Ltd.,2017-02-03,0.0,1,0,1,0,TRENT
Trent Ltd.,2017-06-26,0.0,1,0,1,0,TRENT
Trent Ltd.,2017-08-26,0.0,1,0,1,0,TRENT
Trent Ltd.,2017-09-05,0.0,1,0,1,0,TRENT
Trent Ltd.,2018-02-09,0.0,1,0,1,0,TRENT
Trent Ltd.,2018-03-09,0.0,1,0,1,0,TRENT
Trent Ltd.,2018-05-10,0.0,1,0,1,0,TRENT
Trent Ltd.,2018-08-24,0.0,1,0,1,0,TRENT
Trent Ltd.,2019-01-17,0.0,1,0,1,0,TRENT
Trent Ltd.,2019-04-02,0.0,1,0,1,0,TRENT
Trent Ltd.,2019-10-31,0.0,1,0,1,0,TRENT
Trent Ltd.,2019-11-30,0.0,1,0,1,0,TRENT
Trent Ltd.,2020-02-19,0.0,1,0,1,0,TRENT
Trent Ltd.,2020-02-29,0.0,2,0,2,0,TRENT
Trent Ltd.,2020-10-07,0.0,1,0,1,0,TRENT
Trent Ltd.,2020-11-24,0.0,1,0,1,0,TRENT
Trent Ltd.,2021-01-22,0.0,1,0,1,0,TRENT
Trent Ltd.,2021-02-21,0.0,1,0,1,0,TRENT
Trent Ltd.,2021-04-08,0.0,1,0,1,0,TRENT
Trent Ltd.,2021-05-20,0.0,1,0,1,0,TRENT
Trent Ltd.,2021-11-09,0.0,1,0,1,0,TRENT
Trent Ltd.,2022-02-16,0.0,1,0,1,0,TRENT
Trent Ltd.,2023-01-19,0.0,1,0,1,0,TRENT
Trent Ltd.,2023-01-20,0.0,1,0,1,0,TRENT
Trent Ltd.,2023-02-03,0.0,1,0,1,0,TRENT
Trent Ltd.,2023-03-29,0.0,1,0,1,0,TRENT
Trent Ltd.,2023-08-19,0.0,1,0,1,0,TRENT
Trent Ltd.,2023-09-19,0.0,1,0,1,0,TRENT
Trent Ltd.,2023-11-07,0.0,2,0,2,0,TRENT
Trent Ltd.,2023-11-08,0.0,2,0,2,0,TRENT
Trent Ltd.,2023-12-10,0.0,1,0,1,0,TRENT
Trent Ltd.,2023-12-24,0.0,2,0,2,0,TRENT
Trent Ltd.,2024-02-09,0.0,1,0,1,0,TRENT
Trent Ltd.,2024-03-04,0.0,1,0,1,0,TRENT
Trent Ltd.,2024-10-25,0.0,2,0,2,0,TRENT
Trent Ltd.,2024-10-26,0.0,9,0,9,0,TRENT
Trent Ltd.,2024-10-27,0.0,3,0,3,0,TRENT
Trent Ltd.,2024-10-28,0.0,2,0,2,0,TRENT
Trent Ltd.,2024-10-29,0.0,4,0,4,0,TRENT
Trent Ltd.,2024-10-30,0.0,4,0,4,0,TRENT
Trent Ltd.,2024-10-31,0.0,2,0,2,0,TRENT
Trent Ltd.,2024-11-01,0.0,1,0,1,0,TRENT
Trent Ltd.,2024-11-02,0.0,3,0,3,0,TRENT
Trent Ltd.,2024-11-03,0.0,4,0,4,0,TRENT
Trent Ltd.,2024-11-04,0.0,1,0,1,0,TRENT
Trent Ltd.,2024-11-05,0.0,3,0,3,0,TRENT
Trent Ltd.,2024-11-06,0.0,1,0,1,0,TRENT
Trent Ltd.,2024-11-07,0.0,2,0,2,0,TRENT
Trent Ltd.,2024-11-08,0.0,7,0,7,0,TRENT
Trent Ltd.,2024-11-09,0.0,2,0,2,0,TRENT
Trent Ltd.,2024-11-10,0.0,2,0,2,0,TRENT
Trent Ltd.,2024-11-11,0.0,6,0,6,0,TRENT
Trent Ltd.,2024-11-12,0.0,2,0,2,0,TRENT
Trent Ltd.,2024-11-13,0.0,3,0,3,0,TRENT
Trent Ltd.,2024-11-14,0.0,4,0,4,0,TRENT
Trent Ltd.,2024-11-15,0.0,2,0,2,0,TRENT
Trent Ltd.,2024-11-16,0.0,1,0,1,0,TRENT
Trent Ltd.,2024-11-17,0.0,3,0,3,0,TRENT
Trent Ltd.,2024-11-18,0.0,3,0,3,0,TRENT
Trent Ltd.,2024-11-19,0.0,4,0,4,0,TRENT
Trent Ltd.,2024-11-20,0.0,8,0,8,0,TRENT
Trent Ltd.,2024-11-21,0.0,8,0,8,0,TRENT
Trent Ltd.,2024-11-22,0.0,5,0,5,0,TRENT
UltraTech Cement Ltd.,2009-11-16,1.0,1,1,0,0,ULTRACEMCO
UltraTech Cement Ltd.,2016-11-09,-1.0,2,0,0,2,ULTRACEMCO
UltraTech Cement Ltd.,2016-12-11,0.0,2,0,2,0,ULTRACEMCO
UltraTech Cement Ltd.,2018-01-17,-1.0,2,0,0,2,ULTRACEMCO
UltraTech Cement Ltd.,2018-06-26,-1.0,1,0,0,1,ULTRACEMCO
UltraTech Cement Ltd.,2019-03-29,0.0,1,0,1,0,ULTRACEMCO
UltraTech Cement Ltd.,2019-06-09,0.0,1,0,1,0,ULTRACEMCO
UltraTech Cement Ltd.,2023-06-20,0.0,2,0,2,0,ULTRACEMCO
UltraTech Cement Ltd.,2023-09-20,-1.0,2,0,0,2,ULTRACEMCO
UltraTech Cement Ltd.,2023-09-21,0.0,2,0,2,0,ULTRACEMCO
UltraTech Cement Ltd.,2023-10-04,0.0,2,0,2,0,ULTRACEMCO
UltraTech Cement Ltd.,2023-10-19,-1.0,2,0,0,2,ULTRACEMCO
UltraTech Cement Ltd.,2023-10-30,0.0,2,0,2,0,ULTRACEMCO
UltraTech Cement Ltd.,2023-10-31,0.0,2,0,2,0,ULTRACEMCO
UltraTech Cement Ltd.,2023-11-14,0.0,2,0,2,0,ULTRACEMCO
UltraTech Cement Ltd.,2023-11-20,0.0,2,0,2,0,ULTRACEMCO
UltraTech Cement Ltd.,2023-11-23,1.0,2,2,0,0,ULTRACEMCO
UltraTech Cement Ltd.,2024-04-18,1.0,2,2,0,0,ULTRACEMCO
UltraTech Cement Ltd.,2024-04-30,-1.0,2,0,0,2,ULTRACEMCO
UltraTech Cement Ltd.,2024-06-18,0.0,2,0,2,0,ULTRACEMCO
UltraTech Cement Ltd.,2024-06-21,0.0,2,0,2,0,ULTRACEMCO
UltraTech Cement Ltd.,2024-06-26,0.0,2,0,2,0,ULTRACEMCO
UltraTech Cement Ltd.,2024-06-28,0.0,2,0,2,0,ULTRACEMCO
UltraTech Cement Ltd.,2024-07-01,0.0,2,0,2,0,ULTRACEMCO
UltraTech Cement Ltd.,2024-07-15,0.0,2,0,2,0,ULTRACEMCO
UltraTech Cement Ltd.,2024-07-22,0.0,2,0,2,0,ULTRACEMCO
UltraTech Cement Ltd.,2024-08-12,-1.0,2,0,0,2,ULTRACEMCO
UltraTech Cement Ltd.,2024-08-14,0.0,2,0,2,0,ULTRACEMCO
UltraTech Cement Ltd.,2024-10-21,0.0,2,0,2,0,ULTRACEMCO
UltraTech Cement Ltd.,2024-10-22,1.0,4,4,0,0,ULTRACEMCO
UltraTech Cement Ltd.,2024-10-25,0.0,4,0,4,0,ULTRACEMCO
UltraTech Cement Ltd.,2024-10-27,0.0,2,0,2,0,ULTRACEMCO
UltraTech Cement Ltd.,2024-10-28,0.0,1,0,1,0,ULTRACEMCO
UltraTech Cement Ltd.,2024-10-29,-1.0,2,0,0,2,ULTRACEMCO
UltraTech Cement Ltd.,2024-10-30,0.0,3,0,3,0,ULTRACEMCO
UltraTech Cement Ltd.,2024-11-01,1.0,1,1,0,0,ULTRACEMCO
UltraTech Cement Ltd.,2024-11-03,1.0,1,1,0,0,ULTRACEMCO
UltraTech Cement Ltd.,2024-11-04,0.0,1,0,1,0,ULTRACEMCO
UltraTech Cement Ltd.,2024-11-05,-1.0,2,0,0,2,ULTRACEMCO
UltraTech Cement Ltd.,2024-11-06,0.0,1,0,1,0,ULTRACEMCO
UltraTech Cement Ltd.,2024-11-07,0.0,4,0,4,0,ULTRACEMCO
UltraTech Cement Ltd.,2024-11-08,0.0,5,0,5,0,ULTRACEMCO
UltraTech Cement Ltd.,2024-11-11,-1.0,3,0,0,3,ULTRACEMCO
UltraTech Cement Ltd.,2024-11-12,0.0,3,0,3,0,ULTRACEMCO
UltraTech Cement Ltd.,2024-11-13,0.0,3,0,3,0,ULTRACEMCO
UltraTech Cement Ltd.,2024-11-14,1.0,4,4,0,0,ULTRACEMCO
UltraTech Cement Ltd.,2024-11-15,1.0,1,1,0,0,ULTRACEMCO
UltraTech Cement Ltd.,2024-11-16,1.0,2,2,0,0,ULTRACEMCO
UltraTech Cement Ltd.,2024-11-18,1.0,3,3,0,0,ULTRACEMCO
UltraTech Cement Ltd.,2024-11-19,1.0,2,2,0,0,ULTRACEMCO
UltraTech Cement Ltd.,2024-11-20,1.0,1,1,0,0,ULTRACEMCO
UltraTech Cement Ltd.,2024-11-21,0.0,5,0,5,0,ULTRACEMCO
UltraTech Cement Ltd.,2024-11-22,0.0,2,0,2,0,ULTRACEMCO
Wipro Ltd.,2016-05-02,0.0,1,0,1,0,WIPRO
Wipro Ltd.,2017-06-12,-1.0,2,0,0,2,WIPRO
Wipro Ltd.,2017-06-28,0.0,2,0,2,0,WIPRO
Wipro Ltd.,2017-11-21,0.0,2,0,2,0,WIPRO
Wipro Ltd.,2017-12-01,-1.0,2,0,0,2,WIPRO
Wipro Ltd.,2018-05-07,0.0,2,0,2,0,WIPRO
Wipro Ltd.,2018-09-19,0.0,2,0,2,0,WIPRO
Wipro Ltd.,2019-06-27,0.0,2,0,2,0,WIPRO
Wipro Ltd.,2020-01-13,-1.0,2,0,0,2,WIPRO
Wipro Ltd.,2020-05-29,0.0,1,0,1,0,WIPRO
Wipro Ltd.,2020-06-25,-1.0,2,0,0,2,WIPRO
Wipro Ltd.,2020-07-21,0.0,2,0,2,0,WIPRO
Wipro Ltd.,2023-02-15,0.0,2,0,2,0,WIPRO
Wipro Ltd.,2023-06-15,0.0,2,0,2,0,WIPRO
Wipro Ltd.,2023-07-13,1.0,2,2,0,0,WIPRO
Wipro Ltd.,2023-09-25,0.0,4,0,4,0,WIPRO
Wipro Ltd.,2023-09-28,0.0,2,0,2,0,WIPRO
Wipro Ltd.,2023-10-10,0.0,2,0,2,0,WIPRO
Wipro Ltd.,2023-10-11,-1.0,2,0,0,2,WIPRO
Wipro Ltd.,2023-10-12,0.0,2,0,2,0,WIPRO
Wipro Ltd.,2023-10-18,0.0,4,0,4,0,WIPRO
Wipro Ltd.,2023-10-19,-1.0,4,0,0,4,WIPRO
Wipro Ltd.,2023-11-16,1.0,2,2,0,0,WIPRO
Wipro Ltd.,2023-11-21,0.0,2,0,2,0,WIPRO
Wipro Ltd.,2023-11-24,1.0,2,2,0,0,WIPRO
Wipro Ltd.,2024-01-07,0.0,2,0,2,0,WIPRO
Wipro Ltd.,2024-01-08,0.0,2,0,2,0,WIPRO
Wipro Ltd.,2024-01-15,0.0,2,0,2,0,WIPRO
Wipro Ltd.,2024-05-05,0.0,2,0,2,0,WIPRO
Wipro Ltd.,2024-05-10,0.0,2,0,2,0,WIPRO
Wipro Ltd.,2024-07-01,0.0,4,0,4,0,WIPRO
Wipro Ltd.,2024-07-02,-1.0,4,0,0,4,WIPRO
Wipro Ltd.,2024-07-22,0.0,2,0,2,0,WIPRO
Wipro Ltd.,2024-10-25,0.0,10,0,10,0,WIPRO
Wipro Ltd.,2024-10-26,0.0,2,0,2,0,WIPRO
Wipro Ltd.,2024-10-28,0.0,7,0,7,0,WIPRO
Wipro Ltd.,2024-10-29,-1.0,14,0,0,14,WIPRO
Wipro Ltd.,2024-10-30,0.0,8,0,8,0,WIPRO
Wipro Ltd.,2024-10-31,-1.0,15,0,0,15,WIPRO
Wipro Ltd.,2024-11-01,0.0,3,0,3,0,WIPRO
Wipro Ltd.,2024-11-02,0.0,1,0,1,0,WIPRO
Wipro Ltd.,2024-11-04,1.0,1,1,0,0,WIPRO
Wipro Ltd.,2024-11-06,0.0,1,0,1,0,WIPRO
Wipro Ltd.,2024-11-07,0.0,5,0,5,0,WIPRO
Wipro Ltd.,2024-11-08,0.0,4,0,4,0,WIPRO
Wipro Ltd.,2024-11-09,0.0,1,0,1,0,WIPRO
Wipro Ltd.,2024-11-11,0.0,2,0,2,0,WIPRO
Wipro Ltd.,2024-11-12,0.0,4,0,4,0,WIPRO
Wipro Ltd.,2024-11-13,-1.0,4,0,0,4,WIPRO
Wipro Ltd.,2024-11-18,0.0,3,0,3,0,WIPRO
Wipro Ltd.,2024-11-19,1.0,5,5,0,0,WIPRO
Wipro Ltd.,2024-11-20,1.0,2,2,0,0,WIPRO
Wipro Ltd.,2024-11-21,0.0,6,0,6,0,WIPRO
Wipro Ltd.,2024-11-22,0.0,1,0,1,0,WIPRO
Wipro Ltd.,2024-11-24,0.0,1,0,1,0,WIPRO
